2026-04-21 18:32:46,890 DEBUG [WB_to_MX.lambda$run_gui_mode$0] Arguments: [-mx_timeout, -1, -pack, assets/MotorControlPack/MotorControl.zip, -exp, templates/wb-defines_where_and_what.txt, -ftl, templates/wb_ioc_template.ftl, -xdm, C:\Users\vexas\.st_workbench\projects\BrushlessMoCo_2026Rev1\BrushlessMoCo_2026Rev1.wbdef, -ioc, C:\Users\vexas\.st_workbench\projects\BrushlessMoCo_2026Rev1\BrushlessMoCo_2026Rev1.ioc]
2026-04-21 18:32:46,901 DEBUG [ArgsValue.lambda$retrieve$2] CLI_ARG[ftl]: templates/wb_ioc_template.ftl
2026-04-21 18:32:46,903 DEBUG [ArgsValue.lambda$retrieve$2] CLI_ARG[exp]: templates/wb-defines_where_and_what.txt
2026-04-21 18:32:46,906 DEBUG [ArgsValue.lambda$retrieve$2] CLI_ARG[xdm]: C:\Users\vexas\.st_workbench\projects\BrushlessMoCo_2026Rev1\BrushlessMoCo_2026Rev1.wbdef
2026-04-21 18:32:46,907 DEBUG [ArgsValue.lambda$retrieve$2] CLI_ARG[ioc]: C:\Users\vexas\.st_workbench\projects\BrushlessMoCo_2026Rev1\BrushlessMoCo_2026Rev1.ioc
2026-04-21 18:32:46,908 DEBUG [ArgsValue.lambda$retrieve$2] CLI_ARG[pack]: assets/MotorControlPack/MotorControl.zip
2026-04-21 18:32:46,909 DEBUG [ArgsValue.lambda$retrieve$2] CLI_ARG[mx_timeout]: -1
2026-04-21 18:32:46,910 DEBUG [ArgsValue.retrieve] {xdm=C:\Users\vexas\.st_workbench\projects\BrushlessMoCo_2026Rev1\BrushlessMoCo_2026Rev1.wbdef, updftl=templates/wb_ioc_mc-middleware.ftl, mx_timeout=-1, exp=templates/wb-defines_where_and_what.txt, ioc=C:\Users\vexas\.st_workbench\projects\BrushlessMoCo_2026Rev1\BrushlessMoCo_2026Rev1.ioc, pack=assets/MotorControlPack/MotorControl.zip, ftl=templates/wb_ioc_template.ftl}
2026-04-21 18:32:47,067 DEBUG [WB_to_MX.run] Targeted MCU family = G4
2026-04-21 18:32:47,110 DEBUG [WB_to_MX.run] Minimum associated CubeMx to the `6.0.0-a0` targeted MCU family is `G4`
2026-04-21 18:33:06,796 DEBUG [EnvironmentChecker.checkPack] STM32CubeMX.Version: 6.16.1-RC2
2026-04-21 18:33:06,815 DEBUG [RetrieveFirmwareVersion.from_zip] Trying to read Firmware version from zipped version Pack: C:\Program Files (x86)\STMicroelectronics\MC_SDK_6.4.1\Utilities\PC_Software\STMCWB\assets\MotorControlPack\MotorControl.zip
2026-04-21 18:33:07,092 DEBUG [RetrieveFirmwareVersion.minimum_supporte_version] minimum_supporte_version MotorControlFirmware.Version: 6.4.1-RC1-Full
2026-04-21 18:33:07,096 DEBUG [PackInfoFactory.deploy_MCPack_to_MxRepo] Deployment strategy class: VersionedFolderStyle_MCPackDeployer
2026-04-21 18:33:07,098 DEBUG [PackInfoFactory.deploy_MCPack_to_MxRepo] Expected MC Pack 6.4.1-Full already deployed
2026-04-21 18:33:07,234 DEBUG [DataSetUpdater.update] Updating data set
2026-04-21 18:33:07,236 DEBUG [DataSetUpdater.update] Update done
2026-04-21 18:33:07,238 INFO  [IocGenerator.logModulesVersionInfo] Version info: 
2026-04-21 18:33:07,264 INFO  [IocGenerator.logModulesVersionInfo]   MC Workbench       : 6.4.1
2026-04-21 18:33:07,266 INFO  [IocGenerator.logModulesVersionInfo]   WB_to_Mx           : 6.4.1-RC1-Full.template-25-05-06
2026-04-21 18:33:07,269 INFO  [IocGenerator.logModulesVersionInfo]   STM32CubeMX        : 6.16.1
2026-04-21 18:33:07,270 INFO  [IocGenerator.logModulesVersionInfo]   MC Firmware Library: 6.4.1-Full
2026-04-21 18:33:07,271 INFO  [IocGenerator.logModulesVersionInfo] 
Generation options: 
2026-04-21 18:33:07,274 INFO  [IocGenerator.logModulesVersionInfo]   Target Toolchain   : CMake
2026-04-21 18:33:07,275 INFO  [IocGenerator.logModulesVersionInfo]   Target Driver      : HAL - Hardware Abstraction Layer
2026-04-21 18:33:07,275 INFO  [IocGenerator.logModulesVersionInfo]   Target STM32 FW    : 1.6.1

2026-04-21 18:33:07,279 DEBUG [IocGenerator.process] C:\Users\vexas\.st_workbench\projects\BrushlessMoCo_2026Rev1\BrushlessMoCo_2026Rev1.ioc ioc file: Generating
2026-04-21 18:33:07,280 DEBUG [IocGenerator.createOutput] Generating file from template templates\wb_ioc_template.ftl
2026-04-21 18:33:11,792 DEBUG [IocGenerator.process] ioc file C:\Users\vexas\.st_workbench\projects\BrushlessMoCo_2026Rev1\BrushlessMoCo_2026Rev1.ioc Generated
2026-04-21 18:33:11,823 INFO  [LineInfo_to_exitCode.log_LineInfo] C:\Users\vexas\.st_workbench\projects\BrushlessMoCo_2026Rev1\BrushlessMoCo_2026Rev1.ioc ioc: Generated
2026-04-21 18:33:11,992 INFO  [Wb2MxProcess.lambda$copyFolder$e7a869af$1] Folder Copied: C:\Users\vexas\.st_workbench\projects\BrushlessMoCo_2026Rev1\ftl
2026-04-21 18:33:12,265 INFO  [extSettings.lambda$writeContentToFile$f5919002$1] Generated C:\Users\vexas\.st_workbench\projects\BrushlessMoCo_2026Rev1\.extSettings
2026-04-21 18:33:12,294 INFO  [Wb2MxProcess.lambda$run$$19] 
Started STM32CubeMX for final c-code generation
2026-04-21 18:33:12,360 DEBUG [CubeMxRunner.create_code_generation_script_for] Generated CubeMx script file: C:\Users\vexas\AppData\Local\Temp\WB_to_Mx-brushlessmocorev-17772943596742333282.script
2026-04-21 18:33:16,099 DEBUG [LineInfo_to_exitCode.log_LineInfo] 2026-04-21 18:33:16,086 [INFO] MicroXplorer:98 - [MX] MX Start == 3081051637541
2026-04-21 18:33:16,105 DEBUG [LineInfo_to_exitCode.log_LineInfo] 2026-04-21 18:33:16,095 [INFO] MicroXplorer:653 - Detected Java Version = 21.0.8
2026-04-21 18:33:16,106 DEBUG [LineInfo_to_exitCode.log_LineInfo] 2026-04-21 18:33:16,099 [INFO] ApplicationProperties:184 - Using Application install path: C:\Users\vexas\AppData\Local\Programs\STM32CubeMX
2026-04-21 18:33:16,136 DEBUG [LineInfo_to_exitCode.log_LineInfo] 2026-04-21 18:33:16,135 [INFO] DbMcusXml:78 - Set database path to: C:\Users\vexas\AppData\Local\Programs\STM32CubeMX\\db\/mcu/
2026-04-21 18:33:16,137 DEBUG [LineInfo_to_exitCode.log_LineInfo] 2026-04-21 18:33:16,136 [INFO] ApiDb:274 - Set plugin database path to: C:\Users\vexas\AppData\Local\Programs\STM32CubeMX\\db\/plugins/boardmanager/
2026-04-21 18:33:16,154 DEBUG [LineInfo_to_exitCode.log_LineInfo] 2026-04-21 18:33:16,153 [INFO] McuFinderGlobals:63 - Set McuFinder mode to 1 (CubeMX integrated)
2026-04-21 18:33:16,228 DEBUG [LineInfo_to_exitCode.log_LineInfo] 2026-04-21 18:33:16,227 [INFO] ApiDb:250 - Set database path to: C:\Users\vexas\.stmcufinder\plugins\mcufinder//mcu/
2026-04-21 18:33:16,232 DEBUG [LineInfo_to_exitCode.log_LineInfo] 2026-04-21 18:33:16,232 [INFO] DbMcusAds:125 - Set database path to: C:\Users\vexas\.stmcufinder\plugins\mcufinder//mcu/
2026-04-21 18:33:16,394 DEBUG [LineInfo_to_exitCode.log_LineInfo] 2026-04-21 18:33:16,392 [INFO] CrossReferenceDbSqlite:203 - Set database path to: C:\Users\vexas\.stmcufinder\plugins\mcufinder//mcu/cs/
2026-04-21 18:33:16,951 DEBUG [LineInfo_to_exitCode.log_LineInfo] 2026-04-21 18:33:16,950 [INFO] RulesReader:64 - Compatibility file has been processed (318 Rules)
2026-04-21 18:33:17,034 DEBUG [LineInfo_to_exitCode.log_LineInfo] 2026-04-21 18:33:17,034 [INFO] STM32CubeMX:60 - Starting STM32CubeMX
2026-04-21 18:33:17,684 DEBUG [LineInfo_to_exitCode.log_LineInfo] 2026-04-21 18:33:17,683 [INFO] MainPanel:281 - HeapMemory: 41943040
2026-04-21 18:33:17,830 DEBUG [LineInfo_to_exitCode.log_LineInfo] 2026-04-21 18:33:17,829 [INFO] MainFrame:145 - AppUserModelID : STM32CubeMX.6.16.1-RC2
2026-04-21 18:33:18,215 DEBUG [LineInfo_to_exitCode.log_LineInfo] 2026-04-21 18:33:18,214 [INFO] DbMcusXml:78 - Set database path to: C:\Users\vexas\AppData\Local\Programs\STM32CubeMX\\db\/mcu/
2026-04-21 18:33:18,216 DEBUG [LineInfo_to_exitCode.log_LineInfo] 2026-04-21 18:33:18,215 [INFO] ApiDb:274 - Set plugin database path to: C:\Users\vexas\AppData\Local\Programs\STM32CubeMX\\db\/plugins/boardmanager/
2026-04-21 18:33:18,217 DEBUG [LineInfo_to_exitCode.log_LineInfo] 2026-04-21 18:33:18,216 [INFO] ApiDb:261 - Set plugin images path to: C:\Users\vexas\AppData\Local\Programs\STM32CubeMX\\db\/plugins/mcufinder/images/
2026-04-21 18:33:18,219 DEBUG [LineInfo_to_exitCode.log_LineInfo] 2026-04-21 18:33:18,219 [INFO] ApiDb:250 - Set database path to: C:\Users\vexas\.stmcufinder\plugins\mcufinder//mcu/
2026-04-21 18:33:18,220 DEBUG [LineInfo_to_exitCode.log_LineInfo] 2026-04-21 18:33:18,220 [INFO] DbMcusAds:125 - Set database path to: C:\Users\vexas\.stmcufinder\plugins\mcufinder//mcu/
2026-04-21 18:33:18,224 DEBUG [LineInfo_to_exitCode.log_LineInfo] 2026-04-21 18:33:18,224 [INFO] CrossReferenceDbSqlite:203 - Set database path to: C:\Users\vexas\.stmcufinder\plugins\mcufinder//mcu/cs/
2026-04-21 18:33:18,274 DEBUG [LineInfo_to_exitCode.log_LineInfo] 2026-04-21 18:33:18,273 [INFO] ApplicationProperties:184 - Using Application install path: C:\Users\vexas\AppData\Local\Programs\STM32CubeMX
2026-04-21 18:33:18,279 DEBUG [LineInfo_to_exitCode.log_LineInfo] 2026-04-21 18:33:18,278 [INFO] PluginManage:196 - Search for loadable plugins [exclusion list=, ]
2026-04-21 18:33:18,284 DEBUG [LineInfo_to_exitCode.log_LineInfo] 2026-04-21 18:33:18,283 [INFO] PluginManage:310 - Check plugin analytics
2026-04-21 18:33:31,143 DEBUG [LineInfo_to_exitCode.log_LineInfo] 2026-04-21 18:33:31,140 [INFO] AnalyticsPlugin:253 - Accepted Software Licenses: STM32CubeMX.6.16.1
2026-04-21 18:33:31,144 DEBUG [LineInfo_to_exitCode.log_LineInfo] 2026-04-21 18:33:31,144 [INFO] AnalyticsPlugin:255 - Accepted CMSIS Pack Licenses: 
2026-04-21 18:33:31,145 DEBUG [LineInfo_to_exitCode.log_LineInfo] 2026-04-21 18:33:31,145 [INFO] AnalyticsPlugin:257 - Accepted Firmware Licenses: FW.G4.1.6.0
2026-04-21 18:33:31,162 DEBUG [LineInfo_to_exitCode.log_LineInfo] 2026-04-21 18:33:31,161 [INFO] PluginManage:359 - Loaded plugin analytics (category:tool,tabindex:-1)
2026-04-21 18:33:31,163 DEBUG [LineInfo_to_exitCode.log_LineInfo] 2026-04-21 18:33:31,162 [INFO] PluginManage:310 - Check plugin cadmodel
2026-04-21 18:33:31,261 DEBUG [LineInfo_to_exitCode.log_LineInfo] 2026-04-21 18:33:31,260 [INFO] CADModel:105 - Init CAD model plugin
2026-04-21 18:33:31,262 DEBUG [LineInfo_to_exitCode.log_LineInfo] 2026-04-21 18:33:31,261 [INFO] PluginManage:359 - Loaded plugin cadmodel (category:power,tabindex:5)
2026-04-21 18:33:31,264 DEBUG [LineInfo_to_exitCode.log_LineInfo] 2026-04-21 18:33:31,263 [INFO] PluginManage:310 - Check plugin clock
2026-04-21 18:33:31,302 DEBUG [LineInfo_to_exitCode.log_LineInfo] 2026-04-21 18:33:31,301 [INFO] PluginManage:359 - Loaded plugin clock (category:base,tabindex:2)
2026-04-21 18:33:31,303 DEBUG [LineInfo_to_exitCode.log_LineInfo] 2026-04-21 18:33:31,302 [INFO] PluginManage:310 - Check plugin ddr
2026-04-21 18:33:31,329 DEBUG [LineInfo_to_exitCode.log_LineInfo] 2026-04-21 18:33:31,328 [INFO] PluginManage:359 - Loaded plugin ddr (category:tool,tabindex:6)
2026-04-21 18:33:31,330 DEBUG [LineInfo_to_exitCode.log_LineInfo] 2026-04-21 18:33:31,329 [INFO] PluginManage:310 - Check plugin filemanager
2026-04-21 18:33:31,751 DEBUG [LineInfo_to_exitCode.log_LineInfo] 2026-04-21 18:33:31,750 [INFO] PluginManage:359 - Loaded plugin filemanager (category:base,tabindex:10)
2026-04-21 18:33:31,751 DEBUG [LineInfo_to_exitCode.log_LineInfo] 2026-04-21 18:33:31,751 [INFO] PluginManage:310 - Check plugin ipmanager
2026-04-21 18:33:31,801 DEBUG [LineInfo_to_exitCode.log_LineInfo] 2026-04-21 18:33:31,800 [INFO] PluginManage:359 - Loaded plugin ipmanager (category:base,tabindex:5)
2026-04-21 18:33:31,804 DEBUG [LineInfo_to_exitCode.log_LineInfo] 2026-04-21 18:33:31,803 [INFO] PluginManage:310 - Check plugin lpbam
2026-04-21 18:33:31,841 DEBUG [LineInfo_to_exitCode.log_LineInfo] 2026-04-21 18:33:31,836 [INFO] PluginManage:359 - Loaded plugin lpbam (category:base,tabindex:0)
2026-04-21 18:33:31,842 DEBUG [LineInfo_to_exitCode.log_LineInfo] 2026-04-21 18:33:31,842 [INFO] PluginManage:310 - Check plugin memorymap
2026-04-21 18:33:31,883 DEBUG [LineInfo_to_exitCode.log_LineInfo] 2026-04-21 18:33:31,882 [INFO] PluginManage:359 - Loaded plugin memorymap (category:base,tabindex:4)
2026-04-21 18:33:31,884 DEBUG [LineInfo_to_exitCode.log_LineInfo] 2026-04-21 18:33:31,883 [INFO] PluginManage:310 - Check plugin pinoutandconfiguration
2026-04-21 18:33:31,912 DEBUG [LineInfo_to_exitCode.log_LineInfo] 2026-04-21 18:33:31,911 [INFO] PluginManage:359 - Loaded plugin pinoutandconfiguration (category:base,tabindex:1)
2026-04-21 18:33:31,914 DEBUG [LineInfo_to_exitCode.log_LineInfo] 2026-04-21 18:33:31,913 [INFO] PluginManage:310 - Check plugin pinoutconfig
2026-04-21 18:33:32,679 DEBUG [LineInfo_to_exitCode.log_LineInfo] 2026-04-21 18:33:32,678 [INFO] PluginManage:359 - Loaded plugin pinoutconfig (category:base,tabindex:0)
2026-04-21 18:33:32,680 DEBUG [LineInfo_to_exitCode.log_LineInfo] 2026-04-21 18:33:32,679 [INFO] PluginManage:310 - Check plugin power
2026-04-21 18:33:32,727 DEBUG [LineInfo_to_exitCode.log_LineInfo] 2026-04-21 18:33:32,726 [INFO] PluginManage:359 - Loaded plugin power (category:power,tabindex:4)
2026-04-21 18:33:32,729 DEBUG [LineInfo_to_exitCode.log_LineInfo] 2026-04-21 18:33:32,727 [INFO] PluginManage:310 - Check plugin projectmanager
2026-04-21 18:33:32,893 DEBUG [LineInfo_to_exitCode.log_LineInfo] 2026-04-21 18:33:32,892 [INFO] PluginManage:359 - Loaded plugin projectmanager (category:projectmanager,tabindex:4)
2026-04-21 18:33:32,894 DEBUG [LineInfo_to_exitCode.log_LineInfo] 2026-04-21 18:33:32,894 [INFO] PluginManage:310 - Check plugin rif
2026-04-21 18:33:32,925 DEBUG [LineInfo_to_exitCode.log_LineInfo] 2026-04-21 18:33:32,924 [INFO] PluginManage:359 - Loaded plugin rif (category:base,tabindex:3)
2026-04-21 18:33:32,926 DEBUG [LineInfo_to_exitCode.log_LineInfo] 2026-04-21 18:33:32,925 [INFO] PluginManage:310 - Check plugin thirdparty
2026-04-21 18:33:33,505 DEBUG [LineInfo_to_exitCode.log_LineInfo] 2026-04-21 18:33:33,502 [INFO] PluginManage:359 - Loaded plugin thirdparty (category:base,tabindex:-1)
2026-04-21 18:33:33,507 DEBUG [LineInfo_to_exitCode.log_LineInfo] 2026-04-21 18:33:33,507 [INFO] PluginManage:310 - Check plugin tools
2026-04-21 18:33:33,512 DEBUG [LineInfo_to_exitCode.log_LineInfo] 2026-04-21 18:33:33,511 [INFO] IntegrityCheckThread:86 - entering critical section [integrity check]
2026-04-21 18:33:33,515 DEBUG [LineInfo_to_exitCode.log_LineInfo] 2026-04-21 18:33:33,514 [INFO] ThirdPartyUpdaterWithRetryManager:70 - Updater plugin not ready yet. [1/15]
2026-04-21 18:33:33,559 DEBUG [LineInfo_to_exitCode.log_LineInfo] 2026-04-21 18:33:33,558 [INFO] PluginManage:359 - Loaded plugin tools (category:base,tabindex:7)
2026-04-21 18:33:33,560 DEBUG [LineInfo_to_exitCode.log_LineInfo] 2026-04-21 18:33:33,559 [INFO] PluginManage:310 - Check plugin tutovideos
2026-04-21 18:33:33,923 DEBUG [LineInfo_to_exitCode.log_LineInfo] 2026-04-21 18:33:33,920 [INFO] PluginManage:359 - Loaded plugin tutovideos (category:base,tabindex:-1)
2026-04-21 18:33:33,924 DEBUG [LineInfo_to_exitCode.log_LineInfo] 2026-04-21 18:33:33,923 [INFO] PluginManage:310 - Check plugin updater
2026-04-21 18:33:34,012 DEBUG [LineInfo_to_exitCode.log_LineInfo] 2026-04-21 18:33:34,010 [INFO] PluginManage:359 - Loaded plugin updater (category:base,tabindex:12)
2026-04-21 18:33:34,012 DEBUG [LineInfo_to_exitCode.log_LineInfo] 2026-04-21 18:33:34,011 [INFO] PluginManage:310 - Check plugin userauth
2026-04-21 18:33:34,032 DEBUG [LineInfo_to_exitCode.log_LineInfo] 2026-04-21 18:33:34,031 [INFO] UserAuth:71 - Init User Auth plugin
2026-04-21 18:33:34,033 DEBUG [LineInfo_to_exitCode.log_LineInfo] 2026-04-21 18:33:34,032 [INFO] PluginManage:359 - Loaded plugin userauth (category:base,tabindex:14)
2026-04-21 18:33:34,034 DEBUG [LineInfo_to_exitCode.log_LineInfo] 2026-04-21 18:33:34,033 [INFO] PluginManage:283 - PluginManage : Loaded plugins [18]
2026-04-21 18:33:35,398 DEBUG [LineInfo_to_exitCode.log_LineInfo] 2026-04-21 18:33:35,395 [INFO] PinOutPanel:1590 - setPackage(No Configuration,No Configuration)
2026-04-21 18:33:35,630 DEBUG [LineInfo_to_exitCode.log_LineInfo] 2026-04-21 18:33:35,628 [INFO] CADModel:165 - CPN selected for project level
2026-04-21 18:33:35,630 DEBUG [LineInfo_to_exitCode.log_LineInfo] 2026-04-21 18:33:35,629 [INFO] CADModel:114 - Register for checkConnection events
2026-04-21 18:33:35,678 DEBUG [LineInfo_to_exitCode.log_LineInfo] 2026-04-21 18:33:35,677 [INFO] IPUIPlugin:80 - create IPUIPlugin
2026-04-21 18:33:35,679 DEBUG [LineInfo_to_exitCode.log_LineInfo] 2026-04-21 18:33:35,678 [INFO] PluginManager:220 - loadIPPluginJar : add adc
2026-04-21 18:33:35,721 DEBUG [LineInfo_to_exitCode.log_LineInfo] 2026-04-21 18:33:35,720 [INFO] IPUIPlugin:80 - create IPUIPlugin
2026-04-21 18:33:35,725 DEBUG [LineInfo_to_exitCode.log_LineInfo] 2026-04-21 18:33:35,724 [INFO] PluginManager:220 - loadIPPluginJar : add aes
2026-04-21 18:33:35,768 DEBUG [LineInfo_to_exitCode.log_LineInfo] 2026-04-21 18:33:35,767 [INFO] IPUIPlugin:80 - create IPUIPlugin
2026-04-21 18:33:35,768 DEBUG [LineInfo_to_exitCode.log_LineInfo] 2026-04-21 18:33:35,767 [INFO] PluginManager:220 - loadIPPluginJar : add can
2026-04-21 18:33:35,802 DEBUG [LineInfo_to_exitCode.log_LineInfo] 2026-04-21 18:33:35,801 [INFO] IPUIPlugin:80 - create IPUIPlugin
2026-04-21 18:33:35,804 DEBUG [LineInfo_to_exitCode.log_LineInfo] 2026-04-21 18:33:35,802 [INFO] PluginManager:220 - loadIPPluginJar : add comp
2026-04-21 18:33:35,836 DEBUG [LineInfo_to_exitCode.log_LineInfo] 2026-04-21 18:33:35,835 [INFO] IPUIPlugin:80 - create IPUIPlugin
2026-04-21 18:33:35,837 DEBUG [LineInfo_to_exitCode.log_LineInfo] 2026-04-21 18:33:35,835 [INFO] PluginManager:220 - loadIPPluginJar : add cryp
2026-04-21 18:33:35,852 DEBUG [LineInfo_to_exitCode.log_LineInfo] 2026-04-21 18:33:35,851 [INFO] IPUIPlugin:80 - create IPUIPlugin
2026-04-21 18:33:35,853 DEBUG [LineInfo_to_exitCode.log_LineInfo] 2026-04-21 18:33:35,852 [INFO] PluginManager:220 - loadIPPluginJar : add ddr_ctrl_phy
2026-04-21 18:33:35,882 DEBUG [LineInfo_to_exitCode.log_LineInfo] 2026-04-21 18:33:35,882 [INFO] IPUIPlugin:80 - create IPUIPlugin
2026-04-21 18:33:35,883 DEBUG [LineInfo_to_exitCode.log_LineInfo] 2026-04-21 18:33:35,882 [INFO] PluginManager:220 - loadIPPluginJar : add dfsdm
2026-04-21 18:33:35,897 DEBUG [LineInfo_to_exitCode.log_LineInfo] 2026-04-21 18:33:35,897 [INFO] IPUIPlugin:80 - create IPUIPlugin
2026-04-21 18:33:35,898 DEBUG [LineInfo_to_exitCode.log_LineInfo] 2026-04-21 18:33:35,898 [INFO] PluginManager:220 - loadIPPluginJar : add dma
2026-04-21 18:33:35,936 DEBUG [LineInfo_to_exitCode.log_LineInfo] 2026-04-21 18:33:35,935 [INFO] IPUIPlugin:80 - create IPUIPlugin
2026-04-21 18:33:35,936 DEBUG [LineInfo_to_exitCode.log_LineInfo] 2026-04-21 18:33:35,936 [INFO] PluginManager:220 - loadIPPluginJar : add dma3
2026-04-21 18:33:35,978 DEBUG [LineInfo_to_exitCode.log_LineInfo] 2026-04-21 18:33:35,977 [INFO] IPUIPlugin:80 - create IPUIPlugin
2026-04-21 18:33:35,979 DEBUG [LineInfo_to_exitCode.log_LineInfo] 2026-04-21 18:33:35,978 [INFO] PluginManager:220 - loadIPPluginJar : add extmemmanager
2026-04-21 18:33:36,000 DEBUG [LineInfo_to_exitCode.log_LineInfo] 2026-04-21 18:33:35,999 [INFO] IPUIPlugin:80 - create IPUIPlugin
2026-04-21 18:33:36,001 DEBUG [LineInfo_to_exitCode.log_LineInfo] 2026-04-21 18:33:36,000 [INFO] PluginManager:220 - loadIPPluginJar : add fatfs
2026-04-21 18:33:36,044 DEBUG [LineInfo_to_exitCode.log_LineInfo] 2026-04-21 18:33:36,043 [INFO] IPUIPlugin:80 - create IPUIPlugin
2026-04-21 18:33:36,044 DEBUG [LineInfo_to_exitCode.log_LineInfo] 2026-04-21 18:33:36,043 [INFO] PluginManager:220 - loadIPPluginJar : add fmc
2026-04-21 18:33:36,063 DEBUG [LineInfo_to_exitCode.log_LineInfo] 2026-04-21 18:33:36,063 [INFO] IPUIPlugin:80 - create IPUIPlugin
2026-04-21 18:33:36,064 DEBUG [LineInfo_to_exitCode.log_LineInfo] 2026-04-21 18:33:36,063 [INFO] PluginManager:220 - loadIPPluginJar : add freertos
2026-04-21 18:33:36,086 DEBUG [LineInfo_to_exitCode.log_LineInfo] 2026-04-21 18:33:36,085 [INFO] IPUIPlugin:80 - create IPUIPlugin
2026-04-21 18:33:36,087 DEBUG [LineInfo_to_exitCode.log_LineInfo] 2026-04-21 18:33:36,086 [INFO] PluginManager:220 - loadIPPluginJar : add genericplugin
2026-04-21 18:33:36,170 DEBUG [LineInfo_to_exitCode.log_LineInfo] 2026-04-21 18:33:36,169 [INFO] IPUIPlugin:80 - create IPUIPlugin
2026-04-21 18:33:36,173 DEBUG [LineInfo_to_exitCode.log_LineInfo] 2026-04-21 18:33:36,172 [INFO] PluginManager:220 - loadIPPluginJar : add gfxmmu
2026-04-21 18:33:36,285 DEBUG [LineInfo_to_exitCode.log_LineInfo] 2026-04-21 18:33:36,284 [INFO] IPUIPlugin:80 - create IPUIPlugin
2026-04-21 18:33:36,285 DEBUG [LineInfo_to_exitCode.log_LineInfo] 2026-04-21 18:33:36,285 [INFO] PluginManager:220 - loadIPPluginJar : add gic
2026-04-21 18:33:36,299 DEBUG [LineInfo_to_exitCode.log_LineInfo] 2026-04-21 18:33:36,298 [INFO] IPUIPlugin:80 - create IPUIPlugin
2026-04-21 18:33:36,300 DEBUG [LineInfo_to_exitCode.log_LineInfo] 2026-04-21 18:33:36,299 [INFO] PluginManager:220 - loadIPPluginJar : add gpio
2026-04-21 18:33:36,383 DEBUG [LineInfo_to_exitCode.log_LineInfo] 2026-04-21 18:33:36,382 [INFO] IPUIPlugin:80 - create IPUIPlugin
2026-04-21 18:33:36,384 DEBUG [LineInfo_to_exitCode.log_LineInfo] 2026-04-21 18:33:36,383 [INFO] PluginManager:220 - loadIPPluginJar : add gtzc
2026-04-21 18:33:36,417 DEBUG [LineInfo_to_exitCode.log_LineInfo] 2026-04-21 18:33:36,417 [INFO] IPUIPlugin:80 - create IPUIPlugin
2026-04-21 18:33:36,418 DEBUG [LineInfo_to_exitCode.log_LineInfo] 2026-04-21 18:33:36,417 [INFO] PluginManager:220 - loadIPPluginJar : add hash
2026-04-21 18:33:36,465 DEBUG [LineInfo_to_exitCode.log_LineInfo] 2026-04-21 18:33:36,465 [INFO] IPUIPlugin:80 - create IPUIPlugin
2026-04-21 18:33:36,465 DEBUG [LineInfo_to_exitCode.log_LineInfo] 2026-04-21 18:33:36,465 [INFO] PluginManager:220 - loadIPPluginJar : add i2c
2026-04-21 18:33:36,502 DEBUG [LineInfo_to_exitCode.log_LineInfo] 2026-04-21 18:33:36,502 [INFO] IPUIPlugin:80 - create IPUIPlugin
2026-04-21 18:33:36,502 DEBUG [LineInfo_to_exitCode.log_LineInfo] 2026-04-21 18:33:36,502 [INFO] PluginManager:220 - loadIPPluginJar : add i2s
2026-04-21 18:33:36,524 DEBUG [LineInfo_to_exitCode.log_LineInfo] 2026-04-21 18:33:36,523 [INFO] ThirdPartyUpdaterWithRetryManager:70 - Updater plugin not ready yet. [2/15]
2026-04-21 18:33:36,543 DEBUG [LineInfo_to_exitCode.log_LineInfo] 2026-04-21 18:33:36,543 [INFO] IPUIPlugin:80 - create IPUIPlugin
2026-04-21 18:33:36,543 DEBUG [LineInfo_to_exitCode.log_LineInfo] 2026-04-21 18:33:36,543 [INFO] PluginManager:220 - loadIPPluginJar : add i3c
2026-04-21 18:33:36,634 DEBUG [LineInfo_to_exitCode.log_LineInfo] 2026-04-21 18:33:36,633 [INFO] IPUIPlugin:80 - create IPUIPlugin
2026-04-21 18:33:36,634 DEBUG [LineInfo_to_exitCode.log_LineInfo] 2026-04-21 18:33:36,633 [INFO] PluginManager:220 - loadIPPluginJar : add ipddr
2026-04-21 18:33:36,714 DEBUG [LineInfo_to_exitCode.log_LineInfo] 2026-04-21 18:33:36,713 [INFO] IPUIPlugin:80 - create IPUIPlugin
2026-04-21 18:33:36,715 DEBUG [LineInfo_to_exitCode.log_LineInfo] 2026-04-21 18:33:36,713 [INFO] PluginManager:220 - loadIPPluginJar : add linkedlist
2026-04-21 18:33:36,749 DEBUG [LineInfo_to_exitCode.log_LineInfo] 2026-04-21 18:33:36,748 [INFO] IPUIPlugin:80 - create IPUIPlugin
2026-04-21 18:33:36,751 DEBUG [LineInfo_to_exitCode.log_LineInfo] 2026-04-21 18:33:36,749 [INFO] PluginManager:220 - loadIPPluginJar : add lorawan
2026-04-21 18:33:36,786 DEBUG [LineInfo_to_exitCode.log_LineInfo] 2026-04-21 18:33:36,785 [INFO] IPUIPlugin:80 - create IPUIPlugin
2026-04-21 18:33:36,787 DEBUG [LineInfo_to_exitCode.log_LineInfo] 2026-04-21 18:33:36,786 [INFO] PluginManager:220 - loadIPPluginJar : add ltdc
2026-04-21 18:33:36,814 DEBUG [LineInfo_to_exitCode.log_LineInfo] 2026-04-21 18:33:36,811 [INFO] IPUIPlugin:80 - create IPUIPlugin
2026-04-21 18:33:36,815 DEBUG [LineInfo_to_exitCode.log_LineInfo] 2026-04-21 18:33:36,814 [INFO] PluginManager:220 - loadIPPluginJar : add mdma
2026-04-21 18:33:36,832 DEBUG [LineInfo_to_exitCode.log_LineInfo] 2026-04-21 18:33:36,831 [INFO] IPUIPlugin:80 - create IPUIPlugin
2026-04-21 18:33:36,833 DEBUG [LineInfo_to_exitCode.log_LineInfo] 2026-04-21 18:33:36,832 [INFO] PluginManager:220 - loadIPPluginJar : add nvic
2026-04-21 18:33:36,867 DEBUG [LineInfo_to_exitCode.log_LineInfo] 2026-04-21 18:33:36,867 [INFO] IPUIPlugin:80 - create IPUIPlugin
2026-04-21 18:33:36,868 DEBUG [LineInfo_to_exitCode.log_LineInfo] 2026-04-21 18:33:36,867 [INFO] PluginManager:220 - loadIPPluginJar : add opamp
2026-04-21 18:33:36,928 DEBUG [LineInfo_to_exitCode.log_LineInfo] 2026-04-21 18:33:36,927 [INFO] IPUIPlugin:80 - create IPUIPlugin
2026-04-21 18:33:36,929 DEBUG [LineInfo_to_exitCode.log_LineInfo] 2026-04-21 18:33:36,927 [INFO] PluginManager:220 - loadIPPluginJar : add openamp
2026-04-21 18:33:36,968 DEBUG [LineInfo_to_exitCode.log_LineInfo] 2026-04-21 18:33:36,967 [INFO] IPUIPlugin:80 - create IPUIPlugin
2026-04-21 18:33:36,968 DEBUG [LineInfo_to_exitCode.log_LineInfo] 2026-04-21 18:33:36,967 [INFO] PluginManager:220 - loadIPPluginJar : add pdm2pcm
2026-04-21 18:33:36,983 DEBUG [LineInfo_to_exitCode.log_LineInfo] 2026-04-21 18:33:36,982 [INFO] IPUIPlugin:80 - create IPUIPlugin
2026-04-21 18:33:36,992 DEBUG [LineInfo_to_exitCode.log_LineInfo] 2026-04-21 18:33:36,992 [INFO] PluginManager:220 - loadIPPluginJar : add plateformsettings
2026-04-21 18:33:37,014 DEBUG [LineInfo_to_exitCode.log_LineInfo] 2026-04-21 18:33:37,013 [INFO] IPUIPlugin:80 - create IPUIPlugin
2026-04-21 18:33:37,015 DEBUG [LineInfo_to_exitCode.log_LineInfo] 2026-04-21 18:33:37,013 [INFO] PluginManager:220 - loadIPPluginJar : add quadspi
2026-04-21 18:33:37,041 DEBUG [LineInfo_to_exitCode.log_LineInfo] 2026-04-21 18:33:37,040 [INFO] IPUIPlugin:80 - create IPUIPlugin
2026-04-21 18:33:37,042 DEBUG [LineInfo_to_exitCode.log_LineInfo] 2026-04-21 18:33:37,041 [INFO] PluginManager:220 - loadIPPluginJar : add radio
2026-04-21 18:33:37,061 DEBUG [LineInfo_to_exitCode.log_LineInfo] 2026-04-21 18:33:37,060 [INFO] IPUIPlugin:80 - create IPUIPlugin
2026-04-21 18:33:37,061 DEBUG [LineInfo_to_exitCode.log_LineInfo] 2026-04-21 18:33:37,061 [INFO] PluginManager:220 - loadIPPluginJar : add resmgrutility
2026-04-21 18:33:37,110 DEBUG [LineInfo_to_exitCode.log_LineInfo] 2026-04-21 18:33:37,109 [INFO] IPUIPlugin:80 - create IPUIPlugin
2026-04-21 18:33:37,110 DEBUG [LineInfo_to_exitCode.log_LineInfo] 2026-04-21 18:33:37,109 [INFO] PluginManager:220 - loadIPPluginJar : add sai
2026-04-21 18:33:37,144 DEBUG [LineInfo_to_exitCode.log_LineInfo] 2026-04-21 18:33:37,143 [INFO] IPUIPlugin:80 - create IPUIPlugin
2026-04-21 18:33:37,145 DEBUG [LineInfo_to_exitCode.log_LineInfo] 2026-04-21 18:33:37,143 [INFO] PluginManager:220 - loadIPPluginJar : add spi
2026-04-21 18:33:37,160 DEBUG [LineInfo_to_exitCode.log_LineInfo] 2026-04-21 18:33:37,160 [INFO] IPUIPlugin:80 - create IPUIPlugin
2026-04-21 18:33:37,161 DEBUG [LineInfo_to_exitCode.log_LineInfo] 2026-04-21 18:33:37,160 [INFO] PluginManager:220 - loadIPPluginJar : add stm32_wpan
2026-04-21 18:33:37,183 DEBUG [LineInfo_to_exitCode.log_LineInfo] 2026-04-21 18:33:37,182 [INFO] IPUIPlugin:80 - create IPUIPlugin
2026-04-21 18:33:37,183 DEBUG [LineInfo_to_exitCode.log_LineInfo] 2026-04-21 18:33:37,183 [INFO] PluginManager:220 - loadIPPluginJar : add tim
2026-04-21 18:33:37,236 DEBUG [LineInfo_to_exitCode.log_LineInfo] 2026-04-21 18:33:37,235 [INFO] IPUIPlugin:80 - create IPUIPlugin
2026-04-21 18:33:37,237 DEBUG [LineInfo_to_exitCode.log_LineInfo] 2026-04-21 18:33:37,236 [INFO] PluginManager:220 - loadIPPluginJar : add touchsensing
2026-04-21 18:33:37,261 DEBUG [LineInfo_to_exitCode.log_LineInfo] 2026-04-21 18:33:37,261 [INFO] IPUIPlugin:80 - create IPUIPlugin
2026-04-21 18:33:37,261 DEBUG [LineInfo_to_exitCode.log_LineInfo] 2026-04-21 18:33:37,261 [INFO] PluginManager:220 - loadIPPluginJar : add tracer_emb
2026-04-21 18:33:37,284 DEBUG [LineInfo_to_exitCode.log_LineInfo] 2026-04-21 18:33:37,283 [INFO] IPUIPlugin:80 - create IPUIPlugin
2026-04-21 18:33:37,285 DEBUG [LineInfo_to_exitCode.log_LineInfo] 2026-04-21 18:33:37,283 [INFO] PluginManager:220 - loadIPPluginJar : add ts
2026-04-21 18:33:37,307 DEBUG [LineInfo_to_exitCode.log_LineInfo] 2026-04-21 18:33:37,306 [INFO] IPUIPlugin:80 - create IPUIPlugin
2026-04-21 18:33:37,307 DEBUG [LineInfo_to_exitCode.log_LineInfo] 2026-04-21 18:33:37,306 [INFO] PluginManager:220 - loadIPPluginJar : add tsc
2026-04-21 18:33:37,327 DEBUG [LineInfo_to_exitCode.log_LineInfo] 2026-04-21 18:33:37,327 [INFO] IPUIPlugin:80 - create IPUIPlugin
2026-04-21 18:33:37,328 DEBUG [LineInfo_to_exitCode.log_LineInfo] 2026-04-21 18:33:37,327 [INFO] PluginManager:220 - loadIPPluginJar : add ucpd
2026-04-21 18:33:37,373 DEBUG [LineInfo_to_exitCode.log_LineInfo] 2026-04-21 18:33:37,371 [INFO] IPUIPlugin:80 - create IPUIPlugin
2026-04-21 18:33:37,375 DEBUG [LineInfo_to_exitCode.log_LineInfo] 2026-04-21 18:33:37,372 [INFO] PluginManager:220 - loadIPPluginJar : add usart
2026-04-21 18:33:37,413 DEBUG [LineInfo_to_exitCode.log_LineInfo] 2026-04-21 18:33:37,412 [INFO] IPUIPlugin:80 - create IPUIPlugin
2026-04-21 18:33:37,414 DEBUG [LineInfo_to_exitCode.log_LineInfo] 2026-04-21 18:33:37,413 [INFO] PluginManager:220 - loadIPPluginJar : add usbx
2026-04-21 18:33:37,464 DEBUG [LineInfo_to_exitCode.log_LineInfo] 2026-04-21 18:33:37,464 [INFO] Updater:1134 - Updater Version found : 6.16.1
2026-04-21 18:33:37,486 DEBUG [LineInfo_to_exitCode.log_LineInfo] 2026-04-21 18:33:37,486 [INFO] ApplicationProperties:184 - Using Application install path: C:\Users\vexas\AppData\Local\Programs\STM32CubeMX
2026-04-21 18:33:39,162 DEBUG [LineInfo_to_exitCode.log_LineInfo] mx [ERROR] stderr - Apr 21, 2026 6:33:39 PM java.util.prefs.WindowsPreferences <init>
2026-04-21 18:33:39,164 DEBUG [LineInfo_to_exitCode.log_LineInfo] mx [ERROR] stderr - WARNING: Could not open/create prefs root node Software\JavaSoft\Prefs at root 0xffffffff80000002. Windows RegCreateKeyEx(...) returned error code 5.
2026-04-21 18:33:39,550 DEBUG [LineInfo_to_exitCode.log_LineInfo] 2026-04-21 18:33:39,547 [INFO] ThirdPartyUpdaterWithRetryManager:70 - Updater plugin not ready yet. [3/15]
2026-04-21 18:33:41,635 DEBUG [LineInfo_to_exitCode.log_LineInfo] 2026-04-21 18:33:41,631 [INFO] MainUpdater:2872 - connection check result : 10
2026-04-21 18:33:41,641 DEBUG [LineInfo_to_exitCode.log_LineInfo] 2026-04-21 18:33:41,640 [INFO] MainUpdater:3604 - Updater definition file requires update
2026-04-21 18:33:41,647 DEBUG [LineInfo_to_exitCode.log_LineInfo] 2026-04-21 18:33:41,646 [INFO] MainUpdater:289 - Updater Check For Update Now.
2026-04-21 18:33:41,649 DEBUG [LineInfo_to_exitCode.log_LineInfo] 2026-04-21 18:33:41,648 [INFO] MicroXplorer:498 - Change Database Version : DB.6.0.161
2026-04-21 18:33:42,240 DEBUG [LineInfo_to_exitCode.log_LineInfo] 2026-04-21 18:33:42,236 [INFO] RulesReader:64 - Compatibility file has been processed (318 Rules)
2026-04-21 18:33:42,275 DEBUG [LineInfo_to_exitCode.log_LineInfo] 2026-04-21 18:33:42,274 [INFO] RulesReader:64 - Compatibility file has been processed (318 Rules)
2026-04-21 18:33:42,293 DEBUG [LineInfo_to_exitCode.log_LineInfo] 2026-04-21 18:33:42,290 [INFO] ServerAccessManage:452 - Complete download http(s) 200
2026-04-21 18:33:42,345 DEBUG [LineInfo_to_exitCode.log_LineInfo] 2026-04-21 18:33:42,344 [INFO] ServerAccessManage:509 - Download File updaters.zip
2026-04-21 18:33:42,432 DEBUG [LineInfo_to_exitCode.log_LineInfo] 2026-04-21 18:33:42,431 [INFO] CADModel:165 - CPN selected for project level
2026-04-21 18:33:42,433 DEBUG [LineInfo_to_exitCode.log_LineInfo] 2026-04-21 18:33:42,432 [INFO] CADModel:114 - Register for checkConnection events
2026-04-21 18:33:42,586 DEBUG [LineInfo_to_exitCode.log_LineInfo] 2026-04-21 18:33:42,586 [INFO] ThirdPartyUpdaterWithRetryManager:96 - Updater plugin is busy. [1/15]
2026-04-21 18:33:42,843 DEBUG [LineInfo_to_exitCode.log_LineInfo] 2026-04-21 18:33:42,842 [INFO] FileExtend:248 - Unzip File : updaters.zip
2026-04-21 18:33:42,844 DEBUG [LineInfo_to_exitCode.log_LineInfo] 2026-04-21 18:33:42,844 [INFO] FileExtend:263 - Standard Zip Deflate
2026-04-21 18:33:43,815 DEBUG [LineInfo_to_exitCode.log_LineInfo] 2026-04-21 18:33:43,808 [INFO] CADModel:165 - CPN selected for project level
2026-04-21 18:33:43,832 DEBUG [LineInfo_to_exitCode.log_LineInfo] 2026-04-21 18:33:43,829 [INFO] CADModel:114 - Register for checkConnection events
2026-04-21 18:33:44,112 DEBUG [LineInfo_to_exitCode.log_LineInfo] 2026-04-21 18:33:44,110 [INFO] ServerAccessManage:452 - Complete download http(s) 200
2026-04-21 18:33:44,113 DEBUG [LineInfo_to_exitCode.log_LineInfo] 2026-04-21 18:33:44,113 [INFO] ServerAccessManage:509 - Download File PacksControlFlags.xml
2026-04-21 18:33:44,687 DEBUG [LineInfo_to_exitCode.log_LineInfo] 2026-04-21 18:33:44,686 [INFO] HomeAdPanel:117 - Auto-refresh data requested => check proxy status ongoing
2026-04-21 18:33:44,697 WARN  [LineInfo_to_exitCode.log_LineInfo] Updater is busy
2026-04-21 18:33:44,699 WARN  [LineInfo_to_exitCode.log_LineInfo] Failed to refresh advertisement data
2026-04-21 18:33:44,902 DEBUG [LineInfo_to_exitCode.log_LineInfo] 2026-04-21 18:33:44,901 [INFO] DbMcusAds:53 - JSON generation date=Thu Jan 08 10:57:51 COT 2026 (1767887871456)
2026-04-21 18:33:44,903 WARN  [LineInfo_to_exitCode.log_LineInfo] Updater is busy
2026-04-21 18:33:44,963 DEBUG [LineInfo_to_exitCode.log_LineInfo] 2026-04-21 18:33:44,961 [INFO] ServerAccessManage:452 - Complete download http(s) 200
2026-04-21 18:33:44,963 DEBUG [LineInfo_to_exitCode.log_LineInfo] 2026-04-21 18:33:44,963 [INFO] ServerAccessManage:509 - Download File cubemx.pidx
2026-04-21 18:33:45,337 WARN  [LineInfo_to_exitCode.log_LineInfo] Updater is busy
2026-04-21 18:33:45,602 DEBUG [LineInfo_to_exitCode.log_LineInfo] 2026-04-21 18:33:45,602 [INFO] ThirdPartyUpdaterWithRetryManager:96 - Updater plugin is busy. [2/15]
2026-04-21 18:33:47,131 WARN  [LineInfo_to_exitCode.log_LineInfo] Updater is busy
2026-04-21 18:33:47,382 WARN  [LineInfo_to_exitCode.log_LineInfo] Updater is busy
2026-04-21 18:33:47,455 DEBUG [LineInfo_to_exitCode.log_LineInfo] 2026-04-21 18:33:47,452 [INFO] ServerAccessManage:452 - Complete download http(s) 200
2026-04-21 18:33:47,457 DEBUG [LineInfo_to_exitCode.log_LineInfo] 2026-04-21 18:33:47,457 [INFO] ServerAccessManage:509 - Download File STMicroelectronics.FP-SNS-MOTENVWB1.pdsc
2026-04-21 18:33:48,185 DEBUG [LineInfo_to_exitCode.log_LineInfo] 2026-04-21 18:33:48,184 [INFO] MainFrame:213 - [MX] HOME_PANEL == 3113166474541
2026-04-21 18:33:48,199 DEBUG [LineInfo_to_exitCode.log_LineInfo] 2026-04-21 18:33:48,198 [INFO] MainFrame:564 - Register for checkConnection events
2026-04-21 18:33:48,427 DEBUG [LineInfo_to_exitCode.log_LineInfo] 2026-04-21 18:33:48,418 [INFO] JxBrowserEngine:152 - Initiate JxBrowser Engine with user profile folder
2026-04-21 18:33:48,630 DEBUG [LineInfo_to_exitCode.log_LineInfo] 2026-04-21 18:33:48,628 [INFO] ThirdPartyUpdaterWithRetryManager:96 - Updater plugin is busy. [3/15]
2026-04-21 18:33:48,650 DEBUG [LineInfo_to_exitCode.log_LineInfo] 2026-04-21 18:33:48,648 [INFO] MicroXplorer:468 - Change Database Path : 
2026-04-21 18:33:48,652 DEBUG [LineInfo_to_exitCode.log_LineInfo] 2026-04-21 18:33:48,651 [INFO] MicroXplorer:498 - Change Database Version : DB.6.0.161
2026-04-21 18:33:49,576 DEBUG [LineInfo_to_exitCode.log_LineInfo] 2026-04-21 18:33:49,574 [INFO] ServerAccessManage:452 - Complete download http(s) 200
2026-04-21 18:33:49,577 DEBUG [LineInfo_to_exitCode.log_LineInfo] 2026-04-21 18:33:49,577 [INFO] ServerAccessManage:509 - Download File STMicroelectronics.X-CUBE-FREERTOS.pdsc
2026-04-21 18:33:51,653 DEBUG [LineInfo_to_exitCode.log_LineInfo] 2026-04-21 18:33:51,651 [INFO] ThirdPartyUpdaterWithRetryManager:96 - Updater plugin is busy. [4/15]
2026-04-21 18:33:53,392 DEBUG [LineInfo_to_exitCode.log_LineInfo] 2026-04-21 18:33:53,391 [INFO] ServerAccessManage:452 - Complete download http(s) 200
2026-04-21 18:33:53,394 DEBUG [LineInfo_to_exitCode.log_LineInfo] 2026-04-21 18:33:53,393 [INFO] ServerAccessManage:509 - Download File STMicroelectronics.X-CUBE-ST67W61.pdsc
2026-04-21 18:33:53,868 DEBUG [LineInfo_to_exitCode.log_LineInfo] 2026-04-21 18:33:53,865 [INFO] WebApp:108 - Instantiating new browser for Auth
2026-04-21 18:33:53,949 DEBUG [LineInfo_to_exitCode.log_LineInfo] 2026-04-21 18:33:53,948 [INFO] ServerAccessManage:452 - Complete download http(s) 200
2026-04-21 18:33:53,950 DEBUG [LineInfo_to_exitCode.log_LineInfo] 2026-04-21 18:33:53,949 [INFO] ServerAccessManage:509 - Download File STMicroelectronics.X-CUBE-TOUCHGFX.pdsc
2026-04-21 18:33:54,664 DEBUG [LineInfo_to_exitCode.log_LineInfo] 2026-04-21 18:33:54,663 [INFO] ThirdPartyUpdaterWithRetryManager:96 - Updater plugin is busy. [5/15]
2026-04-21 18:33:56,908 DEBUG [LineInfo_to_exitCode.log_LineInfo] 2026-04-21 18:33:56,907 [INFO] ServerAccessManage:452 - Complete download http(s) 200
2026-04-21 18:33:56,909 DEBUG [LineInfo_to_exitCode.log_LineInfo] 2026-04-21 18:33:56,908 [INFO] ServerAccessManage:509 - Download File STMicroelectronics.X-CUBE-AZRTOS-H7.pdsc
2026-04-21 18:33:57,145 DEBUG [LineInfo_to_exitCode.log_LineInfo] 2026-04-21 18:33:57,143 [INFO] WebApp:239 - Apply proxy settings
2026-04-21 18:33:57,149 DEBUG [LineInfo_to_exitCode.log_LineInfo] 2026-04-21 18:33:57,148 [INFO] WebApp:311 - Chromium requires no authentication
2026-04-21 18:33:57,180 DEBUG [LineInfo_to_exitCode.log_LineInfo] 2026-04-21 18:33:57,179 [INFO] WebApp:267 - Direct internet connection detected
2026-04-21 18:33:57,199 DEBUG [LineInfo_to_exitCode.log_LineInfo] 2026-04-21 18:33:57,198 [INFO] WebApp:370 - Register for checkConnection events
2026-04-21 18:33:57,680 DEBUG [LineInfo_to_exitCode.log_LineInfo] 2026-04-21 18:33:57,678 [INFO] ThirdPartyUpdaterWithRetryManager:96 - Updater plugin is busy. [6/15]
2026-04-21 18:33:58,041 DEBUG [LineInfo_to_exitCode.log_LineInfo] 2026-04-21 18:33:58,035 [INFO] WebApp:128 - Connection restablished
2026-04-21 18:33:59,904 DEBUG [LineInfo_to_exitCode.log_LineInfo] 2026-04-21 18:33:59,901 [INFO] ServerAccessManage:452 - Complete download http(s) 200
2026-04-21 18:33:59,906 DEBUG [LineInfo_to_exitCode.log_LineInfo] 2026-04-21 18:33:59,902 [INFO] ServerAccessManage:509 - Download File STMicroelectronics.X-CUBE-WB05N.pdsc
2026-04-21 18:34:00,125 DEBUG [LineInfo_to_exitCode.log_LineInfo] 2026-04-21 18:34:00,123 [INFO] ServerAccessManage:452 - Complete download http(s) 200
2026-04-21 18:34:00,126 DEBUG [LineInfo_to_exitCode.log_LineInfo] 2026-04-21 18:34:00,124 [INFO] ServerAccessManage:509 - Download File STMicroelectronics.eDS-WB_DPC_VIENNA.pdsc
2026-04-21 18:34:00,685 DEBUG [LineInfo_to_exitCode.log_LineInfo] 2026-04-21 18:34:00,683 [INFO] ThirdPartyUpdaterWithRetryManager:96 - Updater plugin is busy. [7/15]
2026-04-21 18:34:00,855 WARN  [LineInfo_to_exitCode.log_LineInfo] Problem, file not found on Server
2026-04-21 18:34:01,112 WARN  [LineInfo_to_exitCode.log_LineInfo] Problem, file not found on Server
2026-04-21 18:34:01,510 WARN  [LineInfo_to_exitCode.log_LineInfo] Problem, file not found on Server
2026-04-21 18:34:01,692 WARN  [LineInfo_to_exitCode.log_LineInfo] Problem, file not found on Server
2026-04-21 18:34:02,065 WARN  [LineInfo_to_exitCode.log_LineInfo] Problem, file not found on Server
2026-04-21 18:34:02,153 DEBUG [LineInfo_to_exitCode.log_LineInfo] 2026-04-21 18:34:02,153 [INFO] ServerAccessManage:452 - Complete download http(s) 200
2026-04-21 18:34:02,154 DEBUG [LineInfo_to_exitCode.log_LineInfo] 2026-04-21 18:34:02,153 [INFO] ServerAccessManage:509 - Download File STMicroelectronics.eDS-WB_DPC_TT-BIDIR.pdsc
2026-04-21 18:34:02,573 WARN  [LineInfo_to_exitCode.log_LineInfo] Problem, file not found on Server
2026-04-21 18:34:02,983 WARN  [LineInfo_to_exitCode.log_LineInfo] Problem, file not found on Server
2026-04-21 18:34:03,215 WARN  [LineInfo_to_exitCode.log_LineInfo] Problem, file not found on Server
2026-04-21 18:34:03,557 WARN  [LineInfo_to_exitCode.log_LineInfo] Problem, file not found on Server
2026-04-21 18:34:03,651 DEBUG [LineInfo_to_exitCode.log_LineInfo] 2026-04-21 18:34:03,650 [INFO] ServerAccessManage:452 - Complete download http(s) 200
2026-04-21 18:34:03,652 DEBUG [LineInfo_to_exitCode.log_LineInfo] 2026-04-21 18:34:03,651 [INFO] ServerAccessManage:509 - Download File STMicroelectronics.eDS-WB_DPC_3PH2L-BIDIR.pdsc
2026-04-21 18:34:03,692 DEBUG [LineInfo_to_exitCode.log_LineInfo] 2026-04-21 18:34:03,691 [INFO] ThirdPartyUpdaterWithRetryManager:96 - Updater plugin is busy. [8/15]
2026-04-21 18:34:04,000 WARN  [LineInfo_to_exitCode.log_LineInfo] Problem, file not found on Server
2026-04-21 18:34:06,708 DEBUG [LineInfo_to_exitCode.log_LineInfo] 2026-04-21 18:34:06,707 [INFO] ThirdPartyUpdaterWithRetryManager:96 - Updater plugin is busy. [9/15]
2026-04-21 18:34:09,724 DEBUG [LineInfo_to_exitCode.log_LineInfo] 2026-04-21 18:34:09,723 [INFO] ThirdPartyUpdaterWithRetryManager:96 - Updater plugin is busy. [10/15]
2026-04-21 18:34:12,743 DEBUG [LineInfo_to_exitCode.log_LineInfo] 2026-04-21 18:34:12,732 [INFO] ThirdPartyUpdaterWithRetryManager:96 - Updater plugin is busy. [11/15]
2026-04-21 18:34:15,360 DEBUG [LineInfo_to_exitCode.log_LineInfo] 2026-04-21 18:34:15,359 [INFO] ServerAccessManage:452 - Complete download http(s) 200
2026-04-21 18:34:15,363 DEBUG [LineInfo_to_exitCode.log_LineInfo] 2026-04-21 18:34:15,360 [INFO] ServerAccessManage:509 - Download File wolfSSL.I-CUBE-wolfSSL.pdsc
2026-04-21 18:34:15,740 DEBUG [LineInfo_to_exitCode.log_LineInfo] 2026-04-21 18:34:15,739 [INFO] ThirdPartyUpdaterWithRetryManager:96 - Updater plugin is busy. [12/15]
2026-04-21 18:34:18,087 WARN  [LineInfo_to_exitCode.log_LineInfo] Problem, file not found on Server
2026-04-21 18:34:18,220 WARN  [LineInfo_to_exitCode.log_LineInfo] Problem, file not found on Server
2026-04-21 18:34:18,363 WARN  [LineInfo_to_exitCode.log_LineInfo] Problem, file not found on Server
2026-04-21 18:34:18,414 DEBUG [LineInfo_to_exitCode.log_LineInfo] 2026-04-21 18:34:18,412 [INFO] ServerAccessManage:452 - Complete download http(s) 200
2026-04-21 18:34:18,416 DEBUG [LineInfo_to_exitCode.log_LineInfo] 2026-04-21 18:34:18,414 [INFO] ServerAccessManage:509 - Download File wolfSSL.I-CUBE-wolfMQTT.pdsc
2026-04-21 18:34:18,750 DEBUG [LineInfo_to_exitCode.log_LineInfo] 2026-04-21 18:34:18,749 [INFO] ThirdPartyUpdaterWithRetryManager:96 - Updater plugin is busy. [13/15]
2026-04-21 18:34:19,004 WARN  [LineInfo_to_exitCode.log_LineInfo] Problem, file not found on Server
2026-04-21 18:34:19,057 DEBUG [LineInfo_to_exitCode.log_LineInfo] 2026-04-21 18:34:19,056 [INFO] ServerAccessManage:452 - Complete download http(s) 200
2026-04-21 18:34:19,059 DEBUG [LineInfo_to_exitCode.log_LineInfo] 2026-04-21 18:34:19,058 [INFO] ServerAccessManage:509 - Download File wolfSSL.I-CUBE-wolfTPM.pdsc
2026-04-21 18:34:19,774 DEBUG [LineInfo_to_exitCode.log_LineInfo] 2026-04-21 18:34:19,773 [INFO] ServerAccessManage:452 - Complete download http(s) 200
2026-04-21 18:34:19,776 DEBUG [LineInfo_to_exitCode.log_LineInfo] 2026-04-21 18:34:19,773 [INFO] ServerAccessManage:509 - Download File wolfSSL.I-CUBE-wolfSSH.pdsc
2026-04-21 18:34:21,278 DEBUG [LineInfo_to_exitCode.log_LineInfo] 2026-04-21 18:34:21,277 [INFO] ServerAccessManage:452 - Complete download http(s) 200
2026-04-21 18:34:21,279 DEBUG [LineInfo_to_exitCode.log_LineInfo] 2026-04-21 18:34:21,278 [INFO] ServerAccessManage:509 - Download File Infineon.AIROC-Wi-Fi-Bluetooth-STM32.pdsc
2026-04-21 18:34:21,758 DEBUG [LineInfo_to_exitCode.log_LineInfo] 2026-04-21 18:34:21,757 [INFO] ThirdPartyUpdaterWithRetryManager:96 - Updater plugin is busy. [14/15]
2026-04-21 18:34:24,766 DEBUG [LineInfo_to_exitCode.log_LineInfo] 2026-04-21 18:34:24,765 [INFO] ThirdPartyUpdaterWithRetryManager:96 - Updater plugin is busy. [15/15]
2026-04-21 18:34:24,769 ERROR [LineInfo_to_exitCode.log_LineInfo] Cannot retrieve database content from updater: error -1
2026-04-21 18:34:24,776 DEBUG [LineInfo_to_exitCode.log_LineInfo] 2026-04-21 18:34:24,775 [INFO] ThirdParty:978 - Integrity check success = false
2026-04-21 18:34:24,778 DEBUG [LineInfo_to_exitCode.log_LineInfo] 2026-04-21 18:34:24,777 [INFO] IntegrityCheckThread:100 - exiting critical section [integrity check]
2026-04-21 18:34:24,779 DEBUG [LineInfo_to_exitCode.log_LineInfo] 2026-04-21 18:34:24,777 [INFO] IntegrityCheckThread:103 - End integrity checks thread
2026-04-21 18:34:24,781 DEBUG [LineInfo_to_exitCode.log_LineInfo] 2026-04-21 18:34:24,779 [INFO] ThirdParty:873 - entering critical section [close project]
2026-04-21 18:34:24,811 DEBUG [LineInfo_to_exitCode.log_LineInfo] 2026-04-21 18:34:24,809 [INFO] ThirdParty:883 - exiting critical section [close project]
2026-04-21 18:34:24,821 DEBUG [LineInfo_to_exitCode.log_LineInfo] 2026-04-21 18:34:24,819 [INFO] PinOutPanel:1590 - setPackage(No Configuration,No Configuration)
2026-04-21 18:34:25,016 DEBUG [LineInfo_to_exitCode.log_LineInfo] 2026-04-21 18:34:25,015 [INFO] ServerAccessManage:452 - Complete download http(s) 200
2026-04-21 18:34:25,018 DEBUG [LineInfo_to_exitCode.log_LineInfo] 2026-04-21 18:34:25,017 [INFO] ServerAccessManage:509 - Download File Cesanta.I-CUBE-Mongoose.pdsc
2026-04-21 18:34:25,067 DEBUG [LineInfo_to_exitCode.log_LineInfo] 2026-04-21 18:34:25,067 [INFO] UtilMem:75 - Begin LoadConfig() Used Memory: 193076304 Bytes (403701760)
2026-04-21 18:34:25,115 DEBUG [LineInfo_to_exitCode.log_LineInfo] 2026-04-21 18:34:25,114 [INFO] OpenFileManager:355 - Change cursor
2026-04-21 18:34:25,176 DEBUG [LineInfo_to_exitCode.log_LineInfo] 2026-04-21 18:34:25,176 [INFO] IntegrityCheckThread:86 - entering critical section [integrity check]
2026-04-21 18:34:25,177 DEBUG [LineInfo_to_exitCode.log_LineInfo] 2026-04-21 18:34:25,176 [INFO] ThirdPartyUpdaterWithRetryManager:96 - Updater plugin is busy. [1/15]
2026-04-21 18:34:26,903 DEBUG [LineInfo_to_exitCode.log_LineInfo] 2026-04-21 18:34:26,901 [INFO] ServerAccessManage:452 - Complete download http(s) 200
2026-04-21 18:34:26,904 DEBUG [LineInfo_to_exitCode.log_LineInfo] 2026-04-21 18:34:26,903 [INFO] ServerAccessManage:509 - Download File Avnet-IOTCONNECT.X-CUBE-iotc-st67-sdk.pdsc
2026-04-21 18:34:28,215 DEBUG [LineInfo_to_exitCode.log_LineInfo] 2026-04-21 18:34:28,214 [INFO] ThirdPartyUpdaterWithRetryManager:96 - Updater plugin is busy. [2/15]
2026-04-21 18:34:28,803 DEBUG [LineInfo_to_exitCode.log_LineInfo] 2026-04-21 18:34:28,791 [INFO] CheckServerUpdateThread:120 - End of CheckServer Thread
2026-04-21 18:34:29,231 DEBUG [LineInfo_to_exitCode.log_LineInfo] 2026-04-21 18:34:29,230 [INFO] PopulateThirdPartyThread:66 - Ending populate Thread
2026-04-21 18:34:29,245 DEBUG [LineInfo_to_exitCode.log_LineInfo] 2026-04-21 18:34:29,243 [INFO] ThirdParty:1030 - CMSIS Pack Vendor :wolfSSL I-CUBE-wolfTPM 3.8.0
2026-04-21 18:34:29,247 DEBUG [LineInfo_to_exitCode.log_LineInfo] 2026-04-21 18:34:29,246 [INFO] ThirdParty:1030 - CMSIS Pack Vendor :STMicroelectronics X-CUBE-AZRTOS-H7 3.5.0
2026-04-21 18:34:29,248 DEBUG [LineInfo_to_exitCode.log_LineInfo] 2026-04-21 18:34:29,246 [INFO] ThirdParty:1030 - CMSIS Pack Vendor :wolfSSL I-CUBE-wolfSSH 1.4.20
2026-04-21 18:34:29,248 DEBUG [LineInfo_to_exitCode.log_LineInfo] 2026-04-21 18:34:29,246 [INFO] ThirdParty:1030 - CMSIS Pack Vendor :STMicroelectronics FP-SNS-MOTENVWB1 1.5.0
2026-04-21 18:34:29,251 DEBUG [LineInfo_to_exitCode.log_LineInfo] 2026-04-21 18:34:29,247 [INFO] ThirdParty:1030 - CMSIS Pack Vendor :wolfSSL I-CUBE-wolfMQTT 1.19.2
2026-04-21 18:34:29,252 DEBUG [LineInfo_to_exitCode.log_LineInfo] 2026-04-21 18:34:29,247 [INFO] ThirdParty:1030 - CMSIS Pack Vendor :STMicroelectronics X-CUBE-FREERTOS 1.5.0
2026-04-21 18:34:29,253 DEBUG [LineInfo_to_exitCode.log_LineInfo] 2026-04-21 18:34:29,247 [INFO] ThirdParty:1030 - CMSIS Pack Vendor :STMicroelectronics eDS-WB_DPC_TT-BIDIR 2.1.1
2026-04-21 18:34:29,253 DEBUG [LineInfo_to_exitCode.log_LineInfo] 2026-04-21 18:34:29,247 [INFO] ThirdParty:1030 - CMSIS Pack Vendor :STMicroelectronics eDS-WB_DPC_VIENNA 1.2.0
2026-04-21 18:34:29,254 DEBUG [LineInfo_to_exitCode.log_LineInfo] 2026-04-21 18:34:29,248 [INFO] ThirdParty:1030 - CMSIS Pack Vendor :wolfSSL I-CUBE-wolfSSL 5.8.4
2026-04-21 18:34:29,254 DEBUG [LineInfo_to_exitCode.log_LineInfo] 2026-04-21 18:34:29,248 [INFO] ThirdParty:1030 - CMSIS Pack Vendor :Avnet-IOTCONNECT X-CUBE-iotc-st67-sdk 1.0.0
2026-04-21 18:34:29,255 DEBUG [LineInfo_to_exitCode.log_LineInfo] 2026-04-21 18:34:29,248 [INFO] ThirdParty:1030 - CMSIS Pack Vendor :STMicroelectronics eDS-WB_DPC_3PH2L-BIDIR 1.1.1
2026-04-21 18:34:29,256 DEBUG [LineInfo_to_exitCode.log_LineInfo] 2026-04-21 18:34:29,248 [INFO] ThirdParty:1030 - CMSIS Pack Vendor :Infineon AIROC-Wi-Fi-Bluetooth-STM32 1.8.0
2026-04-21 18:34:29,257 DEBUG [LineInfo_to_exitCode.log_LineInfo] 2026-04-21 18:34:29,248 [INFO] ThirdParty:1030 - CMSIS Pack Vendor :Cesanta I-CUBE-Mongoose 7.21.0
2026-04-21 18:34:29,258 DEBUG [LineInfo_to_exitCode.log_LineInfo] 2026-04-21 18:34:29,248 [INFO] ThirdParty:1030 - CMSIS Pack Vendor :STMicroelectronics X-CUBE-TOUCHGFX 4.26.1
2026-04-21 18:34:29,259 DEBUG [LineInfo_to_exitCode.log_LineInfo] 2026-04-21 18:34:29,248 [INFO] ThirdParty:1030 - CMSIS Pack Vendor :STMicroelectronics X-CUBE-WB05N 2.1.0
2026-04-21 18:34:29,261 DEBUG [LineInfo_to_exitCode.log_LineInfo] 2026-04-21 18:34:29,249 [INFO] LoadServerUpdatesThread:375 - End of LoadServerUpdate Thread
2026-04-21 18:34:33,920 ERROR [LineInfo_to_exitCode.log_LineInfo] C:\Users\vexas\.stm32cubemx\thirdparties\pdsc\STMicroelectronics.X-CUBE-ST67W61.1.3.0.pdsc: PDSC version is not supported
2026-04-21 18:34:34,677 DEBUG [LineInfo_to_exitCode.log_LineInfo] 2026-04-21 18:34:34,677 [INFO] ThirdParty:978 - Integrity check success = true
2026-04-21 18:34:34,678 DEBUG [LineInfo_to_exitCode.log_LineInfo] 2026-04-21 18:34:34,677 [INFO] IntegrityCheckThread:100 - exiting critical section [integrity check]
2026-04-21 18:34:34,679 DEBUG [LineInfo_to_exitCode.log_LineInfo] 2026-04-21 18:34:34,677 [INFO] IntegrityCheckThread:103 - End integrity checks thread
2026-04-21 18:34:34,796 DEBUG [LineInfo_to_exitCode.log_LineInfo] 2026-04-21 18:34:34,796 [INFO] Mcu:2029 - Initializing MCU STM32G431V(6-8-B)Tx STM32G431VBTx 
2026-04-21 18:34:35,250 DEBUG [LineInfo_to_exitCode.log_LineInfo] 2026-04-21 18:34:35,249 [INFO] ApiDb:581 - Connected to CubeFinder SQLite database (C:\Users\vexas\.stmcufinder\plugins\mcufinder\mcu\cube-finder-db.db)
2026-04-21 18:34:35,544 DEBUG [LineInfo_to_exitCode.log_LineInfo] 2026-04-21 18:34:35,543 [INFO] ApiDb:668 - CubeFinder database Data Model version=2.1
2026-04-21 18:34:35,545 DEBUG [LineInfo_to_exitCode.log_LineInfo] 2026-04-21 18:34:35,544 [INFO] ApiDb:669 - CubeFinder database Configuration version=3.0.39
2026-04-21 18:34:35,548 DEBUG [LineInfo_to_exitCode.log_LineInfo] 2026-04-21 18:34:35,547 [INFO] ApiDb:670 - CubeFinder database generation date=2025-11-05 (1762334721)
2026-04-21 18:34:35,549 DEBUG [LineInfo_to_exitCode.log_LineInfo] 2026-04-21 18:34:35,548 [INFO] ApiDb:671 - CubeFinder database FW Pack versions=[FP-ATR-ASTRA1_V2.0.0, FP-SNS-FLIGHT1_V5.1.0, FP-SNS-MOTENV1_V5.1.0, FP-SNS-MOTENVWB1_V1.4.0, FP-SNS-SMARTAG2_V1.2.0, FP-SNS-STBOX1_V2.1.0, STM32Cube_FW_C0_V1.4.0, STM32Cube_FW_F4_V1.28.3, STM32Cube_FW_F7_V1.17.4, STM32Cube_FW_G0_V1.6.2, STM32Cube_FW_G4_V1.6.1, STM32Cube_FW_H5_V1.5.1, STM32Cube_FW_H7RS_V1.3.0, STM32Cube_FW_H7_V1.12.1, STM32Cube_FW_L0_V1.12.2, STM32Cube_FW_L4_V1.18.1, STM32Cube_FW_L5_V1.6.0, STM32Cube_FW_N6_V1.3.0, STM32Cube_FW_U0_V1.3.0, STM32Cube_FW_U3_V1.2.1, STM32Cube_FW_U5_V1.8.0, STM32Cube_FW_WB0_V1.4.0, STM32Cube_FW_WBA_V1.8.0, STM32Cube_FW_WB_V1.24.0, STM32Cube_FW_WL3_V1.3.0, STM32Cube_FW_WL_V1.4.0, X-CUBE-ALGOBUILD_V1.4.0, X-CUBE-ALS_V1.0.2, X-CUBE-AZRTOS-F4_V1.1.0, X-CUBE-AZRTOS-F7_V1.1.0, X-CUBE-AZRTOS-G0_V1.1.0, X-CUBE-AZRTOS-G4_V2.0.0, X-CUBE-AZRTOS-H7RS_V1.1.0, X-CUBE-AZRTOS-H7_V3.4.0, X-CUBE-AZRTOS-L4_V2.0.0, X-CUBE-AZRTOS-L5_V2.0.0, X-CUBE-AZRTOS-WB_V2.0.0, X-CUBE-AZRTOS-WL_V2.0.0, X-CUBE-BLE1_V7.1.0, X-CUBE-BLE2_V3.3.0, X-CUBE-BLEMGR_V4.1.0, X-CUBE-EEPRMA1_V5.2.0, X-CUBE-FREERTOS_V1.3.1, X-CUBE-GNSS1_V6.0.0, X-CUBE-MEMS1_V11.3.0, X-CUBE-NFC4_V3.0.0, X-CUBE-NFC7_V2.0.0, X-CUBE-SFXS2LP1_V4.0.0, X-CUBE-ST67W61_V1.1.0, X-CUBE-SUBG2_V5.0.0, X-CUBE-TOF1_V3.4.3]
2026-04-21 18:34:37,949 DEBUG [LineInfo_to_exitCode.log_LineInfo] 2026-04-21 18:34:37,944 [INFO] ApiDb:240 - Found 894 in-development CPN: [B-G473E-ZEST1S, B-WB1M-WPAN1, B-WBA5M-WPAN, B-WBA6M-WPAN, B-WL5M-SUBG1, NUCLEO-C031C6, NUCLEO-C051C8, NUCLEO-C071RB, NUCLEO-C092RC, NUCLEO-H503RB, NUCLEO-H533RE, NUCLEO-H563ZI, NUCLEO-H7S3L8, NUCLEO-N657X0-Q, NUCLEO-U031R8, NUCLEO-U083RC, NUCLEO-U385RG-Q, NUCLEO-U545RE-Q, NUCLEO-U5A5ZJ-Q, NUCLEO-WB05KZ, NUCLEO-WB07CC, NUCLEO-WB09KE, NUCLEO-WBA52CG, NUCLEO-WBA55CG, NUCLEO-WL33CC1, NUCLEO-WL33CC2, NUCLEO-WL3RKB1, NUCLEO-WL3RKB2, STEVAL-PROTEUS1, STEVAL-SMARTAG2, STEVAL-STWINBX1, STM320518-EVAL, STM32C0116-DK, STM32C011D6Y3TR, STM32C011D6Y6TR, STM32C011F4P3, STM32C011F4P6, STM32C011F4U3, STM32C011F4U6TR, STM32C011F6P3, STM32C011F6P6, STM32C011F6U3, STM32C011F6U6TR, STM32C011J4M3, STM32C011J4M6, STM32C011J6M3, STM32C011J6M6, STM32C0316-DK, STM32C031C4T3, STM32C031C4T6, STM32C031C4U3, STM32C031C4U6, STM32C031C6T3, STM32C031C6T6, STM32C031C6U3, STM32C031C6U6, STM32C031F4P3, STM32C031F4P6, STM32C031F6P3, STM32C031F6P6, STM32C031G4U3, STM32C031G4U6, STM32C031G6U3, STM32C031G6U6, STM32C031K4T3, STM32C031K4T6, STM32C031K4U3, STM32C031K4U6, STM32C031K6T3, STM32C031K6T6, STM32C031K6U3, STM32C031K6U6, STM32C051C6T6, STM32C051C6U6, STM32C051C8T6, STM32C051C8U6, STM32C051D8Y6TR, STM32C051F6P6, STM32C051F8P6, STM32C051G6U6, STM32C051G8U6, STM32C051K6T6, STM32C051K6U6, STM32C051K8T6, STM32C071C8T6, STM32C071C8T6N, STM32C071C8U6, STM32C071C8U6N, STM32C071CBT6, STM32C071CBT6N, STM32C071CBU6, STM32C071CBU6N, STM32C071F8P6, STM32C071F8P6N, STM32C071FBP6, STM32C071FBP6N, STM32C071FBY6TR, STM32C071G8U6, STM32C071G8U6N, STM32C071GBU6, STM32C071GBU6N, STM32C071K8T6, STM32C071K8T6N, STM32C071K8U6, STM32C071K8U6N, STM32C071KBT6, STM32C071KBT6N, STM32C071KBU6, STM32C071KBU6N, STM32C071R8T6, STM32C071R8T6N, STM32C071RBI6N, STM32C071RBT6, STM32C071RBT6N, STM32C091CBT6, STM32C091CBU6, STM32C091CCT6, STM32C091CCU6, STM32C091ECY6TR, STM32C091FBP6, STM32C091FCP6, STM32C091GBU6, STM32C091GCU6, STM32C091KBT6, STM32C091KBU6, STM32C091KCT6, STM32C091KCU6, STM32C091RBT6, STM32C091RCI6, STM32C091RCT6, STM32C092CBT6, STM32C092CBU6, STM32C092CCT6, STM32C092CCU6, STM32C092ECY6TR, STM32C092FBP6, STM32C092FCP6, STM32C092GBU6, STM32C092GCU6, STM32C092KBT6, STM32C092KBU6, STM32C092KCT6, STM32C092KCU6, STM32C092RBT6, STM32C092RCI6, STM32C092RCT6, STM32G071K8TXN, STM32G071K8UXN, STM32G081GBU6N, STM32G081KBT6N, STM32G081KBUXN, STM32G0B1CCT6N, STM32G0B1KCT6, STM32G0B1NEY6TR, STM32G0B1RCT6N, STM32G0C1CCT6, STM32G0C1CCT6N, STM32G0C1CCU6N, STM32G0C1CET6N, STM32G0C1CEU6N, STM32G0C1KCT6, STM32G0C1NEY6TR, STM32G0C1RCI6N, STM32G0C1RCT6N, STM32G0C1REI6N, STM32G0C1RET6N, STM32G0C1VCI6, STM32G0C1VEI6, STM32G411C6T3, STM32G411C6T6, STM32G411C6U3, STM32G411C6U6, STM32G411C8T3, STM32G411C8T6, STM32G411C8U3, STM32G411C8U6, STM32G411CBT3, STM32G411CBT6, STM32G411CBU3, STM32G411CBU6, STM32G411K6T3, STM32G411K6T6, STM32G411K6U3, STM32G411K6U6, STM32G411K8T3, STM32G411K8T6, STM32G411K8U3, STM32G411K8U6, STM32G411KBT3, STM32G411KBT6, STM32G411KBU3, STM32G411KBU6, STM32G411M6T3, STM32G411M6T6, STM32G411M8T3, STM32G411M8T6, STM32G411MBT3, STM32G411MBT6, STM32G411R6T3, STM32G411R6T6, STM32G411R8T3, STM32G411R8T6, STM32G411RBT3, STM32G411RBT6, STM32G414CBT3, STM32G414CBT6, STM32G414CBU3, STM32G414CBU6, STM32G414CCT3, STM32G414CCT6, STM32G414CCU3, STM32G414CCU6, STM32G414MBT3, STM32G414MBT6, STM32G414MCT3, STM32G414MCT6, STM32G414RBT3, STM32G414RBT6, STM32G414RCT3, STM32G414RCT6, STM32G414VBT3, STM32G414VBT6, STM32G414VCT3, STM32G414VCT6, STM32G431CBT3Z, STM32G431RBT3Z, STM32G471CCT6, STM32G471CCU6, STM32G471CET3, STM32G471CET6, STM32G471CEU3, STM32G471CEU6, STM32G471MCT6, STM32G471MET3, STM32G471MET6, STM32G471MEY6TR, STM32G471QCT6, STM32G471QET3, STM32G471RCT6, STM32G471RET3, STM32G471RET6, STM32G471VCH6, STM32G471VCI6, STM32G471VCT6, STM32G471VEH3, STM32G471VEH6, STM32G471VEI3, STM32G471VEI6, STM32G471VET3, STM32G471VET6, STM32G473QET3Z, STM32G473RET3Z, STM32G474CCT6, STM32G491RET3Z, STM32H503CBT6, STM32H503CBU6, STM32H503EBY6TR, STM32H503KBU6, STM32H503RBT6, STM32H523CCT6, STM32H523CCU6, STM32H523CET6, STM32H523CEU6, STM32H523HEY6TR, STM32H523RCT6, STM32H523RET6, STM32H523VCI6, STM32H523VCT6, STM32H523VEI6, STM32H523VET6, STM32H523ZCJ6, STM32H523ZCT6, STM32H523ZEJ6, STM32H523ZET6, STM32H533CET6, STM32H533CEU6, STM32H533HEY6TR, STM32H533RET6, STM32H533VEI6, STM32H533VET6, STM32H533ZEJ6, STM32H533ZET6, STM32H562AGI6, STM32H562AII6, STM32H562IGK6, STM32H562IGT6, STM32H562IIK6, STM32H562IIT6, STM32H562RGT6, STM32H562RGV6, STM32H562RIT6, STM32H562RIV6, STM32H562VGT6, STM32H562VIT6, STM32H562ZGT6, STM32H562ZIT6, STM32H563AGI6, STM32H563AII3Q, STM32H563AII6, STM32H563IGK6, STM32H563IGT6, STM32H563IIK3Q, STM32H563IIK6, STM32H563IIT3Q, STM32H563IIT6, STM32H563LIH3Q, STM32H563MIY3QTR, STM32H563RGT6, STM32H563RGV6, STM32H563RIT6, STM32H563RIV6, STM32H563VGT6, STM32H563VIT3Q, STM32H563VIT6, STM32H563ZGT6, STM32H563ZIT3Q, STM32H563ZIT6, STM32H573AII3Q, STM32H573AII6, STM32H573I-DK, STM32H573IIK3Q, STM32H573IIK6, STM32H573IIT3Q, STM32H573IIT6, STM32H573LIH3Q, STM32H573MIY3QTR, STM32H573RIT6, STM32H573RIV6, STM32H573VIT3Q, STM32H573VIT6, STM32H573ZIT3Q, STM32H573ZIT6, STM32H7R3A8I6, STM32H7R3I8K6, STM32H7R3I8T6, STM32H7R3L8H6, STM32H7R3L8H6H, STM32H7R3R8V6, STM32H7R3V8H6, STM32H7R3V8T6, STM32H7R3V8Y6TR, STM32H7R3Z8J6, STM32H7R3Z8T6, STM32H7R7A8I6, STM32H7R7I8K6, STM32H7R7I8T6, STM32H7R7L8H6, STM32H7R7L8H6H, STM32H7R7Z8J6, STM32H7S3A8I6, STM32H7S3I8K6, STM32H7S3I8T6, STM32H7S3L8H6, STM32H7S3L8H6H, STM32H7S3R8V6, STM32H7S3V8H6, STM32H7S3V8T6, STM32H7S3V8Y6TR, STM32H7S3Z8J6, STM32H7S3Z8T6, STM32H7S78-DK, STM32H7S7A8I6, STM32H7S7I8K6, STM32H7S7I8T6, STM32H7S7L8H6, STM32H7S7L8H6H, STM32H7S7Z8J6, STM32L4R5QGI6STR, STM32MP131AAE3, STM32MP131AAF3, STM32MP131AAG3, STM32MP131CAE3, STM32MP131CAF3, STM32MP131CAG3, STM32MP131DAE7, STM32MP131DAF7, STM32MP131DAG7, STM32MP131FAE7, STM32MP131FAF7, STM32MP131FAG7, STM32MP133AAE3, STM32MP133AAF3, STM32MP133AAG3, STM32MP133CAE3, STM32MP133CAF3, STM32MP133CAG3, STM32MP133DAE7, STM32MP133DAF7, STM32MP133DAG7, STM32MP133FAE7, STM32MP133FAF7, STM32MP133FAG7, STM32MP135AAE3, STM32MP135AAF3, STM32MP135AAG3, STM32MP135CAE3, STM32MP135CAF3, STM32MP135CAG3, STM32MP135DAE7, STM32MP135DAF7, STM32MP135DAG7, STM32MP135F-DK, STM32MP135FAE7, STM32MP135FAF7, STM32MP135FAF7T, STM32MP135FAF7U, STM32MP135FAG7, STM32MP211AAL3, STM32MP211AAM3, STM32MP211AAN3, STM32MP211AAO3, STM32MP211CAL3, STM32MP211CAM3, STM32MP211CAN3, STM32MP211CAO3, STM32MP211DAL3, STM32MP211DAM3, STM32MP211DAN3, STM32MP211DAO3, STM32MP211FAL3, STM32MP211FAM3, STM32MP211FAN3, STM32MP211FAO3, STM32MP213AAL3, STM32MP213AAM3, STM32MP213AAN3, STM32MP213AAO3, STM32MP213CAL3, STM32MP213CAM3, STM32MP213CAN3, STM32MP213CAO3, STM32MP213DAL3, STM32MP213DAM3, STM32MP213DAN3, STM32MP213DAO3, STM32MP213FAL3, STM32MP213FAM3, STM32MP213FAN3, STM32MP213FAO3, STM32MP215AAL3, STM32MP215AAM3, STM32MP215AAN3, STM32MP215AAO3, STM32MP215CAL3, STM32MP215CAM3, STM32MP215CAN3, STM32MP215CAO3, STM32MP215DAL3, STM32MP215DAM3, STM32MP215DAN3, STM32MP215DAO3, STM32MP215F-DK, STM32MP215FAL3, STM32MP215FAM3, STM32MP215FAN3, STM32MP215FAO3, STM32MP231AAJ3, STM32MP231AAK3, STM32MP231AAL3, STM32MP231CAJ3, STM32MP231CAK3, STM32MP231CAL3, STM32MP231DAJ3, STM32MP231DAK3, STM32MP231DAL3, STM32MP231FAJ3, STM32MP231FAK3, STM32MP231FAL3, STM32MP233AAJ3, STM32MP233AAK3, STM32MP233AAL3, STM32MP233CAJ3, STM32MP233CAK3, STM32MP233CAL3, STM32MP233DAJ3, STM32MP233DAK3, STM32MP233DAL3, STM32MP233FAJ3, STM32MP233FAK3, STM32MP233FAL3, STM32MP235AAJ3, STM32MP235AAK3, STM32MP235AAL3, STM32MP235CAJ3, STM32MP235CAK3, STM32MP235CAL3, STM32MP235DAJ3, STM32MP235DAK3, STM32MP235DAL3, STM32MP235FAJ3, STM32MP235FAK3, STM32MP235FAL3, STM32MP251AAI3, STM32MP251AAK3, STM32MP251AAL3, STM32MP251CAI3, STM32MP251CAK3, STM32MP251CAL3, STM32MP251DAI3, STM32MP251DAK3, STM32MP251DAL3, STM32MP251FAI3, STM32MP251FAK3, STM32MP251FAL3, STM32MP253AAI3, STM32MP253AAK3, STM32MP253AAL3, STM32MP253CAI3, STM32MP253CAK3, STM32MP253CAL3, STM32MP253DAI3, STM32MP253DAK3, STM32MP253DAL3, STM32MP253FAI3, STM32MP253FAK3, STM32MP253FAL3, STM32MP255AAI3, STM32MP255AAK3, STM32MP255AAL3, STM32MP255CAI3, STM32MP255CAK3, STM32MP255CAL3, STM32MP255DAI3, STM32MP255DAK3, STM32MP255DAL3, STM32MP255FAI3, STM32MP255FAK3, STM32MP255FAL3, STM32MP257AAI3, STM32MP257AAK3, STM32MP257AAL3, STM32MP257CAI3, STM32MP257CAK3, STM32MP257CAL3, STM32MP257DAI3, STM32MP257DAK3, STM32MP257DAL3, STM32MP257F-DK, STM32MP257F-EV1, STM32MP257FAI3, STM32MP257FAK3, STM32MP257FAL3, STM32N645A0H3Q, STM32N645A0H3QG, STM32N645B0H3Q, STM32N645I0H3Q, STM32N645L0H3Q, STM32N645X0H3Q, STM32N645Z0H3Q, STM32N647A0H3Q, STM32N647A0H3QG, STM32N647B0H3Q, STM32N647I0H3Q, STM32N647L0H3Q, STM32N647X0H3Q, STM32N647Z0H3Q, STM32N655A0H3Q, STM32N655A0H3QG, STM32N655B0H3Q, STM32N655I0H3Q, STM32N655L0H3Q, STM32N655X0H3Q, STM32N655Z0H3Q, STM32N6570-DK, STM32N657A0H3Q, STM32N657A0H3QG, STM32N657B0H3Q, STM32N657I0H3Q, STM32N657L0H3Q, STM32N657X0H3Q, STM32N657Z0H3Q, STM32U031C6T6, STM32U031C6U6, STM32U031C8T6, STM32U031C8U6, STM32U031F4P6, STM32U031F6P6, STM32U031F8P6, STM32U031G6Y6TR, STM32U031G8Y6TR, STM32U031K4U6, STM32U031K6U6, STM32U031K8U6, STM32U031R6I6, STM32U031R6T6, STM32U031R8I6, STM32U031R8T6, STM32U073C8T6, STM32U073C8U6, STM32U073CBT6, STM32U073CBU6, STM32U073CCT6, STM32U073CCU6, STM32U073H8Y6TR, STM32U073HBY6TR, STM32U073HCY6TR, STM32U073K8U6, STM32U073KBU6, STM32U073KCU6, STM32U073M8I6, STM32U073M8T6, STM32U073MBI6, STM32U073MBT6, STM32U073MCI6, STM32U073MCT6, STM32U073R8I6, STM32U073R8T6, STM32U073RBI6, STM32U073RBT6, STM32U073RCI6, STM32U073RCT6, STM32U083C-DK, STM32U083CCT6, STM32U083CCU6, STM32U083HCY6TR, STM32U083KCU6, STM32U083MCI6, STM32U083MCT6, STM32U083RCI6, STM32U083RCT6, STM32U375CET6, STM32U375CET6Q, STM32U375CEU6, STM32U375CEU6Q, STM32U375CEY6QTR, STM32U375CGT6, STM32U375CGT6Q, STM32U375CGU6, STM32U375CGU6Q, STM32U375CGY6QTR, STM32U375KEU6, STM32U375KGU6, STM32U375REI6, STM32U375REI6Q, STM32U375RET6, STM32U375RET6Q, STM32U375REY6GTR, STM32U375REY6QTR, STM32U375RGI6, STM32U375RGI6Q, STM32U375RGT6, STM32U375RGT6Q, STM32U375RGY6GTR, STM32U375RGY6QTR, STM32U375VEI6, STM32U375VEI6Q, STM32U375VET6, STM32U375VET6Q, STM32U375VGI6, STM32U375VGI6Q, STM32U375VGT6, STM32U375VGT6Q, STM32U385CGT6, STM32U385CGT6Q, STM32U385CGU6, STM32U385CGU6Q, STM32U385CGY6QTR, STM32U385KGU6, STM32U385RGI6, STM32U385RGI6Q, STM32U385RGT6, STM32U385RGT6Q, STM32U385RGY6GTR, STM32U385RGY6QTR, STM32U385VGI6, STM32U385VGI6Q, STM32U385VGT6, STM32U385VGT6Q, STM32U535CBT6, STM32U535CBT6Q, STM32U535CBU6, STM32U535CBU6Q, STM32U535CCT6, STM32U535CCT6Q, STM32U535CCU6, STM32U535CCU6Q, STM32U535CET6, STM32U535CET6Q, STM32U535CEU6, STM32U535CEU6Q, STM32U535JEY6QTR, STM32U535NCY6QTR, STM32U535NEY6QTR, STM32U535RBI6, STM32U535RBI6Q, STM32U535RBT6, STM32U535RBT6Q, STM32U535RCI6, STM32U535RCI6Q, STM32U535RCT6, STM32U535RCT6Q, STM32U535REI6, STM32U535REI6Q, STM32U535RET6, STM32U535RET6Q, STM32U535VCI6, STM32U535VCI6Q, STM32U535VCT6, STM32U535VCT6Q, STM32U535VEI6, STM32U535VEI6Q, STM32U535VET6, STM32U535VET6Q, STM32U545CET6, STM32U545CET6Q, STM32U545CEU6, STM32U545CEU6Q, STM32U545JEY6QTR, STM32U545NEY6QTR, STM32U545REI6, STM32U545REI6Q, STM32U545RET6, STM32U545RET6Q, STM32U545VEI6, STM32U545VEI6Q, STM32U545VET6, STM32U545VET6Q, STM32U595AIH6, STM32U595AIH6Q, STM32U595AJH6, STM32U595AJH6Q, STM32U595QII6, STM32U595QII6Q, STM32U595QJI6, STM32U595QJI6Q, STM32U595RIT6, STM32U595RIT6Q, STM32U595RJT6, STM32U595RJT6Q, STM32U595VIT6, STM32U595VIT6Q, STM32U595VJT6, STM32U595VJT6Q, STM32U595ZIT6, STM32U595ZIT6Q, STM32U595ZIY6QTR, STM32U595ZJT6, STM32U595ZJT6Q, STM32U595ZJY6QTR, STM32U599BJY6QTR, STM32U599NIH6Q, STM32U599NJH6Q, STM32U599VIT6Q, STM32U599VJT6, STM32U599VJT6Q, STM32U599ZIT6Q, STM32U599ZIY6QTR, STM32U599ZJT6Q, STM32U599ZJY6QTR, STM32U5A5AJH6, STM32U5A5AJH6Q, STM32U5A5QII3Q , STM32U5A5QJI6, STM32U5A5QJI6Q, STM32U5A5RJT6, STM32U5A5RJT6Q, STM32U5A5VJT6, STM32U5A5VJT6Q, STM32U5A5ZJT6, STM32U5A5ZJT6Q, STM32U5A5ZJY6QTR, STM32U5A9BJY6QTR, STM32U5A9J-DK, STM32U5A9NJH6Q, STM32U5A9VJT6Q, STM32U5A9ZJT6Q, STM32U5A9ZJY6QTR, STM32U5F7VIT6, STM32U5F7VIT6Q, STM32U5F7VJT6, STM32U5F7VJT6Q, STM32U5F9BJY6QTR, STM32U5F9NJH6Q, STM32U5F9VIT6Q, STM32U5F9VJT6Q, STM32U5F9ZIJ6QTR, STM32U5F9ZIT6Q, STM32U5F9ZJJ6QTR, STM32U5F9ZJT6Q, STM32U5G7VJT6, STM32U5G7VJT6Q, STM32U5G9BJY6QTR, STM32U5G9J-DK1, STM32U5G9J-DK2, STM32U5G9NJH6Q, STM32U5G9VJT6Q, STM32U5G9ZJJ6QTR, STM32U5G9ZJT6Q, STM32WB05KZV6TR, STM32WB05KZV7TR, STM32WB05TZF6TR, STM32WB05TZF7TR, STM32WB06CCF6TR, STM32WB06CCF7TR, STM32WB06CCV6TR, STM32WB06CCV7TR, STM32WB06KCV6TR, STM32WB06KCV7TR, STM32WB07CCF6TR, STM32WB07CCF7TR, STM32WB07CCV6TR, STM32WB07CCV7TR, STM32WB07KCV6TR, STM32WB07KCV7TR, STM32WB09KEV6TR, STM32WB09KEV7TR, STM32WB09TEF6TR, STM32WB09TEF7TR, STM32WB1MMCH6, STM32WBA50KGU6, STM32WBA50KGU6TR, STM32WBA52CEU6, STM32WBA52CEU6TR, STM32WBA52CEU7, STM32WBA52CEU7TR, STM32WBA52CGU6, STM32WBA52CGU6TR, STM32WBA52CGU6U, STM32WBA52CGU7, STM32WBA52CGU7TR, STM32WBA52KEU6, STM32WBA52KEU6TR, STM32WBA52KGU6, STM32WBA52KGU6TR, STM32WBA54CEU6, STM32WBA54CEU6TR, STM32WBA54CEU7, STM32WBA54CEU7TR, STM32WBA54CGU6, STM32WBA54CGU6TR, STM32WBA54CGU7, STM32WBA54CGU7TR, STM32WBA54KEU6, STM32WBA54KEU6TR, STM32WBA54KEU7, STM32WBA54KEU7TR, STM32WBA54KGU6, STM32WBA54KGU6TR, STM32WBA54KGU7, STM32WBA54KGU7TR, STM32WBA55CEU6, STM32WBA55CEU6TR, STM32WBA55CEU7, STM32WBA55CEU7TR, STM32WBA55CGU6, STM32WBA55CGU6TR, STM32WBA55CGU6U, STM32WBA55CGU7, STM32WBA55CGU7TR, STM32WBA55G-DK1, STM32WBA55HEF6, STM32WBA55HEF7, STM32WBA55HGF6, STM32WBA55HGF7, STM32WBA55UEI6, STM32WBA55UEI6TR, STM32WBA55UEI7, STM32WBA55UEI7TR, STM32WBA55UGI6, STM32WBA55UGI6TR, STM32WBA55UGI7, STM32WBA55UGI7TR, STM32WBA5MMGH6TR, STM32WBA62MGF6, STM32WBA62MIF6, STM32WBA65MGF7, STM32WBA65MIF6, STM32WBA65MIF7, STM32WBA6MOIH6, STM32WL30K8V6, STM32WL30KBV6, STM32WL31C8V6, STM32WL31CBV6, STM32WL31K8V6, STM32WL31KBV6, STM32WL33C8V6, STM32WL33C8V6X, STM32WL33CBV6, STM32WL33CBV6X, STM32WL33CCV6, STM32WL33CCV6A, STM32WL33CCV6X, STM32WL33K8V7, STM32WL33K8V7X, STM32WL33KBV7 , STM32WL33KBV7X, STM32WL33KCV7, STM32WL33KCV7X, STM32WL3RK8V6, STM32WL3RK8V6X, STM32WL3RKBV6, STM32WL3RKBV6X, STM32WL5MOCH6, STM32WL5MOCH6TR]
2026-04-21 18:34:37,964 DEBUG [LineInfo_to_exitCode.log_LineInfo] 2026-04-21 18:34:37,963 [INFO] DbMcus:218 - Found 4884 MCUs, 4884 are supported
2026-04-21 18:34:37,966 DEBUG [LineInfo_to_exitCode.log_LineInfo] 2026-04-21 18:34:37,965 [INFO] ApiDb:414 - User favorites file not found: C:\Users\vexas/.stm32cubemx/favorites.mcus.txt
2026-04-21 18:34:37,966 DEBUG [LineInfo_to_exitCode.log_LineInfo] 2026-04-21 18:34:37,965 [INFO] DbMcus:224 - Set 0 / 0 favorites MCUs
2026-04-21 18:34:38,906 DEBUG [LineInfo_to_exitCode.log_LineInfo] 2026-04-21 18:34:38,905 [INFO] Mcu:2044 - No CPN specified => set CPN to STM32G431VBT3
2026-04-21 18:34:46,862 DEBUG [LineInfo_to_exitCode.log_LineInfo] 2026-04-21 18:34:46,853 [INFO] Context:783 - Trying to add GPIOservice into a context  which must be forbidden
2026-04-21 18:34:51,108 DEBUG [LineInfo_to_exitCode.log_LineInfo] 2026-04-21 18:34:51,106 [INFO] ImportTextPane:234 - (OptionalMessage_ERROR) Unable to find key (Mcu.ThirdPartyNb) in loaded IOC file
2026-04-21 18:34:51,193 DEBUG [LineInfo_to_exitCode.log_LineInfo] 2026-04-21 18:34:51,192 [INFO] ImportTextPane:234 - (OptionalMessage_ERROR) Pin42 (VP_RIF_VS_RIF1) cannot be retrieved for this MCU
2026-04-21 18:34:51,846 DEBUG [LineInfo_to_exitCode.log_LineInfo] 2026-04-21 18:34:51,845 [INFO] RtosManager:561 - Registered RTOS mode: class=CMSIS, group=RTOS, mode=CMSIS_V1, owner=FREERTOS
2026-04-21 18:34:51,847 DEBUG [LineInfo_to_exitCode.log_LineInfo] 2026-04-21 18:34:51,845 [INFO] RtosManager:561 - Registered RTOS mode: class=CMSIS, group=RTOS2, mode=CMSIS_V2, owner=FREERTOS
2026-04-21 18:34:51,847 DEBUG [LineInfo_to_exitCode.log_LineInfo] 2026-04-21 18:34:51,846 [INFO] RtosManager:561 - Registered RTOS mode: class=RTOS, group=Core, mode=CMSIS_V1, owner=FREERTOS
2026-04-21 18:34:51,847 DEBUG [LineInfo_to_exitCode.log_LineInfo] 2026-04-21 18:34:51,846 [INFO] RtosManager:561 - Registered RTOS mode: class=RTOS, group=Core, mode=CMSIS_V2, owner=FREERTOS
2026-04-21 18:34:52,067 DEBUG [LineInfo_to_exitCode.log_LineInfo] 2026-04-21 18:34:52,066 [INFO] ThirdPartyModel:298 - Start build external matchings
2026-04-21 18:34:52,556 DEBUG [LineInfo_to_exitCode.log_LineInfo] 2026-04-21 18:34:52,555 [INFO] ThirdPartyModel:316 - End build external matchings
2026-04-21 18:34:52,711 DEBUG [LineInfo_to_exitCode.log_LineInfo] 2026-04-21 18:34:52,710 [INFO] ImportTextPane:234 - (OptionalMessage_ERROR) IP (DMA) : Parameter (Instance) has Id (USART1_RX) currently not set
2026-04-21 18:34:52,711 DEBUG [LineInfo_to_exitCode.log_LineInfo] 2026-04-21 18:34:52,711 [INFO] ImportTextPane:234 - (OptionalMessage_ERROR) IP (DMA) : Parameter (Request) has Id (USART1_RX) currently not set
2026-04-21 18:34:52,712 DEBUG [LineInfo_to_exitCode.log_LineInfo] 2026-04-21 18:34:52,712 [INFO] ImportTextPane:234 - (OptionalMessage_ERROR) IP (DMA) : Parameter (Direction) has Id (USART1_RX) currently not set
2026-04-21 18:34:52,712 DEBUG [LineInfo_to_exitCode.log_LineInfo] 2026-04-21 18:34:52,712 [INFO] ImportTextPane:234 - (OptionalMessage_ERROR) IP (DMA) : Parameter (PeriphInc) has Id (USART1_RX) currently not set
2026-04-21 18:34:52,713 DEBUG [LineInfo_to_exitCode.log_LineInfo] 2026-04-21 18:34:52,712 [INFO] ImportTextPane:234 - (OptionalMessage_ERROR) IP (DMA) : Parameter (MemInc) has Id (USART1_RX) currently not set
2026-04-21 18:34:52,714 DEBUG [LineInfo_to_exitCode.log_LineInfo] 2026-04-21 18:34:52,714 [INFO] ImportTextPane:234 - (OptionalMessage_ERROR) IP (DMA) : Parameter (PeriphDataAlignment) has Id (USART1_RX) currently not set
2026-04-21 18:34:52,716 DEBUG [LineInfo_to_exitCode.log_LineInfo] 2026-04-21 18:34:52,716 [INFO] ImportTextPane:234 - (OptionalMessage_ERROR) IP (DMA) : Parameter (MemDataAlignment) has Id (USART1_RX) currently not set
2026-04-21 18:34:52,716 DEBUG [LineInfo_to_exitCode.log_LineInfo] 2026-04-21 18:34:52,716 [INFO] ImportTextPane:234 - (OptionalMessage_ERROR) IP (DMA) : Parameter (Mode) has Id (USART1_RX) currently not set
2026-04-21 18:34:52,717 DEBUG [LineInfo_to_exitCode.log_LineInfo] 2026-04-21 18:34:52,717 [INFO] ImportTextPane:234 - (OptionalMessage_ERROR) IP (DMA) : Parameter (Priority) has Id (USART1_RX) currently not set
2026-04-21 18:34:52,718 DEBUG [LineInfo_to_exitCode.log_LineInfo] 2026-04-21 18:34:52,717 [INFO] ImportTextPane:234 - (OptionalMessage_ERROR) IP (DMA) : Parameter (Instance) has Id (USART1_TX) currently not set
2026-04-21 18:34:52,718 DEBUG [LineInfo_to_exitCode.log_LineInfo] 2026-04-21 18:34:52,717 [INFO] ImportTextPane:234 - (OptionalMessage_ERROR) IP (DMA) : Parameter (Request) has Id (USART1_TX) currently not set
2026-04-21 18:34:52,718 DEBUG [LineInfo_to_exitCode.log_LineInfo] 2026-04-21 18:34:52,718 [INFO] ImportTextPane:234 - (OptionalMessage_ERROR) IP (DMA) : Parameter (Direction) has Id (USART1_TX) currently not set
2026-04-21 18:34:52,719 DEBUG [LineInfo_to_exitCode.log_LineInfo] 2026-04-21 18:34:52,718 [INFO] ImportTextPane:234 - (OptionalMessage_ERROR) IP (DMA) : Parameter (PeriphInc) has Id (USART1_TX) currently not set
2026-04-21 18:34:52,719 DEBUG [LineInfo_to_exitCode.log_LineInfo] 2026-04-21 18:34:52,718 [INFO] ImportTextPane:234 - (OptionalMessage_ERROR) IP (DMA) : Parameter (MemInc) has Id (USART1_TX) currently not set
2026-04-21 18:34:52,719 DEBUG [LineInfo_to_exitCode.log_LineInfo] 2026-04-21 18:34:52,718 [INFO] ImportTextPane:234 - (OptionalMessage_ERROR) IP (DMA) : Parameter (PeriphDataAlignment) has Id (USART1_TX) currently not set
2026-04-21 18:34:52,719 DEBUG [LineInfo_to_exitCode.log_LineInfo] 2026-04-21 18:34:52,718 [INFO] ImportTextPane:234 - (OptionalMessage_ERROR) IP (DMA) : Parameter (MemDataAlignment) has Id (USART1_TX) currently not set
2026-04-21 18:34:52,720 DEBUG [LineInfo_to_exitCode.log_LineInfo] 2026-04-21 18:34:52,719 [INFO] ImportTextPane:234 - (OptionalMessage_ERROR) IP (DMA) : Parameter (Mode) has Id (USART1_TX) currently not set
2026-04-21 18:34:52,720 DEBUG [LineInfo_to_exitCode.log_LineInfo] 2026-04-21 18:34:52,719 [INFO] ImportTextPane:234 - (OptionalMessage_ERROR) IP (DMA) : Parameter (Priority) has Id (USART1_TX) currently not set
2026-04-21 18:34:52,916 DEBUG [LineInfo_to_exitCode.log_LineInfo] 2026-04-21 18:34:52,912 [INFO] ImportTextPane:234 - (OptionalMessage_ERROR) IP (MotorControl) : Invalid parameter (ADC_AHBPERIPH)
2026-04-21 18:34:52,919 DEBUG [LineInfo_to_exitCode.log_LineInfo] 2026-04-21 18:34:52,918 [INFO] ImportTextPane:234 - (OptionalMessage_ERROR) IP (MotorControl) : Invalid parameter (AUX_ENCODER)
2026-04-21 18:34:52,920 DEBUG [LineInfo_to_exitCode.log_LineInfo] 2026-04-21 18:34:52,918 [INFO] ImportTextPane:234 - (OptionalMessage_ERROR) IP (MotorControl) : Invalid parameter (BUS_VOLTAGE_READING)
2026-04-21 18:34:52,921 DEBUG [LineInfo_to_exitCode.log_LineInfo] 2026-04-21 18:34:52,919 [INFO] ImportTextPane:234 - (OptionalMessage_ERROR) IP (MotorControl) : Invalid parameter (CCMRAM_ENABLED)
2026-04-21 18:34:52,922 DEBUG [LineInfo_to_exitCode.log_LineInfo] 2026-04-21 18:34:52,920 [INFO] ImportTextPane:234 - (OptionalMessage_ERROR) IP (MotorControl) : Invalid parameter (CLOCK_FREQUENCY)
2026-04-21 18:34:52,926 DEBUG [LineInfo_to_exitCode.log_LineInfo] 2026-04-21 18:34:52,925 [INFO] ImportTextPane:234 - (OptionalMessage_ERROR) IP (MotorControl) : Invalid parameter (CLOCK_SOURCE)
2026-04-21 18:34:52,928 DEBUG [LineInfo_to_exitCode.log_LineInfo] 2026-04-21 18:34:52,925 [INFO] ImportTextPane:234 - (OptionalMessage_ERROR) IP (MotorControl) : Invalid parameter (CPU_CLK_170_MHZ)
2026-04-21 18:34:52,929 DEBUG [LineInfo_to_exitCode.log_LineInfo] 2026-04-21 18:34:52,926 [INFO] ImportTextPane:234 - (OptionalMessage_ERROR) IP (MotorControl) : Invalid parameter (CURR_SAMPLING_TIME)
2026-04-21 18:34:52,929 DEBUG [LineInfo_to_exitCode.log_LineInfo] 2026-04-21 18:34:52,926 [INFO] ImportTextPane:234 - (OptionalMessage_ERROR) IP (MotorControl) : Invalid parameter (CURRENT_READING_TOPOLOGY)
2026-04-21 18:34:52,929 DEBUG [LineInfo_to_exitCode.log_LineInfo] 2026-04-21 18:34:52,926 [INFO] ImportTextPane:234 - (OptionalMessage_ERROR) IP (MotorControl) : Invalid parameter (DRIVE_TYPE)
2026-04-21 18:34:52,929 DEBUG [LineInfo_to_exitCode.log_LineInfo] 2026-04-21 18:34:52,926 [INFO] ImportTextPane:234 - (OptionalMessage_ERROR) IP (MotorControl) : Invalid parameter (DRIVES_NUMBER_SELECTION)
2026-04-21 18:34:52,930 DEBUG [LineInfo_to_exitCode.log_LineInfo] 2026-04-21 18:34:52,927 [INFO] ImportTextPane:234 - (OptionalMessage_ERROR) IP (MotorControl) : Invalid parameter (ENC_A_GPIO_PIN)
2026-04-21 18:34:52,930 DEBUG [LineInfo_to_exitCode.log_LineInfo] 2026-04-21 18:34:52,927 [INFO] ImportTextPane:234 - (OptionalMessage_ERROR) IP (MotorControl) : Invalid parameter (ENC_A_GPIO_PORT)
2026-04-21 18:34:52,931 DEBUG [LineInfo_to_exitCode.log_LineInfo] 2026-04-21 18:34:52,928 [INFO] ImportTextPane:234 - (OptionalMessage_ERROR) IP (MotorControl) : Invalid parameter (ENC_B_GPIO_PIN)
2026-04-21 18:34:52,931 DEBUG [LineInfo_to_exitCode.log_LineInfo] 2026-04-21 18:34:52,928 [INFO] ImportTextPane:234 - (OptionalMessage_ERROR) IP (MotorControl) : Invalid parameter (ENC_B_GPIO_PORT)
2026-04-21 18:34:52,932 DEBUG [LineInfo_to_exitCode.log_LineInfo] 2026-04-21 18:34:52,929 [INFO] ImportTextPane:234 - (OptionalMessage_ERROR) IP (MotorControl) : Invalid parameter (ENC_ICx_FILTER)
2026-04-21 18:34:52,934 DEBUG [LineInfo_to_exitCode.log_LineInfo] 2026-04-21 18:34:52,929 [INFO] ImportTextPane:234 - (OptionalMessage_ERROR) IP (MotorControl) : Invalid parameter (ENC_INVERT_SPEED)
2026-04-21 18:34:52,934 DEBUG [LineInfo_to_exitCode.log_LineInfo] 2026-04-21 18:34:52,930 [INFO] ImportTextPane:234 - (OptionalMessage_ERROR) IP (MotorControl) : Invalid parameter (ENC_TIMER_SELECTION)
2026-04-21 18:34:52,934 DEBUG [LineInfo_to_exitCode.log_LineInfo] 2026-04-21 18:34:52,931 [INFO] ImportTextPane:234 - (OptionalMessage_ERROR) IP (MotorControl) : Invalid parameter (ENC_USE_CH3)
2026-04-21 18:34:52,934 DEBUG [LineInfo_to_exitCode.log_LineInfo] 2026-04-21 18:34:52,932 [INFO] ImportTextPane:234 - (OptionalMessage_ERROR) IP (MotorControl) : Invalid parameter (ENCODER_AVAILABLE)
2026-04-21 18:34:52,935 DEBUG [LineInfo_to_exitCode.log_LineInfo] 2026-04-21 18:34:52,932 [INFO] ImportTextPane:234 - (OptionalMessage_ERROR) IP (MotorControl) : Invalid parameter (ENCODER_PPR)
2026-04-21 18:34:52,935 DEBUG [LineInfo_to_exitCode.log_LineInfo] 2026-04-21 18:34:52,932 [INFO] ImportTextPane:234 - (OptionalMessage_ERROR) IP (MotorControl) : Invalid parameter (EXT_CLOCK_FREQUENCY)
2026-04-21 18:34:52,935 DEBUG [LineInfo_to_exitCode.log_LineInfo] 2026-04-21 18:34:52,932 [INFO] ImportTextPane:234 - (OptionalMessage_ERROR) IP (MotorControl) : Invalid parameter (FEEDBACK_NET_FILTERING)
2026-04-21 18:34:52,936 DEBUG [LineInfo_to_exitCode.log_LineInfo] 2026-04-21 18:34:52,933 [INFO] ImportTextPane:234 - (OptionalMessage_ERROR) IP (MotorControl) : Invalid parameter (FLASH_SIZE)
2026-04-21 18:34:52,936 DEBUG [LineInfo_to_exitCode.log_LineInfo] 2026-04-21 18:34:52,933 [INFO] ImportTextPane:234 - (OptionalMessage_ERROR) IP (MotorControl) : Invalid parameter (HALL_SENSORS_AVAILABLE)
2026-04-21 18:34:52,936 DEBUG [LineInfo_to_exitCode.log_LineInfo] 2026-04-21 18:34:52,933 [INFO] ImportTextPane:234 - (OptionalMessage_ERROR) IP (MotorControl) : Invalid parameter (HW_COMPLEMENTED_LOW_SIDE)
2026-04-21 18:34:52,936 DEBUG [LineInfo_to_exitCode.log_LineInfo] 2026-04-21 18:34:52,933 [INFO] ImportTextPane:234 - (OptionalMessage_ERROR) IP (MotorControl) : Invalid parameter (HW_DEAD_TIME_NS)
2026-04-21 18:34:52,936 DEBUG [LineInfo_to_exitCode.log_LineInfo] 2026-04-21 18:34:52,934 [INFO] ImportTextPane:234 - (OptionalMessage_ERROR) IP (MotorControl) : Invalid parameter (HWV_CS)
2026-04-21 18:34:52,936 DEBUG [LineInfo_to_exitCode.log_LineInfo] 2026-04-21 18:34:52,934 [INFO] ImportTextPane:234 - (OptionalMessage_ERROR) IP (MotorControl) : Invalid parameter (HWV_OCP)
2026-04-21 18:34:52,936 DEBUG [LineInfo_to_exitCode.log_LineInfo] 2026-04-21 18:34:52,935 [INFO] ImportTextPane:234 - (OptionalMessage_ERROR) IP (MotorControl) : Invalid parameter (HWV_PWM)
2026-04-21 18:34:52,937 DEBUG [LineInfo_to_exitCode.log_LineInfo] 2026-04-21 18:34:52,935 [INFO] ImportTextPane:234 - (OptionalMessage_ERROR) IP (MotorControl) : Invalid parameter (INT_RC_OSC)
2026-04-21 18:34:52,937 DEBUG [LineInfo_to_exitCode.log_LineInfo] 2026-04-21 18:34:52,935 [INFO] ImportTextPane:234 - (OptionalMessage_ERROR) IP (MotorControl) : Invalid parameter (IPs)
2026-04-21 18:34:52,939 DEBUG [LineInfo_to_exitCode.log_LineInfo] 2026-04-21 18:34:52,935 [INFO] ImportTextPane:234 - (OptionalMessage_ERROR) IP (MotorControl) : Invalid parameter (LOW_SIDE_SIGNALS_ENABLING)
2026-04-21 18:34:52,940 DEBUG [LineInfo_to_exitCode.log_LineInfo] 2026-04-21 18:34:52,936 [INFO] ImportTextPane:234 - (OptionalMessage_ERROR) IP (MotorControl) : Invalid parameter (M1_COMMUTATION_STEP_TIME_BUF_SIZE)
2026-04-21 18:34:52,940 DEBUG [LineInfo_to_exitCode.log_LineInfo] 2026-04-21 18:34:52,936 [INFO] ImportTextPane:234 - (OptionalMessage_ERROR) IP (MotorControl) : Invalid parameter (M1_CURRENT_AMPLIFICATION_TOPO)
2026-04-21 18:34:52,940 DEBUG [LineInfo_to_exitCode.log_LineInfo] 2026-04-21 18:34:52,936 [INFO] ImportTextPane:234 - (OptionalMessage_ERROR) IP (MotorControl) : Invalid parameter (M1_DC_CURRENT_RS_MEAS)
2026-04-21 18:34:52,941 DEBUG [LineInfo_to_exitCode.log_LineInfo] 2026-04-21 18:34:52,940 [INFO] ImportTextPane:234 - (OptionalMessage_ERROR) IP (MotorControl) : Invalid parameter (M1_ENC_A_GPIO_PIN)
2026-04-21 18:34:52,941 DEBUG [LineInfo_to_exitCode.log_LineInfo] 2026-04-21 18:34:52,940 [INFO] ImportTextPane:234 - (OptionalMessage_ERROR) IP (MotorControl) : Invalid parameter (M1_ENC_A_GPIO_PORT)
2026-04-21 18:34:52,941 DEBUG [LineInfo_to_exitCode.log_LineInfo] 2026-04-21 18:34:52,940 [INFO] ImportTextPane:234 - (OptionalMessage_ERROR) IP (MotorControl) : Invalid parameter (M1_ENC_B_GPIO_PIN)
2026-04-21 18:34:52,942 DEBUG [LineInfo_to_exitCode.log_LineInfo] 2026-04-21 18:34:52,940 [INFO] ImportTextPane:234 - (OptionalMessage_ERROR) IP (MotorControl) : Invalid parameter (M1_ENC_B_GPIO_PORT)
2026-04-21 18:34:52,942 DEBUG [LineInfo_to_exitCode.log_LineInfo] 2026-04-21 18:34:52,941 [INFO] ImportTextPane:234 - (OptionalMessage_ERROR) IP (MotorControl) : Invalid parameter (M1_ENC_TIMER_IRQ)
2026-04-21 18:34:52,942 DEBUG [LineInfo_to_exitCode.log_LineInfo] 2026-04-21 18:34:52,941 [INFO] ImportTextPane:234 - (OptionalMessage_ERROR) IP (MotorControl) : Invalid parameter (M1_ENC_USE_CH3)
2026-04-21 18:34:52,942 DEBUG [LineInfo_to_exitCode.log_LineInfo] 2026-04-21 18:34:52,942 [INFO] ImportTextPane:234 - (OptionalMessage_ERROR) IP (MotorControl) : Invalid parameter (M1_HIGH_SIDE_IDLE_STATE)
2026-04-21 18:34:52,943 DEBUG [LineInfo_to_exitCode.log_LineInfo] 2026-04-21 18:34:52,942 [INFO] ImportTextPane:234 - (OptionalMessage_ERROR) IP (MotorControl) : Invalid parameter (M1_INT_AMP_OPAMP1_PIN)
2026-04-21 18:34:52,943 DEBUG [LineInfo_to_exitCode.log_LineInfo] 2026-04-21 18:34:52,942 [INFO] ImportTextPane:234 - (OptionalMessage_ERROR) IP (MotorControl) : Invalid parameter (M1_INT_AMP_OPAMP2_PIN)
2026-04-21 18:34:52,943 DEBUG [LineInfo_to_exitCode.log_LineInfo] 2026-04-21 18:34:52,943 [INFO] ImportTextPane:234 - (OptionalMessage_ERROR) IP (MotorControl) : Invalid parameter (M1_INT_AMP_OPAMP3_PIN)
2026-04-21 18:34:52,944 DEBUG [LineInfo_to_exitCode.log_LineInfo] 2026-04-21 18:34:52,943 [INFO] ImportTextPane:234 - (OptionalMessage_ERROR) IP (MotorControl) : Invalid parameter (M1_INT_AMP_OPAMPS)
2026-04-21 18:34:52,944 DEBUG [LineInfo_to_exitCode.log_LineInfo] 2026-04-21 18:34:52,943 [INFO] ImportTextPane:234 - (OptionalMessage_ERROR) IP (MotorControl) : Invalid parameter (M1_LOW_SIDE_IDLE_STATE)
2026-04-21 18:34:52,944 DEBUG [LineInfo_to_exitCode.log_LineInfo] 2026-04-21 18:34:52,944 [INFO] ImportTextPane:234 - (OptionalMessage_ERROR) IP (MotorControl) : Invalid parameter (M1_OCP_BKIN_FILTER)
2026-04-21 18:34:52,947 DEBUG [LineInfo_to_exitCode.log_LineInfo] 2026-04-21 18:34:52,946 [INFO] ImportTextPane:234 - (OptionalMessage_ERROR) IP (MotorControl) : Invalid parameter (M1_OCP_BKIN_MODE)
2026-04-21 18:34:52,952 DEBUG [LineInfo_to_exitCode.log_LineInfo] 2026-04-21 18:34:52,952 [INFO] ImportTextPane:234 - (OptionalMessage_ERROR) IP (MotorControl) : Invalid parameter (M1_OCP_BKIN_POLARITY)
2026-04-21 18:34:52,962 DEBUG [LineInfo_to_exitCode.log_LineInfo] 2026-04-21 18:34:52,962 [INFO] ImportTextPane:234 - (OptionalMessage_ERROR) IP (MotorControl) : Parameter (M1_PWM_CHARGE_BOOT_CAP_DUTY_CYCLES) has invalid value (0.000)
2026-04-21 18:34:52,963 DEBUG [LineInfo_to_exitCode.log_LineInfo] 2026-04-21 18:34:52,963 [INFO] ImportTextPane:234 - (OptionalMessage_ERROR) IP (MotorControl) : Invalid parameter (M1_PWM_TIMER_BRK_IRQ)
2026-04-21 18:34:52,964 DEBUG [LineInfo_to_exitCode.log_LineInfo] 2026-04-21 18:34:52,964 [INFO] ImportTextPane:234 - (OptionalMessage_ERROR) IP (MotorControl) : Invalid parameter (M1_PWM_TIMER_UP_IRQ)
2026-04-21 18:34:52,965 DEBUG [LineInfo_to_exitCode.log_LineInfo] 2026-04-21 18:34:52,965 [INFO] ImportTextPane:234 - (OptionalMessage_ERROR) IP (MotorControl) : Invalid parameter (M1_SPD_DIFFERENTIAL_TERM_ENABLING)
2026-04-21 18:34:52,974 DEBUG [LineInfo_to_exitCode.log_LineInfo] 2026-04-21 18:34:52,973 [INFO] ImportTextPane:234 - (OptionalMessage_ERROR) IP (MotorControl) : Invalid parameter (MAX_READABLE_CURRENT)
2026-04-21 18:34:52,975 DEBUG [LineInfo_to_exitCode.log_LineInfo] 2026-04-21 18:34:52,974 [INFO] ImportTextPane:234 - (OptionalMessage_ERROR) IP (MotorControl) : Invalid parameter (MC_WORKBENCH_VERSION)
2026-04-21 18:34:52,978 DEBUG [LineInfo_to_exitCode.log_LineInfo] 2026-04-21 18:34:52,977 [INFO] ImportTextPane:234 - (OptionalMessage_ERROR) IP (MotorControl) : Invalid parameter (MCU)
2026-04-21 18:34:52,979 DEBUG [LineInfo_to_exitCode.log_LineInfo] 2026-04-21 18:34:52,979 [INFO] ImportTextPane:234 - (OptionalMessage_ERROR) IP (MotorControl) : Invalid parameter (MCU_FAMILY)
2026-04-21 18:34:52,979 DEBUG [LineInfo_to_exitCode.log_LineInfo] 2026-04-21 18:34:52,979 [INFO] ImportTextPane:234 - (OptionalMessage_ERROR) IP (MotorControl) : Invalid parameter (MCU_LINE)
2026-04-21 18:34:52,982 DEBUG [LineInfo_to_exitCode.log_LineInfo] 2026-04-21 18:34:52,982 [INFO] ImportTextPane:234 - (OptionalMessage_ERROR) IP (MotorControl) : Invalid parameter (MCU_PACKAGE)
2026-04-21 18:34:52,983 DEBUG [LineInfo_to_exitCode.log_LineInfo] 2026-04-21 18:34:52,982 [INFO] ImportTextPane:234 - (OptionalMessage_ERROR) IP (MotorControl) : Invalid parameter (MCU_TYPE)
2026-04-21 18:34:52,983 DEBUG [LineInfo_to_exitCode.log_LineInfo] 2026-04-21 18:34:52,982 [INFO] ImportTextPane:234 - (OptionalMessage_ERROR) IP (MotorControl) : Invalid parameter (MCU_USERNAME)
2026-04-21 18:34:52,983 DEBUG [LineInfo_to_exitCode.log_LineInfo] 2026-04-21 18:34:52,982 [INFO] ImportTextPane:234 - (OptionalMessage_ERROR) IP (MotorControl) : Invalid parameter (MOTOR_TYPE)
2026-04-21 18:34:52,985 DEBUG [LineInfo_to_exitCode.log_LineInfo] 2026-04-21 18:34:52,984 [INFO] ImportTextPane:234 - (OptionalMessage_ERROR) IP (MotorControl) : Invalid parameter (OCP_FILTER)
2026-04-21 18:34:52,988 DEBUG [LineInfo_to_exitCode.log_LineInfo] 2026-04-21 18:34:52,986 [INFO] ImportTextPane:234 - (OptionalMessage_ERROR) IP (MotorControl) : Invalid parameter (OCP_INVERTINGINPUT)
2026-04-21 18:34:52,990 DEBUG [LineInfo_to_exitCode.log_LineInfo] 2026-04-21 18:34:52,990 [INFO] ImportTextPane:234 - (OptionalMessage_ERROR) IP (MotorControl) : Invalid parameter (OCPA_DAC_INTERNAL_PIN)
2026-04-21 18:34:52,991 DEBUG [LineInfo_to_exitCode.log_LineInfo] 2026-04-21 18:34:52,990 [INFO] ImportTextPane:234 - (OptionalMessage_ERROR) IP (MotorControl) : Invalid parameter (OCPA_INVERTINGINPUT)
2026-04-21 18:34:52,992 DEBUG [LineInfo_to_exitCode.log_LineInfo] 2026-04-21 18:34:52,991 [INFO] ImportTextPane:234 - (OptionalMessage_ERROR) IP (MotorControl) : Invalid parameter (OCPA_INVERTINGINPUT_DAC_OUT)
2026-04-21 18:34:52,993 DEBUG [LineInfo_to_exitCode.log_LineInfo] 2026-04-21 18:34:52,993 [INFO] ImportTextPane:234 - (OptionalMessage_ERROR) IP (MotorControl) : Invalid parameter (OCPA_INVERTINGINPUT_GPIO_PIN)
2026-04-21 18:34:52,993 DEBUG [LineInfo_to_exitCode.log_LineInfo] 2026-04-21 18:34:52,993 [INFO] ImportTextPane:234 - (OptionalMessage_ERROR) IP (MotorControl) : Invalid parameter (OCPA_INVERTINGINPUT_GPIO_PORT)
2026-04-21 18:34:52,994 DEBUG [LineInfo_to_exitCode.log_LineInfo] 2026-04-21 18:34:52,993 [INFO] ImportTextPane:234 - (OptionalMessage_ERROR) IP (MotorControl) : Invalid parameter (OCPA_NONINVERTINGINPUT)
2026-04-21 18:34:52,994 DEBUG [LineInfo_to_exitCode.log_LineInfo] 2026-04-21 18:34:52,993 [INFO] ImportTextPane:234 - (OptionalMessage_ERROR) IP (MotorControl) : Invalid parameter (OCPA_NONINVERTINGINPUT_GPIO_PIN)
2026-04-21 18:34:52,994 DEBUG [LineInfo_to_exitCode.log_LineInfo] 2026-04-21 18:34:52,993 [INFO] ImportTextPane:234 - (OptionalMessage_ERROR) IP (MotorControl) : Invalid parameter (OCPA_NONINVERTINGINPUT_GPIO_PORT)
2026-04-21 18:34:52,995 DEBUG [LineInfo_to_exitCode.log_LineInfo] 2026-04-21 18:34:52,994 [INFO] ImportTextPane:234 - (OptionalMessage_ERROR) IP (MotorControl) : Invalid parameter (OCPA_OUTPUT)
2026-04-21 18:34:52,995 DEBUG [LineInfo_to_exitCode.log_LineInfo] 2026-04-21 18:34:52,994 [INFO] ImportTextPane:234 - (OptionalMessage_ERROR) IP (MotorControl) : Invalid parameter (OCPA_OUTPUT_GPIO_PIN)
2026-04-21 18:34:52,995 DEBUG [LineInfo_to_exitCode.log_LineInfo] 2026-04-21 18:34:52,995 [INFO] ImportTextPane:234 - (OptionalMessage_ERROR) IP (MotorControl) : Invalid parameter (OCPA_OUTPUT_GPIO_PORT)
2026-04-21 18:34:52,995 DEBUG [LineInfo_to_exitCode.log_LineInfo] 2026-04-21 18:34:52,995 [INFO] ImportTextPane:234 - (OptionalMessage_ERROR) IP (MotorControl) : Invalid parameter (OCPA_OUTPUT_MODE)
2026-04-21 18:34:52,996 DEBUG [LineInfo_to_exitCode.log_LineInfo] 2026-04-21 18:34:52,995 [INFO] ImportTextPane:234 - (OptionalMessage_ERROR) IP (MotorControl) : Invalid parameter (OCPA_OUTPUTPOL)
2026-04-21 18:34:52,996 DEBUG [LineInfo_to_exitCode.log_LineInfo] 2026-04-21 18:34:52,996 [INFO] ImportTextPane:234 - (OptionalMessage_ERROR) IP (MotorControl) : Invalid parameter (OCPB_DAC_INTERNAL_PIN)
2026-04-21 18:34:52,996 DEBUG [LineInfo_to_exitCode.log_LineInfo] 2026-04-21 18:34:52,996 [INFO] ImportTextPane:234 - (OptionalMessage_ERROR) IP (MotorControl) : Invalid parameter (OCPB_INVERTINGINPUT)
2026-04-21 18:34:52,996 DEBUG [LineInfo_to_exitCode.log_LineInfo] 2026-04-21 18:34:52,996 [INFO] ImportTextPane:234 - (OptionalMessage_ERROR) IP (MotorControl) : Invalid parameter (OCPB_INVERTINGINPUT_DAC_OUT)
2026-04-21 18:34:52,996 DEBUG [LineInfo_to_exitCode.log_LineInfo] 2026-04-21 18:34:52,996 [INFO] ImportTextPane:234 - (OptionalMessage_ERROR) IP (MotorControl) : Invalid parameter (OCPB_INVERTINGINPUT_GPIO_PIN)
2026-04-21 18:34:52,997 DEBUG [LineInfo_to_exitCode.log_LineInfo] 2026-04-21 18:34:52,996 [INFO] ImportTextPane:234 - (OptionalMessage_ERROR) IP (MotorControl) : Invalid parameter (OCPB_INVERTINGINPUT_GPIO_PORT)
2026-04-21 18:34:52,997 DEBUG [LineInfo_to_exitCode.log_LineInfo] 2026-04-21 18:34:52,996 [INFO] ImportTextPane:234 - (OptionalMessage_ERROR) IP (MotorControl) : Invalid parameter (OCPB_NONINVERTINGINPUT)
2026-04-21 18:34:52,997 DEBUG [LineInfo_to_exitCode.log_LineInfo] 2026-04-21 18:34:52,996 [INFO] ImportTextPane:234 - (OptionalMessage_ERROR) IP (MotorControl) : Invalid parameter (OCPB_NONINVERTINGINPUT_GPIO_PIN)
2026-04-21 18:34:52,997 DEBUG [LineInfo_to_exitCode.log_LineInfo] 2026-04-21 18:34:52,996 [INFO] ImportTextPane:234 - (OptionalMessage_ERROR) IP (MotorControl) : Invalid parameter (OCPB_NONINVERTINGINPUT_GPIO_PORT)
2026-04-21 18:34:52,998 DEBUG [LineInfo_to_exitCode.log_LineInfo] 2026-04-21 18:34:52,997 [INFO] ImportTextPane:234 - (OptionalMessage_ERROR) IP (MotorControl) : Invalid parameter (OCPB_OUTPUT)
2026-04-21 18:34:52,998 DEBUG [LineInfo_to_exitCode.log_LineInfo] 2026-04-21 18:34:52,997 [INFO] ImportTextPane:234 - (OptionalMessage_ERROR) IP (MotorControl) : Invalid parameter (OCPB_OUTPUT_GPIO_PIN)
2026-04-21 18:34:52,998 DEBUG [LineInfo_to_exitCode.log_LineInfo] 2026-04-21 18:34:52,997 [INFO] ImportTextPane:234 - (OptionalMessage_ERROR) IP (MotorControl) : Invalid parameter (OCPB_OUTPUT_GPIO_PORT)
2026-04-21 18:34:52,998 DEBUG [LineInfo_to_exitCode.log_LineInfo] 2026-04-21 18:34:52,997 [INFO] ImportTextPane:234 - (OptionalMessage_ERROR) IP (MotorControl) : Invalid parameter (OCPB_OUTPUT_MODE)
2026-04-21 18:34:52,998 DEBUG [LineInfo_to_exitCode.log_LineInfo] 2026-04-21 18:34:52,997 [INFO] ImportTextPane:234 - (OptionalMessage_ERROR) IP (MotorControl) : Invalid parameter (OCPB_OUTPUTPOL)
2026-04-21 18:34:52,998 DEBUG [LineInfo_to_exitCode.log_LineInfo] 2026-04-21 18:34:52,997 [INFO] ImportTextPane:234 - (OptionalMessage_ERROR) IP (MotorControl) : Invalid parameter (OCPC_DAC_INTERNAL_PIN)
2026-04-21 18:34:52,998 DEBUG [LineInfo_to_exitCode.log_LineInfo] 2026-04-21 18:34:52,997 [INFO] ImportTextPane:234 - (OptionalMessage_ERROR) IP (MotorControl) : Invalid parameter (OCPC_INVERTINGINPUT)
2026-04-21 18:34:52,998 DEBUG [LineInfo_to_exitCode.log_LineInfo] 2026-04-21 18:34:52,997 [INFO] ImportTextPane:234 - (OptionalMessage_ERROR) IP (MotorControl) : Invalid parameter (OCPC_INVERTINGINPUT_DAC_OUT)
2026-04-21 18:34:52,999 DEBUG [LineInfo_to_exitCode.log_LineInfo] 2026-04-21 18:34:52,997 [INFO] ImportTextPane:234 - (OptionalMessage_ERROR) IP (MotorControl) : Invalid parameter (OCPC_INVERTINGINPUT_GPIO_PIN)
2026-04-21 18:34:52,999 DEBUG [LineInfo_to_exitCode.log_LineInfo] 2026-04-21 18:34:52,998 [INFO] ImportTextPane:234 - (OptionalMessage_ERROR) IP (MotorControl) : Invalid parameter (OCPC_INVERTINGINPUT_GPIO_PORT)
2026-04-21 18:34:52,999 DEBUG [LineInfo_to_exitCode.log_LineInfo] 2026-04-21 18:34:52,998 [INFO] ImportTextPane:234 - (OptionalMessage_ERROR) IP (MotorControl) : Invalid parameter (OCPC_NONINVERTINGINPUT)
2026-04-21 18:34:52,999 DEBUG [LineInfo_to_exitCode.log_LineInfo] 2026-04-21 18:34:52,998 [INFO] ImportTextPane:234 - (OptionalMessage_ERROR) IP (MotorControl) : Invalid parameter (OCPC_NONINVERTINGINPUT_GPIO_PIN)
2026-04-21 18:34:52,999 DEBUG [LineInfo_to_exitCode.log_LineInfo] 2026-04-21 18:34:52,998 [INFO] ImportTextPane:234 - (OptionalMessage_ERROR) IP (MotorControl) : Invalid parameter (OCPC_NONINVERTINGINPUT_GPIO_PORT)
2026-04-21 18:34:52,999 DEBUG [LineInfo_to_exitCode.log_LineInfo] 2026-04-21 18:34:52,998 [INFO] ImportTextPane:234 - (OptionalMessage_ERROR) IP (MotorControl) : Invalid parameter (OCPC_OUTPUT)
2026-04-21 18:34:52,999 DEBUG [LineInfo_to_exitCode.log_LineInfo] 2026-04-21 18:34:52,998 [INFO] ImportTextPane:234 - (OptionalMessage_ERROR) IP (MotorControl) : Invalid parameter (OCPC_OUTPUT_GPIO_PIN)
2026-04-21 18:34:52,999 DEBUG [LineInfo_to_exitCode.log_LineInfo] 2026-04-21 18:34:52,998 [INFO] ImportTextPane:234 - (OptionalMessage_ERROR) IP (MotorControl) : Invalid parameter (OCPC_OUTPUT_GPIO_PORT)
2026-04-21 18:34:53,000 DEBUG [LineInfo_to_exitCode.log_LineInfo] 2026-04-21 18:34:52,998 [INFO] ImportTextPane:234 - (OptionalMessage_ERROR) IP (MotorControl) : Invalid parameter (OCPC_OUTPUT_MODE)
2026-04-21 18:34:53,000 DEBUG [LineInfo_to_exitCode.log_LineInfo] 2026-04-21 18:34:52,999 [INFO] ImportTextPane:234 - (OptionalMessage_ERROR) IP (MotorControl) : Invalid parameter (OCPC_OUTPUTPOL)
2026-04-21 18:34:53,000 DEBUG [LineInfo_to_exitCode.log_LineInfo] 2026-04-21 18:34:52,999 [INFO] ImportTextPane:234 - (OptionalMessage_ERROR) IP (MotorControl) : Invalid parameter (ON_OVER_VOLTAGE)
2026-04-21 18:34:53,000 DEBUG [LineInfo_to_exitCode.log_LineInfo] 2026-04-21 18:34:52,999 [INFO] ImportTextPane:234 - (OptionalMessage_ERROR) IP (MotorControl) : Invalid parameter (OPAMP_PGAGAIN)
2026-04-21 18:34:53,000 DEBUG [LineInfo_to_exitCode.log_LineInfo] 2026-04-21 18:34:52,999 [INFO] ImportTextPane:234 - (OptionalMessage_ERROR) IP (MotorControl) : Invalid parameter (OPAMP_TYPE_GAIN)
2026-04-21 18:34:53,000 DEBUG [LineInfo_to_exitCode.log_LineInfo] 2026-04-21 18:34:53,000 [INFO] ImportTextPane:234 - (OptionalMessage_ERROR) IP (MotorControl) : Invalid parameter (OPAMP1_INVERTINGINPUT)
2026-04-21 18:34:53,000 DEBUG [LineInfo_to_exitCode.log_LineInfo] 2026-04-21 18:34:53,000 [INFO] ImportTextPane:234 - (OptionalMessage_ERROR) IP (MotorControl) : Invalid parameter (OPAMP1_INVERTINGINPUT_GPIO_PIN)
2026-04-21 18:34:53,001 DEBUG [LineInfo_to_exitCode.log_LineInfo] 2026-04-21 18:34:53,000 [INFO] ImportTextPane:234 - (OptionalMessage_ERROR) IP (MotorControl) : Invalid parameter (OPAMP1_INVERTINGINPUT_GPIO_PORT)
2026-04-21 18:34:53,001 DEBUG [LineInfo_to_exitCode.log_LineInfo] 2026-04-21 18:34:53,001 [INFO] ImportTextPane:234 - (OptionalMessage_ERROR) IP (MotorControl) : Invalid parameter (OPAMP1_INVERTINGINPUT_MODE)
2026-04-21 18:34:53,001 DEBUG [LineInfo_to_exitCode.log_LineInfo] 2026-04-21 18:34:53,001 [INFO] ImportTextPane:234 - (OptionalMessage_ERROR) IP (MotorControl) : Invalid parameter (OPAMP1_NONINVERTINGINPUT_PHA_GPIO_PIN)
2026-04-21 18:34:53,001 DEBUG [LineInfo_to_exitCode.log_LineInfo] 2026-04-21 18:34:53,001 [INFO] ImportTextPane:234 - (OptionalMessage_ERROR) IP (MotorControl) : Invalid parameter (OPAMP1_NONINVERTINGINPUT_PHA_GPIO_PORT)
2026-04-21 18:34:53,001 DEBUG [LineInfo_to_exitCode.log_LineInfo] 2026-04-21 18:34:53,001 [INFO] ImportTextPane:234 - (OptionalMessage_ERROR) IP (MotorControl) : Invalid parameter (OPAMP1_OUT_GPIO_PIN)
2026-04-21 18:34:53,001 DEBUG [LineInfo_to_exitCode.log_LineInfo] 2026-04-21 18:34:53,001 [INFO] ImportTextPane:234 - (OptionalMessage_ERROR) IP (MotorControl) : Invalid parameter (OPAMP1_OUT_GPIO_PORT)
2026-04-21 18:34:53,001 DEBUG [LineInfo_to_exitCode.log_LineInfo] 2026-04-21 18:34:53,001 [INFO] ImportTextPane:234 - (OptionalMessage_ERROR) IP (MotorControl) : Invalid parameter (OPAMP2_INVERTINGINPUT)
2026-04-21 18:34:53,002 DEBUG [LineInfo_to_exitCode.log_LineInfo] 2026-04-21 18:34:53,001 [INFO] ImportTextPane:234 - (OptionalMessage_ERROR) IP (MotorControl) : Invalid parameter (OPAMP2_INVERTINGINPUT_GPIO_PIN)
2026-04-21 18:34:53,002 DEBUG [LineInfo_to_exitCode.log_LineInfo] 2026-04-21 18:34:53,002 [INFO] ImportTextPane:234 - (OptionalMessage_ERROR) IP (MotorControl) : Invalid parameter (OPAMP2_INVERTINGINPUT_GPIO_PORT)
2026-04-21 18:34:53,002 DEBUG [LineInfo_to_exitCode.log_LineInfo] 2026-04-21 18:34:53,002 [INFO] ImportTextPane:234 - (OptionalMessage_ERROR) IP (MotorControl) : Invalid parameter (OPAMP2_INVERTINGINPUT_MODE)
2026-04-21 18:34:53,003 DEBUG [LineInfo_to_exitCode.log_LineInfo] 2026-04-21 18:34:53,002 [INFO] ImportTextPane:234 - (OptionalMessage_ERROR) IP (MotorControl) : Invalid parameter (OPAMP2_NONINVERTINGINPUT_PHB_GPIO_PIN)
2026-04-21 18:34:53,003 DEBUG [LineInfo_to_exitCode.log_LineInfo] 2026-04-21 18:34:53,003 [INFO] ImportTextPane:234 - (OptionalMessage_ERROR) IP (MotorControl) : Invalid parameter (OPAMP2_NONINVERTINGINPUT_PHB_GPIO_PORT)
2026-04-21 18:34:53,003 DEBUG [LineInfo_to_exitCode.log_LineInfo] 2026-04-21 18:34:53,003 [INFO] ImportTextPane:234 - (OptionalMessage_ERROR) IP (MotorControl) : Invalid parameter (OPAMP2_OUT_GPIO_PIN)
2026-04-21 18:34:53,004 DEBUG [LineInfo_to_exitCode.log_LineInfo] 2026-04-21 18:34:53,003 [INFO] ImportTextPane:234 - (OptionalMessage_ERROR) IP (MotorControl) : Invalid parameter (OPAMP2_OUT_GPIO_PORT)
2026-04-21 18:34:53,004 DEBUG [LineInfo_to_exitCode.log_LineInfo] 2026-04-21 18:34:53,003 [INFO] ImportTextPane:234 - (OptionalMessage_ERROR) IP (MotorControl) : Invalid parameter (OPAMP3_INVERTINGINPUT)
2026-04-21 18:34:53,004 DEBUG [LineInfo_to_exitCode.log_LineInfo] 2026-04-21 18:34:53,003 [INFO] ImportTextPane:234 - (OptionalMessage_ERROR) IP (MotorControl) : Invalid parameter (OPAMP3_INVERTINGINPUT_GPIO_PIN)
2026-04-21 18:34:53,005 DEBUG [LineInfo_to_exitCode.log_LineInfo] 2026-04-21 18:34:53,003 [INFO] ImportTextPane:234 - (OptionalMessage_ERROR) IP (MotorControl) : Invalid parameter (OPAMP3_INVERTINGINPUT_GPIO_PORT)
2026-04-21 18:34:53,007 DEBUG [LineInfo_to_exitCode.log_LineInfo] 2026-04-21 18:34:53,006 [INFO] ImportTextPane:234 - (OptionalMessage_ERROR) IP (MotorControl) : Invalid parameter (OPAMP3_INVERTINGINPUT_MODE)
2026-04-21 18:34:53,007 DEBUG [LineInfo_to_exitCode.log_LineInfo] 2026-04-21 18:34:53,007 [INFO] ImportTextPane:234 - (OptionalMessage_ERROR) IP (MotorControl) : Invalid parameter (OPAMP3_NONINVERTINGINPUT_PHC)
2026-04-21 18:34:53,008 DEBUG [LineInfo_to_exitCode.log_LineInfo] 2026-04-21 18:34:53,007 [INFO] ImportTextPane:234 - (OptionalMessage_ERROR) IP (MotorControl) : Invalid parameter (OPAMP3_NONINVERTINGINPUT_PHC_GPIO_PIN)
2026-04-21 18:34:53,009 DEBUG [LineInfo_to_exitCode.log_LineInfo] 2026-04-21 18:34:53,007 [INFO] ImportTextPane:234 - (OptionalMessage_ERROR) IP (MotorControl) : Invalid parameter (OPAMP3_NONINVERTINGINPUT_PHC_GPIO_PORT)
2026-04-21 18:34:53,010 DEBUG [LineInfo_to_exitCode.log_LineInfo] 2026-04-21 18:34:53,007 [INFO] ImportTextPane:234 - (OptionalMessage_ERROR) IP (MotorControl) : Invalid parameter (OPAMP3_OUT_GPIO_PIN)
2026-04-21 18:34:53,011 DEBUG [LineInfo_to_exitCode.log_LineInfo] 2026-04-21 18:34:53,007 [INFO] ImportTextPane:234 - (OptionalMessage_ERROR) IP (MotorControl) : Invalid parameter (OPAMP3_OUT_GPIO_PORT)
2026-04-21 18:34:53,011 DEBUG [LineInfo_to_exitCode.log_LineInfo] 2026-04-21 18:34:53,007 [INFO] ImportTextPane:234 - (OptionalMessage_ERROR) IP (MotorControl) : Invalid parameter (OPAMP3_SELECTION)
2026-04-21 18:34:53,012 DEBUG [LineInfo_to_exitCode.log_LineInfo] 2026-04-21 18:34:53,007 [INFO] ImportTextPane:234 - (OptionalMessage_ERROR) IP (MotorControl) : Invalid parameter (OV_TEMPERATURE_PROT_ENABLING)
2026-04-21 18:34:53,012 DEBUG [LineInfo_to_exitCode.log_LineInfo] 2026-04-21 18:34:53,007 [INFO] ImportTextPane:234 - (OptionalMessage_ERROR) IP (MotorControl) : Invalid parameter (OV_VOLTAGE_PROT_ENABLING)
2026-04-21 18:34:53,012 DEBUG [LineInfo_to_exitCode.log_LineInfo] 2026-04-21 18:34:53,007 [INFO] ImportTextPane:234 - (OptionalMessage_ERROR) IP (MotorControl) : Invalid parameter (PHASE_U_CURR_ADC)
2026-04-21 18:34:53,012 DEBUG [LineInfo_to_exitCode.log_LineInfo] 2026-04-21 18:34:53,007 [INFO] ImportTextPane:234 - (OptionalMessage_ERROR) IP (MotorControl) : Invalid parameter (PHASE_U_GPIO_PIN)
2026-04-21 18:34:53,012 DEBUG [LineInfo_to_exitCode.log_LineInfo] 2026-04-21 18:34:53,008 [INFO] ImportTextPane:234 - (OptionalMessage_ERROR) IP (MotorControl) : Invalid parameter (PHASE_U_GPIO_PORT)
2026-04-21 18:34:53,012 DEBUG [LineInfo_to_exitCode.log_LineInfo] 2026-04-21 18:34:53,008 [INFO] ImportTextPane:234 - (OptionalMessage_ERROR) IP (MotorControl) : Invalid parameter (PHASE_U_PWM_CHANNEL)
2026-04-21 18:34:53,013 DEBUG [LineInfo_to_exitCode.log_LineInfo] 2026-04-21 18:34:53,010 [INFO] ImportTextPane:234 - (OptionalMessage_ERROR) IP (MotorControl) : Invalid parameter (PHASE_UH_GPIO_PIN)
2026-04-21 18:34:53,013 DEBUG [LineInfo_to_exitCode.log_LineInfo] 2026-04-21 18:34:53,010 [INFO] ImportTextPane:234 - (OptionalMessage_ERROR) IP (MotorControl) : Invalid parameter (PHASE_UH_GPIO_PORT)
2026-04-21 18:34:53,013 DEBUG [LineInfo_to_exitCode.log_LineInfo] 2026-04-21 18:34:53,012 [INFO] ImportTextPane:234 - (OptionalMessage_ERROR) IP (MotorControl) : Invalid parameter (PHASE_UL_GPIO_PIN)
2026-04-21 18:34:53,013 DEBUG [LineInfo_to_exitCode.log_LineInfo] 2026-04-21 18:34:53,012 [INFO] ImportTextPane:234 - (OptionalMessage_ERROR) IP (MotorControl) : Invalid parameter (PHASE_UL_GPIO_PORT)
2026-04-21 18:34:53,013 DEBUG [LineInfo_to_exitCode.log_LineInfo] 2026-04-21 18:34:53,013 [INFO] ImportTextPane:234 - (OptionalMessage_ERROR) IP (MotorControl) : Parameter (PHASE_UL_POLARITY) has invalid value (L_ACTIVE_HIGH)
2026-04-21 18:34:53,014 DEBUG [LineInfo_to_exitCode.log_LineInfo] 2026-04-21 18:34:53,013 [INFO] ImportTextPane:234 - (OptionalMessage_ERROR) IP (MotorControl) : Invalid parameter (PHASE_V_CURR_ADC)
2026-04-21 18:34:53,014 DEBUG [LineInfo_to_exitCode.log_LineInfo] 2026-04-21 18:34:53,013 [INFO] ImportTextPane:234 - (OptionalMessage_ERROR) IP (MotorControl) : Invalid parameter (PHASE_V_GPIO_PIN)
2026-04-21 18:34:53,014 DEBUG [LineInfo_to_exitCode.log_LineInfo] 2026-04-21 18:34:53,013 [INFO] ImportTextPane:234 - (OptionalMessage_ERROR) IP (MotorControl) : Invalid parameter (PHASE_V_GPIO_PORT)
2026-04-21 18:34:53,014 DEBUG [LineInfo_to_exitCode.log_LineInfo] 2026-04-21 18:34:53,013 [INFO] ImportTextPane:234 - (OptionalMessage_ERROR) IP (MotorControl) : Invalid parameter (PHASE_V_PWM_CHANNEL)
2026-04-21 18:34:53,014 DEBUG [LineInfo_to_exitCode.log_LineInfo] 2026-04-21 18:34:53,014 [INFO] ImportTextPane:234 - (OptionalMessage_ERROR) IP (MotorControl) : Invalid parameter (PHASE_VH_GPIO_PIN)
2026-04-21 18:34:53,014 DEBUG [LineInfo_to_exitCode.log_LineInfo] 2026-04-21 18:34:53,014 [INFO] ImportTextPane:234 - (OptionalMessage_ERROR) IP (MotorControl) : Invalid parameter (PHASE_VH_GPIO_PORT)
2026-04-21 18:34:53,014 DEBUG [LineInfo_to_exitCode.log_LineInfo] 2026-04-21 18:34:53,014 [INFO] ImportTextPane:234 - (OptionalMessage_ERROR) IP (MotorControl) : Invalid parameter (PHASE_VL_GPIO_PIN)
2026-04-21 18:34:53,015 DEBUG [LineInfo_to_exitCode.log_LineInfo] 2026-04-21 18:34:53,014 [INFO] ImportTextPane:234 - (OptionalMessage_ERROR) IP (MotorControl) : Invalid parameter (PHASE_VL_GPIO_PORT)
2026-04-21 18:34:53,015 DEBUG [LineInfo_to_exitCode.log_LineInfo] 2026-04-21 18:34:53,014 [INFO] ImportTextPane:234 - (OptionalMessage_ERROR) IP (MotorControl) : Parameter (PHASE_VL_POLARITY) has invalid value (L_ACTIVE_HIGH)
2026-04-21 18:34:53,016 DEBUG [LineInfo_to_exitCode.log_LineInfo] 2026-04-21 18:34:53,015 [INFO] ImportTextPane:234 - (OptionalMessage_ERROR) IP (MotorControl) : Invalid parameter (PHASE_W_CURR_ADC)
2026-04-21 18:34:53,016 DEBUG [LineInfo_to_exitCode.log_LineInfo] 2026-04-21 18:34:53,016 [INFO] ImportTextPane:234 - (OptionalMessage_ERROR) IP (MotorControl) : Invalid parameter (PHASE_W_GPIO_PIN)
2026-04-21 18:34:53,017 DEBUG [LineInfo_to_exitCode.log_LineInfo] 2026-04-21 18:34:53,017 [INFO] ImportTextPane:234 - (OptionalMessage_ERROR) IP (MotorControl) : Invalid parameter (PHASE_W_GPIO_PORT)
2026-04-21 18:34:53,018 DEBUG [LineInfo_to_exitCode.log_LineInfo] 2026-04-21 18:34:53,018 [INFO] ImportTextPane:234 - (OptionalMessage_ERROR) IP (MotorControl) : Invalid parameter (PHASE_W_PWM_CHANNEL)
2026-04-21 18:34:53,019 DEBUG [LineInfo_to_exitCode.log_LineInfo] 2026-04-21 18:34:53,018 [INFO] ImportTextPane:234 - (OptionalMessage_ERROR) IP (MotorControl) : Invalid parameter (PHASE_W_S_CURR_ADC)
2026-04-21 18:34:53,019 DEBUG [LineInfo_to_exitCode.log_LineInfo] 2026-04-21 18:34:53,019 [INFO] ImportTextPane:234 - (OptionalMessage_ERROR) IP (MotorControl) : Invalid parameter (PHASE_W_S_CURR_CHANNEL)
2026-04-21 18:34:53,019 DEBUG [LineInfo_to_exitCode.log_LineInfo] 2026-04-21 18:34:53,019 [INFO] ImportTextPane:234 - (OptionalMessage_ERROR) IP (MotorControl) : Invalid parameter (PHASE_W_S_GPIO_PIN)
2026-04-21 18:34:53,019 DEBUG [LineInfo_to_exitCode.log_LineInfo] 2026-04-21 18:34:53,019 [INFO] ImportTextPane:234 - (OptionalMessage_ERROR) IP (MotorControl) : Invalid parameter (PHASE_W_S_GPIO_PORT)
2026-04-21 18:34:53,020 DEBUG [LineInfo_to_exitCode.log_LineInfo] 2026-04-21 18:34:53,020 [INFO] ImportTextPane:234 - (OptionalMessage_ERROR) IP (MotorControl) : Invalid parameter (PHASE_WH_GPIO_PIN)
2026-04-21 18:34:53,022 DEBUG [LineInfo_to_exitCode.log_LineInfo] 2026-04-21 18:34:53,022 [INFO] ImportTextPane:234 - (OptionalMessage_ERROR) IP (MotorControl) : Invalid parameter (PHASE_WH_GPIO_PORT)
2026-04-21 18:34:53,022 DEBUG [LineInfo_to_exitCode.log_LineInfo] 2026-04-21 18:34:53,022 [INFO] ImportTextPane:234 - (OptionalMessage_ERROR) IP (MotorControl) : Invalid parameter (PHASE_WL_GPIO_PIN)
2026-04-21 18:34:53,023 DEBUG [LineInfo_to_exitCode.log_LineInfo] 2026-04-21 18:34:53,022 [INFO] ImportTextPane:234 - (OptionalMessage_ERROR) IP (MotorControl) : Invalid parameter (PHASE_WL_GPIO_PORT)
2026-04-21 18:34:53,023 DEBUG [LineInfo_to_exitCode.log_LineInfo] 2026-04-21 18:34:53,023 [INFO] ImportTextPane:234 - (OptionalMessage_ERROR) IP (MotorControl) : Parameter (PHASE_WL_POLARITY) has invalid value (L_ACTIVE_HIGH)
2026-04-21 18:34:53,023 DEBUG [LineInfo_to_exitCode.log_LineInfo] 2026-04-21 18:34:53,023 [INFO] ImportTextPane:234 - (OptionalMessage_ERROR) IP (MotorControl) : Invalid parameter (POTENTIOMETER_READING)
2026-04-21 18:34:53,023 DEBUG [LineInfo_to_exitCode.log_LineInfo] 2026-04-21 18:34:53,023 [INFO] ImportTextPane:234 - (OptionalMessage_ERROR) IP (MotorControl) : Invalid parameter (PWM_FREQUENCY)
2026-04-21 18:34:53,023 DEBUG [LineInfo_to_exitCode.log_LineInfo] 2026-04-21 18:34:53,023 [INFO] ImportTextPane:234 - (OptionalMessage_ERROR) IP (MotorControl) : Invalid parameter (PWM_TIMER_SELECTION)
2026-04-21 18:34:53,024 DEBUG [LineInfo_to_exitCode.log_LineInfo] 2026-04-21 18:34:53,023 [INFO] ImportTextPane:234 - (OptionalMessage_ERROR) IP (MotorControl) : Invalid parameter (R_BRAKE_SWITCH_OFF_THRES_V)
2026-04-21 18:34:53,024 DEBUG [LineInfo_to_exitCode.log_LineInfo] 2026-04-21 18:34:53,023 [INFO] ImportTextPane:234 - (OptionalMessage_ERROR) IP (MotorControl) : Invalid parameter (REGULATION_EXECUTION_RATE)
2026-04-21 18:34:53,024 DEBUG [LineInfo_to_exitCode.log_LineInfo] 2026-04-21 18:34:53,023 [INFO] ImportTextPane:234 - (OptionalMessage_ERROR) IP (MotorControl) : Invalid parameter (SINGLEDRIVE)
2026-04-21 18:34:53,024 DEBUG [LineInfo_to_exitCode.log_LineInfo] 2026-04-21 18:34:53,024 [INFO] ImportTextPane:234 - (OptionalMessage_ERROR) IP (MotorControl) : Invalid parameter (SPD_DIFFERENTIAL_TERM_ENABLING)
2026-04-21 18:34:53,026 DEBUG [LineInfo_to_exitCode.log_LineInfo] 2026-04-21 18:34:53,026 [INFO] ImportTextPane:234 - (OptionalMessage_ERROR) IP (MotorControl) : Invalid parameter (SPEED_SENSOR_SELECTION)
2026-04-21 18:34:53,026 DEBUG [LineInfo_to_exitCode.log_LineInfo] 2026-04-21 18:34:53,026 [INFO] ImportTextPane:234 - (OptionalMessage_ERROR) IP (MotorControl) : Invalid parameter (START_STOP_GPIO_IRQ)
2026-04-21 18:34:53,027 DEBUG [LineInfo_to_exitCode.log_LineInfo] 2026-04-21 18:34:53,026 [INFO] ImportTextPane:234 - (OptionalMessage_ERROR) IP (MotorControl) : Invalid parameter (START_STOP_POLARITY)
2026-04-21 18:34:53,027 DEBUG [LineInfo_to_exitCode.log_LineInfo] 2026-04-21 18:34:53,027 [INFO] ImportTextPane:234 - (OptionalMessage_ERROR) IP (MotorControl) : Invalid parameter (START_STOP_POLARITY_EDGE)
2026-04-21 18:34:53,028 DEBUG [LineInfo_to_exitCode.log_LineInfo] 2026-04-21 18:34:53,027 [INFO] ImportTextPane:234 - (OptionalMessage_ERROR) IP (MotorControl) : Invalid parameter (STATE_OBSERVER_PLL)
2026-04-21 18:34:53,028 DEBUG [LineInfo_to_exitCode.log_LineInfo] 2026-04-21 18:34:53,028 [INFO] ImportTextPane:234 - (OptionalMessage_ERROR) IP (MotorControl) : Invalid parameter (SW_DEADTIME_NS)
2026-04-21 18:34:53,028 DEBUG [LineInfo_to_exitCode.log_LineInfo] 2026-04-21 18:34:53,028 [INFO] ImportTextPane:234 - (OptionalMessage_ERROR) IP (MotorControl) : Invalid parameter (TEMP_ADC_SAMPLING_TIME)
2026-04-21 18:34:53,029 DEBUG [LineInfo_to_exitCode.log_LineInfo] 2026-04-21 18:34:53,028 [INFO] ImportTextPane:234 - (OptionalMessage_ERROR) IP (MotorControl) : Invalid parameter (TEMP_FDBK_ADC)
2026-04-21 18:34:53,029 DEBUG [LineInfo_to_exitCode.log_LineInfo] 2026-04-21 18:34:53,029 [INFO] ImportTextPane:234 - (OptionalMessage_ERROR) IP (MotorControl) : Invalid parameter (TEMP_FDBK_CHANNEL)
2026-04-21 18:34:53,030 DEBUG [LineInfo_to_exitCode.log_LineInfo] 2026-04-21 18:34:53,030 [INFO] ImportTextPane:234 - (OptionalMessage_ERROR) IP (MotorControl) : Invalid parameter (TEMP_FDBK_GPIO_PIN)
2026-04-21 18:34:53,030 DEBUG [LineInfo_to_exitCode.log_LineInfo] 2026-04-21 18:34:53,030 [INFO] ImportTextPane:234 - (OptionalMessage_ERROR) IP (MotorControl) : Invalid parameter (TEMP_FDBK_GPIO_PORT)
2026-04-21 18:34:53,031 DEBUG [LineInfo_to_exitCode.log_LineInfo] 2026-04-21 18:34:53,031 [INFO] ImportTextPane:234 - (OptionalMessage_ERROR) IP (MotorControl) : Invalid parameter (TEMPERATURE_READING)
2026-04-21 18:34:53,031 DEBUG [LineInfo_to_exitCode.log_LineInfo] 2026-04-21 18:34:53,031 [INFO] ImportTextPane:234 - (OptionalMessage_ERROR) IP (MotorControl) : Invalid parameter (TFDIFFERENTIAL_TERM_ENABLING)
2026-04-21 18:34:53,032 DEBUG [LineInfo_to_exitCode.log_LineInfo] 2026-04-21 18:34:53,031 [INFO] ImportTextPane:234 - (OptionalMessage_ERROR) IP (MotorControl) : Invalid parameter (TRISE_NS)
2026-04-21 18:34:53,032 DEBUG [LineInfo_to_exitCode.log_LineInfo] 2026-04-21 18:34:53,032 [INFO] ImportTextPane:234 - (OptionalMessage_ERROR) IP (MotorControl) : Invalid parameter (USART_RX_GPIO_PIN)
2026-04-21 18:34:53,033 DEBUG [LineInfo_to_exitCode.log_LineInfo] 2026-04-21 18:34:53,032 [INFO] ImportTextPane:234 - (OptionalMessage_ERROR) IP (MotorControl) : Invalid parameter (USART_RX_GPIO_PORT)
2026-04-21 18:34:53,034 DEBUG [LineInfo_to_exitCode.log_LineInfo] 2026-04-21 18:34:53,033 [INFO] ImportTextPane:234 - (OptionalMessage_ERROR) IP (MotorControl) : Invalid parameter (USART_SELECTION)
2026-04-21 18:34:53,035 DEBUG [LineInfo_to_exitCode.log_LineInfo] 2026-04-21 18:34:53,035 [INFO] ImportTextPane:234 - (OptionalMessage_ERROR) IP (MotorControl) : Invalid parameter (USART_SPEED)
2026-04-21 18:34:53,036 DEBUG [LineInfo_to_exitCode.log_LineInfo] 2026-04-21 18:34:53,035 [INFO] ImportTextPane:234 - (OptionalMessage_ERROR) IP (MotorControl) : Invalid parameter (USART_TX_GPIO_PIN)
2026-04-21 18:34:53,036 DEBUG [LineInfo_to_exitCode.log_LineInfo] 2026-04-21 18:34:53,036 [INFO] ImportTextPane:234 - (OptionalMessage_ERROR) IP (MotorControl) : Invalid parameter (USART_TX_GPIO_PORT)
2026-04-21 18:34:53,036 DEBUG [LineInfo_to_exitCode.log_LineInfo] 2026-04-21 18:34:53,036 [INFO] ImportTextPane:234 - (OptionalMessage_ERROR) IP (MotorControl) : Invalid parameter (USE_3OPAMPS)
2026-04-21 18:34:53,037 DEBUG [LineInfo_to_exitCode.log_LineInfo] 2026-04-21 18:34:53,036 [INFO] ImportTextPane:234 - (OptionalMessage_ERROR) IP (MotorControl) : Invalid parameter (USE_INTERNAL_OPAMP)
2026-04-21 18:34:53,038 DEBUG [LineInfo_to_exitCode.log_LineInfo] 2026-04-21 18:34:53,036 [INFO] ImportTextPane:234 - (OptionalMessage_ERROR) IP (MotorControl) : Invalid parameter (UV_VOLTAGE_PROT_ENABLING)
2026-04-21 18:34:53,038 DEBUG [LineInfo_to_exitCode.log_LineInfo] 2026-04-21 18:34:53,036 [INFO] ImportTextPane:234 - (OptionalMessage_ERROR) IP (MotorControl) : Invalid parameter (VBUS_ADC)
2026-04-21 18:34:53,039 DEBUG [LineInfo_to_exitCode.log_LineInfo] 2026-04-21 18:34:53,036 [INFO] ImportTextPane:234 - (OptionalMessage_ERROR) IP (MotorControl) : Invalid parameter (VBUS_ADC_SAMPLING_TIME)
2026-04-21 18:34:53,039 DEBUG [LineInfo_to_exitCode.log_LineInfo] 2026-04-21 18:34:53,036 [INFO] ImportTextPane:234 - (OptionalMessage_ERROR) IP (MotorControl) : Invalid parameter (VBUS_CHANNEL)
2026-04-21 18:34:53,039 DEBUG [LineInfo_to_exitCode.log_LineInfo] 2026-04-21 18:34:53,036 [INFO] ImportTextPane:234 - (OptionalMessage_ERROR) IP (MotorControl) : Invalid parameter (VBUS_GPIO_PIN)
2026-04-21 18:34:53,039 DEBUG [LineInfo_to_exitCode.log_LineInfo] 2026-04-21 18:34:53,036 [INFO] ImportTextPane:234 - (OptionalMessage_ERROR) IP (MotorControl) : Invalid parameter (VBUS_GPIO_PORT)
2026-04-21 18:34:53,039 DEBUG [LineInfo_to_exitCode.log_LineInfo] 2026-04-21 18:34:53,036 [INFO] ImportTextPane:234 - (OptionalMessage_ERROR) IP (MotorControl) : Invalid parameter (WB_MX_HEAPSIZE)
2026-04-21 18:34:53,039 DEBUG [LineInfo_to_exitCode.log_LineInfo] 2026-04-21 18:34:53,036 [INFO] ImportTextPane:234 - (OptionalMessage_ERROR) IP (MotorControl) : Invalid parameter (WB_MX_STACKSIZE)
2026-04-21 18:34:53,039 DEBUG [LineInfo_to_exitCode.log_LineInfo] 2026-04-21 18:34:53,036 [INFO] ImportTextPane:234 - (OptionalMessage_ERROR) IP (MotorControl) : Invalid parameter (WB_MX_TRUSTZONE_AVAILABLE)
2026-04-21 18:34:53,040 DEBUG [LineInfo_to_exitCode.log_LineInfo] 2026-04-21 18:34:53,039 [INFO] ImportTextPane:234 - (OptionalMessage_ERROR) IP (MotorControl) : Invalid parameter (WB_to_Mx_template_version)
2026-04-21 18:34:53,040 DEBUG [LineInfo_to_exitCode.log_LineInfo] 2026-04-21 18:34:53,039 [INFO] ImportTextPane:234 - (OptionalMessage_ERROR) IP (MotorControl) : Invalid parameter (WB_to_Mx_version)
2026-04-21 18:34:53,040 DEBUG [LineInfo_to_exitCode.log_LineInfo] 2026-04-21 18:34:53,039 [INFO] ImportTextPane:234 - (OptionalMessage_ERROR) IP (MotorControl) : Invalid parameter (WB_UI_CUTOFF_FREQUENCY)
2026-04-21 18:34:53,040 DEBUG [LineInfo_to_exitCode.log_LineInfo] 2026-04-21 18:34:53,040 [INFO] ImportTextPane:234 - (OptionalMessage_ERROR) IP (MotorControl) : Invalid parameter (WB_UI_ENCODER_HAS_INDEX_PIN)
2026-04-21 18:34:53,040 DEBUG [LineInfo_to_exitCode.log_LineInfo] 2026-04-21 18:34:53,040 [INFO] ImportTextPane:234 - (OptionalMessage_ERROR) IP (MotorControl) : Invalid parameter (WB_UI_FLUX_TARGET)
2026-04-21 18:34:53,040 DEBUG [LineInfo_to_exitCode.log_LineInfo] 2026-04-21 18:34:53,040 [INFO] ImportTextPane:234 - (OptionalMessage_ERROR) IP (MotorControl) : Invalid parameter (WB_UI_FRICTION)
2026-04-21 18:34:53,040 DEBUG [LineInfo_to_exitCode.log_LineInfo] 2026-04-21 18:34:53,040 [INFO] ImportTextPane:234 - (OptionalMessage_ERROR) IP (MotorControl) : Invalid parameter (WB_UI_GAIN)
2026-04-21 18:34:53,041 DEBUG [LineInfo_to_exitCode.log_LineInfo] 2026-04-21 18:34:53,040 [INFO] ImportTextPane:234 - (OptionalMessage_ERROR) IP (MotorControl) : Invalid parameter (WB_UI_GAINLIST)
2026-04-21 18:34:53,041 DEBUG [LineInfo_to_exitCode.log_LineInfo] 2026-04-21 18:34:53,040 [INFO] ImportTextPane:234 - (OptionalMessage_ERROR) IP (MotorControl) : Invalid parameter (WB_UI_GON)
2026-04-21 18:34:53,041 DEBUG [LineInfo_to_exitCode.log_LineInfo] 2026-04-21 18:34:53,040 [INFO] ImportTextPane:234 - (OptionalMessage_ERROR) IP (MotorControl) : Invalid parameter (WB_UI_GOP)
2026-04-21 18:34:53,041 DEBUG [LineInfo_to_exitCode.log_LineInfo] 2026-04-21 18:34:53,040 [INFO] ImportTextPane:234 - (OptionalMessage_ERROR) IP (MotorControl) : Invalid parameter (WB_UI_INERTIA)
2026-04-21 18:34:53,041 DEBUG [LineInfo_to_exitCode.log_LineInfo] 2026-04-21 18:34:53,040 [INFO] ImportTextPane:234 - (OptionalMessage_ERROR) IP (MotorControl) : Invalid parameter (WB_UI_MAGNETIC_STRUCTURE)
2026-04-21 18:34:53,041 DEBUG [LineInfo_to_exitCode.log_LineInfo] 2026-04-21 18:34:53,040 [INFO] ImportTextPane:234 - (OptionalMessage_ERROR) IP (MotorControl) : Invalid parameter (WB_UI_MAX_CURRENT)
2026-04-21 18:34:53,041 DEBUG [LineInfo_to_exitCode.log_LineInfo] 2026-04-21 18:34:53,041 [INFO] ImportTextPane:234 - (OptionalMessage_ERROR) IP (MotorControl) : Invalid parameter (WB_UI_MAX_NOMINAL_DC_VOLTAGE)
2026-04-21 18:34:53,041 DEBUG [LineInfo_to_exitCode.log_LineInfo] 2026-04-21 18:34:53,041 [INFO] ImportTextPane:234 - (OptionalMessage_ERROR) IP (MotorControl) : Invalid parameter (WB_UI_MAX_PWMFREQUENCY)
2026-04-21 18:34:53,042 DEBUG [LineInfo_to_exitCode.log_LineInfo] 2026-04-21 18:34:53,041 [INFO] ImportTextPane:234 - (OptionalMessage_ERROR) IP (MotorControl) : Invalid parameter (WB_UI_MOTOR_DESCRIPTION)
2026-04-21 18:34:53,042 DEBUG [LineInfo_to_exitCode.log_LineInfo] 2026-04-21 18:34:53,041 [INFO] ImportTextPane:234 - (OptionalMessage_ERROR) IP (MotorControl) : Invalid parameter (WB_UI_OCP_THRESHOLD)
2026-04-21 18:34:53,043 DEBUG [LineInfo_to_exitCode.log_LineInfo] 2026-04-21 18:34:53,041 [INFO] ImportTextPane:234 - (OptionalMessage_ERROR) IP (MotorControl) : Invalid parameter (WB_UI_PW_BOARD_MAX_RATED_CURRENT)
2026-04-21 18:34:53,043 DEBUG [LineInfo_to_exitCode.log_LineInfo] 2026-04-21 18:34:53,041 [INFO] ImportTextPane:234 - (OptionalMessage_ERROR) IP (MotorControl) : Invalid parameter (WB_UI_PW_BOARD_MAX_VOLTAGE)
2026-04-21 18:34:53,043 DEBUG [LineInfo_to_exitCode.log_LineInfo] 2026-04-21 18:34:53,041 [INFO] ImportTextPane:234 - (OptionalMessage_ERROR) IP (MotorControl) : Invalid parameter (WB_UI_PW_BOARD_MIN_VOLTAGE)
2026-04-21 18:34:53,043 DEBUG [LineInfo_to_exitCode.log_LineInfo] 2026-04-21 18:34:53,041 [INFO] ImportTextPane:234 - (OptionalMessage_ERROR) IP (MotorControl) : Invalid parameter (WB_UI_VPOL)
2026-04-21 18:34:53,043 DEBUG [LineInfo_to_exitCode.log_LineInfo] 2026-04-21 18:34:53,041 [INFO] ImportTextPane:234 - (OptionalMessage_ERROR) IP (MotorControl) : Invalid parameter (WB_UI_VPOL_K)
2026-04-21 18:34:53,178 DEBUG [LineInfo_to_exitCode.log_LineInfo] 2026-04-21 18:34:53,176 [INFO] ImportTextPane:234 - (OptionalMessage_ERROR) IP (TIM1) : Parameter (TIM_SlaveMode) has invalid value (TIM_SLAVEMODE_TRIGGER)
2026-04-21 18:34:53,191 DEBUG [LineInfo_to_exitCode.log_LineInfo] 2026-04-21 18:34:53,191 [INFO] ImportTextPane:234 - (OptionalMessage_ERROR) IP (TIM1) : Parameter (SourceBRKDigInputPolarity) has invalid value (TIM_BREAKINPUTSOURCE_POLARITY_HIGH)
2026-04-21 18:34:53,192 DEBUG [LineInfo_to_exitCode.log_LineInfo] 2026-04-21 18:34:53,192 [INFO] ImportTextPane:234 - (OptionalMessage_ERROR) IP (TIM1) : Parameter (SourceBRK2DigInputPolarity) has invalid value (TIM_BREAKINPUTSOURCE_POLARITY_LOW)
2026-04-21 18:34:54,522 DEBUG [LineInfo_to_exitCode.log_LineInfo] 2026-04-21 18:34:54,507 [INFO] UtilMem:75 - End LoadConfig() Used Memory: 318655880 Bytes (484442112)
2026-04-21 18:34:54,868 DEBUG [LineInfo_to_exitCode.log_LineInfo] 2026-04-21 18:34:54,868 [INFO] ThirdParty:835 - entering critical section [change project]
2026-04-21 18:34:54,869 DEBUG [LineInfo_to_exitCode.log_LineInfo] 2026-04-21 18:34:54,869 [INFO] ThirdParty:1030 - CMSIS Pack Vendor :STMicroelectronics X-CUBE-AZRTOS-H7 3.5.0
2026-04-21 18:34:54,872 DEBUG [LineInfo_to_exitCode.log_LineInfo] 2026-04-21 18:34:54,871 [INFO] ThirdParty:1030 - CMSIS Pack Vendor :STMicroelectronics X-CUBE-PM33A1 1.0.0
2026-04-21 18:34:54,872 DEBUG [LineInfo_to_exitCode.log_LineInfo] 2026-04-21 18:34:54,872 [INFO] ThirdParty:1030 - CMSIS Pack Vendor :STMicroelectronics USBPD 4.1
2026-04-21 18:34:54,873 DEBUG [LineInfo_to_exitCode.log_LineInfo] 2026-04-21 18:34:54,872 [INFO] ThirdParty:1030 - CMSIS Pack Vendor :STMicroelectronics X-CUBE-NFC9 1.0.0
2026-04-21 18:34:54,873 DEBUG [LineInfo_to_exitCode.log_LineInfo] 2026-04-21 18:34:54,873 [INFO] ThirdParty:1030 - CMSIS Pack Vendor :STMicroelectronics USB_HOST 2.0.0
2026-04-21 18:34:54,874 DEBUG [LineInfo_to_exitCode.log_LineInfo] 2026-04-21 18:34:54,874 [INFO] ThirdParty:1030 - CMSIS Pack Vendor :STMicroelectronics FP-SNS-MOTENVWB1 1.4.0
2026-04-21 18:34:54,874 DEBUG [LineInfo_to_exitCode.log_LineInfo] 2026-04-21 18:34:54,874 [INFO] ThirdParty:1030 - CMSIS Pack Vendor :STMicroelectronics X-CUBE-AZRTOS-F4 1.1.0
2026-04-21 18:34:54,874 DEBUG [LineInfo_to_exitCode.log_LineInfo] 2026-04-21 18:34:54,874 [INFO] ThirdParty:1030 - CMSIS Pack Vendor :STMicroelectronics LIBJPEG 8.0.0
2026-04-21 18:34:54,875 DEBUG [LineInfo_to_exitCode.log_LineInfo] 2026-04-21 18:34:54,874 [INFO] ThirdParty:1030 - CMSIS Pack Vendor :STMicroelectronics FP-ATR-ASTRA1 2.0.2
2026-04-21 18:34:54,875 DEBUG [LineInfo_to_exitCode.log_LineInfo] 2026-04-21 18:34:54,875 [INFO] ThirdParty:1030 - CMSIS Pack Vendor :STMicroelectronics X-CUBE-BLE1 7.1.0
2026-04-21 18:34:54,875 DEBUG [LineInfo_to_exitCode.log_LineInfo] 2026-04-21 18:34:54,875 [INFO] ThirdParty:1030 - CMSIS Pack Vendor :STMicroelectronics X-CUBE-SMBUS 2.1.0
2026-04-21 18:34:54,875 DEBUG [LineInfo_to_exitCode.log_LineInfo] 2026-04-21 18:34:54,875 [INFO] ThirdParty:1030 - CMSIS Pack Vendor :wolfSSL I-CUBE-wolfMQTT 1.19.2
2026-04-21 18:34:54,876 DEBUG [LineInfo_to_exitCode.log_LineInfo] 2026-04-21 18:34:54,875 [INFO] ThirdParty:1030 - CMSIS Pack Vendor :STMicroelectronics USB_DEVICE 3.0.0
2026-04-21 18:34:54,876 DEBUG [LineInfo_to_exitCode.log_LineInfo] 2026-04-21 18:34:54,876 [INFO] ThirdParty:1030 - CMSIS Pack Vendor :STMicroelectronics X-CUBE-ISPU 2.1.0
2026-04-21 18:34:54,876 DEBUG [LineInfo_to_exitCode.log_LineInfo] 2026-04-21 18:34:54,876 [INFO] ThirdParty:1030 - CMSIS Pack Vendor :STMicroelectronics X-CUBE-FREERTOS 1.4.0
2026-04-21 18:34:54,876 DEBUG [LineInfo_to_exitCode.log_LineInfo] 2026-04-21 18:34:54,876 [INFO] ThirdParty:1030 - CMSIS Pack Vendor :STMicroelectronics X-CUBE-EEPRMA1 5.2.0
2026-04-21 18:34:54,877 DEBUG [LineInfo_to_exitCode.log_LineInfo] 2026-04-21 18:34:54,876 [INFO] ThirdParty:1030 - CMSIS Pack Vendor :STMicroelectronics X-CUBE-IPS 3.2.0
2026-04-21 18:34:54,877 DEBUG [LineInfo_to_exitCode.log_LineInfo] 2026-04-21 18:34:54,877 [INFO] ThirdParty:1030 - CMSIS Pack Vendor :STMicroelectronics X-CUBE-BLEMGR 4.1.0
2026-04-21 18:34:54,877 DEBUG [LineInfo_to_exitCode.log_LineInfo] 2026-04-21 18:34:54,877 [INFO] ThirdParty:1030 - CMSIS Pack Vendor :STMicroelectronics eDS-WB_DPC_TT-BIDIR 2.1.1
2026-04-21 18:34:54,877 DEBUG [LineInfo_to_exitCode.log_LineInfo] 2026-04-21 18:34:54,877 [INFO] ThirdParty:1030 - CMSIS Pack Vendor :STMicroelectronics X-CUBE-AZRTOS-WB 2.0.0
2026-04-21 18:34:54,877 DEBUG [LineInfo_to_exitCode.log_LineInfo] 2026-04-21 18:34:54,877 [INFO] ThirdParty:1030 - CMSIS Pack Vendor :wolfSSL I-CUBE-wolfSSL 5.8.4
2026-04-21 18:34:54,878 DEBUG [LineInfo_to_exitCode.log_LineInfo] 2026-04-21 18:34:54,877 [INFO] ThirdParty:1030 - CMSIS Pack Vendor :STMicroelectronics X-CUBE-NFC12 1.0.0
2026-04-21 18:34:54,878 DEBUG [LineInfo_to_exitCode.log_LineInfo] 2026-04-21 18:34:54,878 [INFO] ThirdParty:1030 - CMSIS Pack Vendor :STMicroelectronics X-CUBE-AZRTOS-F7 1.1.0
2026-04-21 18:34:54,879 DEBUG [LineInfo_to_exitCode.log_LineInfo] 2026-04-21 18:34:54,878 [INFO] ThirdParty:1030 - CMSIS Pack Vendor :STMicroelectronics X-CUBE-AZRTOS-L5 2.0.0
2026-04-21 18:34:54,879 DEBUG [LineInfo_to_exitCode.log_LineInfo] 2026-04-21 18:34:54,879 [INFO] ThirdParty:1030 - CMSIS Pack Vendor :STMicroelectronics USB_DEVICE 2.0.0
2026-04-21 18:34:54,879 DEBUG [LineInfo_to_exitCode.log_LineInfo] 2026-04-21 18:34:54,879 [INFO] ThirdParty:1030 - CMSIS Pack Vendor :quantropi X-CUBE-qispace-sdk-base 2.1.0
2026-04-21 18:34:54,879 DEBUG [LineInfo_to_exitCode.log_LineInfo] 2026-04-21 18:34:54,879 [INFO] ThirdParty:1030 - CMSIS Pack Vendor :STMicroelectronics X-CUBE-MEMS1 12.0.0
2026-04-21 18:34:54,879 DEBUG [LineInfo_to_exitCode.log_LineInfo] 2026-04-21 18:34:54,879 [INFO] ThirdParty:1030 - CMSIS Pack Vendor :STMicroelectronics X-CUBE-STSE01 2.0.0
2026-04-21 18:34:54,879 DEBUG [LineInfo_to_exitCode.log_LineInfo] 2026-04-21 18:34:54,879 [INFO] ThirdParty:1030 - CMSIS Pack Vendor :STMicroelectronics FP-SNS-MOTENV1 5.1.0
2026-04-21 18:34:54,880 DEBUG [LineInfo_to_exitCode.log_LineInfo] 2026-04-21 18:34:54,879 [INFO] ThirdParty:1030 - CMSIS Pack Vendor :STMicroelectronics FreeRTOS 0.0.1
2026-04-21 18:34:54,880 DEBUG [LineInfo_to_exitCode.log_LineInfo] 2026-04-21 18:34:54,880 [INFO] ThirdParty:1030 - CMSIS Pack Vendor :STMicroelectronics X-CUBE-AZRTOS-G0 1.1.0
2026-04-21 18:34:54,880 DEBUG [LineInfo_to_exitCode.log_LineInfo] 2026-04-21 18:34:54,880 [INFO] ThirdParty:1030 - CMSIS Pack Vendor :STMicroelectronics X-CUBE-NFC4 3.0.0
2026-04-21 18:34:54,880 DEBUG [LineInfo_to_exitCode.log_LineInfo] 2026-04-21 18:34:54,880 [INFO] ThirdParty:1030 - CMSIS Pack Vendor :STMicroelectronics X-CUBE-SUBG2 5.0.0
2026-04-21 18:34:54,881 DEBUG [LineInfo_to_exitCode.log_LineInfo] 2026-04-21 18:34:54,880 [INFO] ThirdParty:1030 - CMSIS Pack Vendor :STMicroelectronics STM32_WPAN 1.0.0
2026-04-21 18:34:54,881 DEBUG [LineInfo_to_exitCode.log_LineInfo] 2026-04-21 18:34:54,880 [INFO] ThirdParty:1030 - CMSIS Pack Vendor :STMicroelectronics eDS-WB_DPC_VIENNA 1.2.0
2026-04-21 18:34:54,881 DEBUG [LineInfo_to_exitCode.log_LineInfo] 2026-04-21 18:34:54,881 [INFO] ThirdParty:1030 - CMSIS Pack Vendor :EmbeddedOffice I-CUBE-FS-RTOS 1.0.1
2026-04-21 18:34:54,883 DEBUG [LineInfo_to_exitCode.log_LineInfo] 2026-04-21 18:34:54,882 [INFO] ThirdParty:1030 - CMSIS Pack Vendor :STMicroelectronics lwIP 2.0.3
2026-04-21 18:34:54,883 DEBUG [LineInfo_to_exitCode.log_LineInfo] 2026-04-21 18:34:54,883 [INFO] ThirdParty:1030 - CMSIS Pack Vendor :WES I-CUBE-Cesium 1.4.0
2026-04-21 18:34:54,883 DEBUG [LineInfo_to_exitCode.log_LineInfo] 2026-04-21 18:34:54,883 [INFO] ThirdParty:1030 - CMSIS Pack Vendor :STMicroelectronics eDS-WB_DPC_3PH2L-BIDIR 1.1.1
2026-04-21 18:34:54,884 DEBUG [LineInfo_to_exitCode.log_LineInfo] 2026-04-21 18:34:54,883 [INFO] ThirdParty:1030 - CMSIS Pack Vendor :STMicroelectronics USB_HOST 1.0.0
2026-04-21 18:34:54,884 DEBUG [LineInfo_to_exitCode.log_LineInfo] 2026-04-21 18:34:54,884 [INFO] ThirdParty:1030 - CMSIS Pack Vendor :STMicroelectronics X-CUBE-AZRTOS-G4 2.0.0
2026-04-21 18:34:54,884 DEBUG [LineInfo_to_exitCode.log_LineInfo] 2026-04-21 18:34:54,884 [INFO] ThirdParty:1030 - CMSIS Pack Vendor :STMicroelectronics X-CUBE-WB05N 2.0.0
2026-04-21 18:34:54,885 DEBUG [LineInfo_to_exitCode.log_LineInfo] 2026-04-21 18:34:54,885 [INFO] ThirdParty:1030 - CMSIS Pack Vendor :STMicroelectronics PDM2PCM 3.1.0
2026-04-21 18:34:54,885 DEBUG [LineInfo_to_exitCode.log_LineInfo] 2026-04-21 18:34:54,885 [INFO] ThirdParty:1030 - CMSIS Pack Vendor :STMicroelectronics PDM2PCM 3.3.0
2026-04-21 18:34:54,885 DEBUG [LineInfo_to_exitCode.log_LineInfo] 2026-04-21 18:34:54,885 [INFO] ThirdParty:1030 - CMSIS Pack Vendor :wolfSSL I-CUBE-wolfTPM 3.8.0
2026-04-21 18:34:54,885 DEBUG [LineInfo_to_exitCode.log_LineInfo] 2026-04-21 18:34:54,885 [INFO] ThirdParty:1030 - CMSIS Pack Vendor :STMicroelectronics X-CUBE-AZRTOS-H7 3.4.0
2026-04-21 18:34:54,885 DEBUG [LineInfo_to_exitCode.log_LineInfo] 2026-04-21 18:34:54,885 [INFO] ThirdParty:1030 - CMSIS Pack Vendor :STMicroelectronics X-CUBE-DISPLAY 3.0.0
2026-04-21 18:34:54,886 DEBUG [LineInfo_to_exitCode.log_LineInfo] 2026-04-21 18:34:54,886 [INFO] ThirdParty:1030 - CMSIS Pack Vendor :wolfSSL I-CUBE-wolfSSH 1.4.20
2026-04-21 18:34:54,888 DEBUG [LineInfo_to_exitCode.log_LineInfo] 2026-04-21 18:34:54,886 [INFO] ThirdParty:1030 - CMSIS Pack Vendor :STMicroelectronics X-CUBE-NFC7 2.0.0
2026-04-21 18:34:54,892 DEBUG [LineInfo_to_exitCode.log_LineInfo] 2026-04-21 18:34:54,891 [INFO] ThirdParty:1030 - CMSIS Pack Vendor :STMicroelectronics FP-SNS-MOTENVWB1 1.5.0
2026-04-21 18:34:54,892 DEBUG [LineInfo_to_exitCode.log_LineInfo] 2026-04-21 18:34:54,892 [INFO] ThirdParty:1030 - CMSIS Pack Vendor :STMicroelectronics X-CUBE-TCPP 4.2.0
2026-04-21 18:34:54,893 DEBUG [LineInfo_to_exitCode.log_LineInfo] 2026-04-21 18:34:54,893 [INFO] ThirdParty:1030 - CMSIS Pack Vendor :RealThread X-CUBE-RT-Thread_Nano 4.1.1
2026-04-21 18:34:54,894 DEBUG [LineInfo_to_exitCode.log_LineInfo] 2026-04-21 18:34:54,893 [INFO] ThirdParty:1030 - CMSIS Pack Vendor :STMicroelectronics FP-ATR-SIGFOX1 3.2.0
2026-04-21 18:34:54,894 DEBUG [LineInfo_to_exitCode.log_LineInfo] 2026-04-21 18:34:54,893 [INFO] ThirdParty:1030 - CMSIS Pack Vendor :STMicroelectronics X-CUBE-NFC10 1.0.0
2026-04-21 18:34:54,894 DEBUG [LineInfo_to_exitCode.log_LineInfo] 2026-04-21 18:34:54,894 [INFO] ThirdParty:1030 - CMSIS Pack Vendor :STMicroelectronics HAL Drivers 0.0.0
2026-04-21 18:34:54,895 DEBUG [LineInfo_to_exitCode.log_LineInfo] 2026-04-21 18:34:54,895 [INFO] ThirdParty:1030 - CMSIS Pack Vendor :STMicroelectronics X-CUBE-FREERTOS 1.5.0
2026-04-21 18:34:54,895 DEBUG [LineInfo_to_exitCode.log_LineInfo] 2026-04-21 18:34:54,895 [INFO] ThirdParty:1030 - CMSIS Pack Vendor :STMicroelectronics MBEDTLS 2.16.2
2026-04-21 18:34:54,895 DEBUG [LineInfo_to_exitCode.log_LineInfo] 2026-04-21 18:34:54,895 [INFO] ThirdParty:1030 - CMSIS Pack Vendor :STMicroelectronics X-CUBE-ST60 1.1.0
2026-04-21 18:34:54,896 DEBUG [LineInfo_to_exitCode.log_LineInfo] 2026-04-21 18:34:54,895 [INFO] ThirdParty:1030 - CMSIS Pack Vendor :STMicroelectronics X-CUBE-ALS 1.0.2
2026-04-21 18:34:54,896 DEBUG [LineInfo_to_exitCode.log_LineInfo] 2026-04-21 18:34:54,896 [INFO] ThirdParty:1030 - CMSIS Pack Vendor :emotas I-CUBE-CANOPEN 1.3.0
2026-04-21 18:34:54,896 DEBUG [LineInfo_to_exitCode.log_LineInfo] 2026-04-21 18:34:54,896 [INFO] ThirdParty:1030 - CMSIS Pack Vendor :STMicroelectronics MBEDTLS 2.14.1
2026-04-21 18:34:54,902 DEBUG [LineInfo_to_exitCode.log_LineInfo] 2026-04-21 18:34:54,897 [INFO] ThirdParty:1030 - CMSIS Pack Vendor :STMicroelectronics X-CUBE-GNSS1 7.1.0
2026-04-21 18:34:54,906 DEBUG [LineInfo_to_exitCode.log_LineInfo] 2026-04-21 18:34:54,906 [INFO] ThirdParty:1030 - CMSIS Pack Vendor :ITTIA_DB I-CUBE-ITTIADB 8.9.0
2026-04-21 18:34:54,906 DEBUG [LineInfo_to_exitCode.log_LineInfo] 2026-04-21 18:34:54,906 [INFO] ThirdParty:1030 - CMSIS Pack Vendor :STMicroelectronics X-CUBE-TOUCHGFX 4.26.0
2026-04-21 18:34:54,907 DEBUG [LineInfo_to_exitCode.log_LineInfo] 2026-04-21 18:34:54,906 [INFO] ThirdParty:1030 - CMSIS Pack Vendor :Cesanta I-CUBE-Mongoose 7.21.0
2026-04-21 18:34:54,907 DEBUG [LineInfo_to_exitCode.log_LineInfo] 2026-04-21 18:34:54,907 [INFO] ThirdParty:1030 - CMSIS Pack Vendor :STMicroelectronics X-CUBE-TOUCHGFX 4.26.1
2026-04-21 18:34:54,907 DEBUG [LineInfo_to_exitCode.log_LineInfo] 2026-04-21 18:34:54,907 [INFO] ThirdParty:1030 - CMSIS Pack Vendor :STMicroelectronics X-CUBE-NFC6 3.2.0
2026-04-21 18:34:54,907 DEBUG [LineInfo_to_exitCode.log_LineInfo] 2026-04-21 18:34:54,907 [INFO] ThirdParty:1030 - CMSIS Pack Vendor :STMicroelectronics FP-SNS-STBOX1 2.1.0
2026-04-21 18:34:54,907 DEBUG [LineInfo_to_exitCode.log_LineInfo] 2026-04-21 18:34:54,907 [INFO] ThirdParty:1030 - CMSIS Pack Vendor :STMicroelectronics X-CUBE-AI 10.2.0
2026-04-21 18:34:54,907 DEBUG [LineInfo_to_exitCode.log_LineInfo] 2026-04-21 18:34:54,907 [INFO] ThirdParty:1030 - CMSIS Pack Vendor :STMicroelectronics FP-SNS-STAIOTCFT 1.0.0
2026-04-21 18:34:54,907 DEBUG [LineInfo_to_exitCode.log_LineInfo] 2026-04-21 18:34:54,907 [INFO] ThirdParty:1030 - CMSIS Pack Vendor :STMicroelectronics ThreadX 1.0.0
2026-04-21 18:34:54,907 DEBUG [LineInfo_to_exitCode.log_LineInfo] 2026-04-21 18:34:54,907 [INFO] ThirdParty:1030 - CMSIS Pack Vendor :STMicroelectronics FP-SNS-SMARTAG2 1.2.0
2026-04-21 18:34:54,908 DEBUG [LineInfo_to_exitCode.log_LineInfo] 2026-04-21 18:34:54,907 [INFO] ThirdParty:1030 - CMSIS Pack Vendor :STMicroelectronics FP-SNS-FLIGHT1 5.1.0
2026-04-21 18:34:54,908 DEBUG [LineInfo_to_exitCode.log_LineInfo] 2026-04-21 18:34:54,907 [INFO] ThirdParty:1030 - CMSIS Pack Vendor :STMicroelectronics X-CUBE-AZRTOS-WL 2.0.0
2026-04-21 18:34:54,908 DEBUG [LineInfo_to_exitCode.log_LineInfo] 2026-04-21 18:34:54,907 [INFO] ThirdParty:1030 - CMSIS Pack Vendor :SEGGER I-CUBE-embOS 1.3.1
2026-04-21 18:34:54,908 DEBUG [LineInfo_to_exitCode.log_LineInfo] 2026-04-21 18:34:54,907 [INFO] ThirdParty:1030 - CMSIS Pack Vendor :STMicroelectronics X-CUBE-ALGOBUILD 1.4.0
2026-04-21 18:34:54,908 DEBUG [LineInfo_to_exitCode.log_LineInfo] 2026-04-21 18:34:54,907 [INFO] ThirdParty:1030 - CMSIS Pack Vendor :STMicroelectronics X-CUBE-DPower 1.3.0
2026-04-21 18:34:54,908 DEBUG [LineInfo_to_exitCode.log_LineInfo] 2026-04-21 18:34:54,907 [INFO] ThirdParty:1030 - CMSIS Pack Vendor :STMicroelectronics USB_DEVICE 1.0.0
2026-04-21 18:34:54,908 DEBUG [LineInfo_to_exitCode.log_LineInfo] 2026-04-21 18:34:54,907 [INFO] ThirdParty:1030 - CMSIS Pack Vendor :STMicroelectronics X-CUBE-AZRTOS-H7RS 1.2.0
2026-04-21 18:34:54,908 DEBUG [LineInfo_to_exitCode.log_LineInfo] 2026-04-21 18:34:54,907 [INFO] ThirdParty:1030 - CMSIS Pack Vendor :STMicroelectronics X-CUBE-AZRTOS-L4 2.0.0
2026-04-21 18:34:54,908 DEBUG [LineInfo_to_exitCode.log_LineInfo] 2026-04-21 18:34:54,907 [INFO] ThirdParty:1030 - CMSIS Pack Vendor :STMicroelectronics ThreadX 0.0.2
2026-04-21 18:34:54,908 DEBUG [LineInfo_to_exitCode.log_LineInfo] 2026-04-21 18:34:54,907 [INFO] ThirdParty:1030 - CMSIS Pack Vendor :STMicroelectronics lwIP 2.1.2
2026-04-21 18:34:54,908 DEBUG [LineInfo_to_exitCode.log_LineInfo] 2026-04-21 18:34:54,908 [INFO] ThirdParty:1030 - CMSIS Pack Vendor :STMicroelectronics X-CUBE-SFXS2LP1 4.0.0
2026-04-21 18:34:54,909 DEBUG [LineInfo_to_exitCode.log_LineInfo] 2026-04-21 18:34:54,908 [INFO] ThirdParty:1030 - CMSIS Pack Vendor :STMicroelectronics X-CUBE-BLE2 3.3.0
2026-04-21 18:34:54,909 DEBUG [LineInfo_to_exitCode.log_LineInfo] 2026-04-21 18:34:54,908 [INFO] ThirdParty:1030 - CMSIS Pack Vendor :Avnet-IOTCONNECT X-CUBE-iotc-st67-sdk 1.0.0
2026-04-21 18:34:54,909 DEBUG [LineInfo_to_exitCode.log_LineInfo] 2026-04-21 18:34:54,908 [INFO] ThirdParty:1030 - CMSIS Pack Vendor :STMicroelectronics X-CUBE-TOF1 3.4.3
2026-04-21 18:34:54,909 DEBUG [LineInfo_to_exitCode.log_LineInfo] 2026-04-21 18:34:54,908 [INFO] ThirdParty:1030 - CMSIS Pack Vendor :Infineon AIROC-Wi-Fi-Bluetooth-STM32 1.8.0
2026-04-21 18:34:54,909 DEBUG [LineInfo_to_exitCode.log_LineInfo] 2026-04-21 18:34:54,908 [INFO] ThirdParty:1030 - CMSIS Pack Vendor :STMicroelectronics PDM2PCM 3.2.0
2026-04-21 18:34:54,909 DEBUG [LineInfo_to_exitCode.log_LineInfo] 2026-04-21 18:34:54,908 [INFO] ThirdParty:1030 - CMSIS Pack Vendor :STMicroelectronics X-CUBE-WB05N 2.1.0
2026-04-21 18:34:54,909 DEBUG [LineInfo_to_exitCode.log_LineInfo] 2026-04-21 18:34:54,908 [INFO] ThirdParty:1030 - CMSIS Pack Vendor :STMicroelectronics X-CUBE-ST67W61 1.2.0
2026-04-21 18:34:54,911 DEBUG [LineInfo_to_exitCode.log_LineInfo] 2026-04-21 18:34:54,910 [INFO] ThirdParty:841 - exiting critical section [change project]
2026-04-21 18:34:57,883 DEBUG [LineInfo_to_exitCode.log_LineInfo] 2026-04-21 18:34:57,877 [INFO] PinOutPanel:1590 - setPackage(No Configuration,No Configuration)
2026-04-21 18:34:57,902 DEBUG [LineInfo_to_exitCode.log_LineInfo] 2026-04-21 18:34:57,902 [INFO] PinOutPanel:1590 - setPackage(STM32G431VBTx,LQFP100)
2026-04-21 18:35:00,193 DEBUG [LineInfo_to_exitCode.log_LineInfo] 2026-04-21 18:35:00,185 [INFO] UtilMem:75 - Before build in PCC Used Memory: 217727336 Bytes (484442112)
2026-04-21 18:35:02,989 DEBUG [LineInfo_to_exitCode.log_LineInfo] 2026-04-21 18:35:02,986 [INFO] UtilMem:75 - After build in PCC Used Memory: 323633512 Bytes (484442112)
2026-04-21 18:35:03,516 DEBUG [LineInfo_to_exitCode.log_LineInfo] 2026-04-21 18:35:03,488 [INFO] ApiDbMcu:532 - Load IP Config File for MotorControl
2026-04-21 18:35:04,340 DEBUG [LineInfo_to_exitCode.log_LineInfo] 2026-04-21 18:35:04,340 [INFO] IPUIPlugin:80 - create IPUIPlugin
2026-04-21 18:35:04,341 DEBUG [LineInfo_to_exitCode.log_LineInfo] 2026-04-21 18:35:04,341 [INFO] IPUIPlugin:80 - create IPUIPlugin
2026-04-21 18:35:04,343 DEBUG [LineInfo_to_exitCode.log_LineInfo] 2026-04-21 18:35:04,343 [INFO] IPUIPlugin:80 - create IPUIPlugin
2026-04-21 18:35:04,344 DEBUG [LineInfo_to_exitCode.log_LineInfo] 2026-04-21 18:35:04,343 [INFO] IPUIPlugin:80 - create IPUIPlugin
2026-04-21 18:35:04,344 DEBUG [LineInfo_to_exitCode.log_LineInfo] 2026-04-21 18:35:04,344 [INFO] IPUIPlugin:80 - create IPUIPlugin
2026-04-21 18:35:04,345 DEBUG [LineInfo_to_exitCode.log_LineInfo] 2026-04-21 18:35:04,344 [INFO] IPUIPlugin:80 - create IPUIPlugin
2026-04-21 18:35:04,350 DEBUG [LineInfo_to_exitCode.log_LineInfo] 2026-04-21 18:35:04,349 [INFO] IPUIPlugin:80 - create IPUIPlugin
2026-04-21 18:35:04,350 DEBUG [LineInfo_to_exitCode.log_LineInfo] 2026-04-21 18:35:04,350 [INFO] IPUIPlugin:80 - create IPUIPlugin
2026-04-21 18:35:04,351 DEBUG [LineInfo_to_exitCode.log_LineInfo] 2026-04-21 18:35:04,351 [INFO] IPUIPlugin:80 - create IPUIPlugin
2026-04-21 18:35:04,352 DEBUG [LineInfo_to_exitCode.log_LineInfo] 2026-04-21 18:35:04,352 [INFO] IPUIPlugin:80 - create IPUIPlugin
2026-04-21 18:35:04,353 DEBUG [LineInfo_to_exitCode.log_LineInfo] 2026-04-21 18:35:04,352 [INFO] IPUIPlugin:80 - create IPUIPlugin
2026-04-21 18:35:04,357 DEBUG [LineInfo_to_exitCode.log_LineInfo] 2026-04-21 18:35:04,357 [INFO] IPUIPlugin:80 - create IPUIPlugin
2026-04-21 18:35:04,358 DEBUG [LineInfo_to_exitCode.log_LineInfo] 2026-04-21 18:35:04,358 [INFO] IPUIPlugin:80 - create IPUIPlugin
2026-04-21 18:35:04,361 DEBUG [LineInfo_to_exitCode.log_LineInfo] 2026-04-21 18:35:04,359 [INFO] IPUIPlugin:80 - create IPUIPlugin
2026-04-21 18:35:04,361 DEBUG [LineInfo_to_exitCode.log_LineInfo] 2026-04-21 18:35:04,361 [INFO] IPUIPlugin:80 - create IPUIPlugin
2026-04-21 18:35:04,362 DEBUG [LineInfo_to_exitCode.log_LineInfo] 2026-04-21 18:35:04,362 [INFO] IPUIPlugin:80 - create IPUIPlugin
2026-04-21 18:35:04,363 DEBUG [LineInfo_to_exitCode.log_LineInfo] 2026-04-21 18:35:04,363 [INFO] IPUIPlugin:80 - create IPUIPlugin
2026-04-21 18:35:04,364 DEBUG [LineInfo_to_exitCode.log_LineInfo] 2026-04-21 18:35:04,364 [INFO] IPUIPlugin:80 - create IPUIPlugin
2026-04-21 18:35:04,364 DEBUG [LineInfo_to_exitCode.log_LineInfo] 2026-04-21 18:35:04,364 [INFO] IPUIPlugin:80 - create IPUIPlugin
2026-04-21 18:35:04,365 DEBUG [LineInfo_to_exitCode.log_LineInfo] 2026-04-21 18:35:04,364 [INFO] IPUIPlugin:80 - create IPUIPlugin
2026-04-21 18:35:04,365 DEBUG [LineInfo_to_exitCode.log_LineInfo] 2026-04-21 18:35:04,365 [INFO] IPUIPlugin:80 - create IPUIPlugin
2026-04-21 18:35:04,365 DEBUG [LineInfo_to_exitCode.log_LineInfo] 2026-04-21 18:35:04,365 [INFO] IPUIPlugin:80 - create IPUIPlugin
2026-04-21 18:35:04,366 DEBUG [LineInfo_to_exitCode.log_LineInfo] 2026-04-21 18:35:04,366 [INFO] IPUIPlugin:80 - create IPUIPlugin
2026-04-21 18:35:04,367 DEBUG [LineInfo_to_exitCode.log_LineInfo] 2026-04-21 18:35:04,367 [INFO] IPUIPlugin:80 - create IPUIPlugin
2026-04-21 18:35:04,368 DEBUG [LineInfo_to_exitCode.log_LineInfo] 2026-04-21 18:35:04,368 [INFO] IPUIPlugin:80 - create IPUIPlugin
2026-04-21 18:35:04,374 DEBUG [LineInfo_to_exitCode.log_LineInfo] 2026-04-21 18:35:04,373 [INFO] IPUIPlugin:80 - create IPUIPlugin
2026-04-21 18:35:04,375 DEBUG [LineInfo_to_exitCode.log_LineInfo] 2026-04-21 18:35:04,374 [INFO] IPUIPlugin:80 - create IPUIPlugin
2026-04-21 18:35:04,375 DEBUG [LineInfo_to_exitCode.log_LineInfo] 2026-04-21 18:35:04,374 [INFO] IPUIPlugin:80 - create IPUIPlugin
2026-04-21 18:35:04,376 DEBUG [LineInfo_to_exitCode.log_LineInfo] 2026-04-21 18:35:04,375 [INFO] IPUIPlugin:80 - create IPUIPlugin
2026-04-21 18:35:04,376 DEBUG [LineInfo_to_exitCode.log_LineInfo] 2026-04-21 18:35:04,375 [INFO] IPUIPlugin:80 - create IPUIPlugin
2026-04-21 18:35:04,376 DEBUG [LineInfo_to_exitCode.log_LineInfo] 2026-04-21 18:35:04,375 [INFO] IPUIPlugin:80 - create IPUIPlugin
2026-04-21 18:35:04,376 DEBUG [LineInfo_to_exitCode.log_LineInfo] 2026-04-21 18:35:04,376 [INFO] IPUIPlugin:80 - create IPUIPlugin
2026-04-21 18:35:04,377 DEBUG [LineInfo_to_exitCode.log_LineInfo] 2026-04-21 18:35:04,376 [INFO] IPUIPlugin:80 - create IPUIPlugin
2026-04-21 18:35:04,377 DEBUG [LineInfo_to_exitCode.log_LineInfo] 2026-04-21 18:35:04,377 [INFO] IPUIPlugin:80 - create IPUIPlugin
2026-04-21 18:35:04,378 DEBUG [LineInfo_to_exitCode.log_LineInfo] 2026-04-21 18:35:04,378 [INFO] IPUIPlugin:80 - create IPUIPlugin
2026-04-21 18:35:04,379 DEBUG [LineInfo_to_exitCode.log_LineInfo] 2026-04-21 18:35:04,379 [INFO] IPUIPlugin:80 - create IPUIPlugin
2026-04-21 18:35:04,380 DEBUG [LineInfo_to_exitCode.log_LineInfo] 2026-04-21 18:35:04,379 [INFO] IPUIPlugin:80 - create IPUIPlugin
2026-04-21 18:35:04,380 DEBUG [LineInfo_to_exitCode.log_LineInfo] 2026-04-21 18:35:04,380 [INFO] IPUIPlugin:80 - create IPUIPlugin
2026-04-21 18:35:04,380 DEBUG [LineInfo_to_exitCode.log_LineInfo] 2026-04-21 18:35:04,380 [INFO] IPUIPlugin:80 - create IPUIPlugin
2026-04-21 18:35:04,381 DEBUG [LineInfo_to_exitCode.log_LineInfo] 2026-04-21 18:35:04,381 [INFO] IPUIPlugin:80 - create IPUIPlugin
2026-04-21 18:35:04,381 DEBUG [LineInfo_to_exitCode.log_LineInfo] 2026-04-21 18:35:04,381 [INFO] IPUIPlugin:80 - create IPUIPlugin
2026-04-21 18:35:04,382 DEBUG [LineInfo_to_exitCode.log_LineInfo] 2026-04-21 18:35:04,382 [INFO] IPUIPlugin:80 - create IPUIPlugin
2026-04-21 18:35:04,382 DEBUG [LineInfo_to_exitCode.log_LineInfo] 2026-04-21 18:35:04,382 [INFO] IPUIPlugin:80 - create IPUIPlugin
2026-04-21 18:35:04,383 DEBUG [LineInfo_to_exitCode.log_LineInfo] 2026-04-21 18:35:04,383 [INFO] IPUIPlugin:80 - create IPUIPlugin
2026-04-21 18:35:04,383 DEBUG [LineInfo_to_exitCode.log_LineInfo] 2026-04-21 18:35:04,383 [INFO] IPUIPlugin:80 - create IPUIPlugin
2026-04-21 18:35:04,384 DEBUG [LineInfo_to_exitCode.log_LineInfo] 2026-04-21 18:35:04,383 [INFO] IPUIPlugin:80 - create IPUIPlugin
2026-04-21 18:35:04,384 DEBUG [LineInfo_to_exitCode.log_LineInfo] 2026-04-21 18:35:04,384 [INFO] IPUIPlugin:80 - create IPUIPlugin
2026-04-21 18:35:04,384 DEBUG [LineInfo_to_exitCode.log_LineInfo] 2026-04-21 18:35:04,384 [INFO] IPUIPlugin:80 - create IPUIPlugin
2026-04-21 18:35:04,385 DEBUG [LineInfo_to_exitCode.log_LineInfo] 2026-04-21 18:35:04,385 [INFO] IPUIPlugin:80 - create IPUIPlugin
2026-04-21 18:35:04,385 DEBUG [LineInfo_to_exitCode.log_LineInfo] 2026-04-21 18:35:04,385 [INFO] IPUIPlugin:80 - create IPUIPlugin
2026-04-21 18:35:04,389 DEBUG [LineInfo_to_exitCode.log_LineInfo] 2026-04-21 18:35:04,388 [INFO] IPUIPlugin:80 - create IPUIPlugin
2026-04-21 18:35:04,391 DEBUG [LineInfo_to_exitCode.log_LineInfo] 2026-04-21 18:35:04,389 [INFO] IPUIPlugin:80 - create IPUIPlugin
2026-04-21 18:35:04,391 DEBUG [LineInfo_to_exitCode.log_LineInfo] 2026-04-21 18:35:04,389 [INFO] IPUIPlugin:80 - create IPUIPlugin
2026-04-21 18:35:04,391 DEBUG [LineInfo_to_exitCode.log_LineInfo] 2026-04-21 18:35:04,391 [INFO] IPUIPlugin:80 - create IPUIPlugin
2026-04-21 18:35:04,392 DEBUG [LineInfo_to_exitCode.log_LineInfo] 2026-04-21 18:35:04,391 [INFO] IPUIPlugin:80 - create IPUIPlugin
2026-04-21 18:35:04,392 DEBUG [LineInfo_to_exitCode.log_LineInfo] 2026-04-21 18:35:04,392 [INFO] IPUIPlugin:80 - create IPUIPlugin
2026-04-21 18:35:04,392 DEBUG [LineInfo_to_exitCode.log_LineInfo] 2026-04-21 18:35:04,392 [INFO] IPUIPlugin:80 - create IPUIPlugin
2026-04-21 18:35:04,393 DEBUG [LineInfo_to_exitCode.log_LineInfo] 2026-04-21 18:35:04,393 [INFO] IPUIPlugin:80 - create IPUIPlugin
2026-04-21 18:35:04,393 DEBUG [LineInfo_to_exitCode.log_LineInfo] 2026-04-21 18:35:04,393 [INFO] IPUIPlugin:80 - create IPUIPlugin
2026-04-21 18:35:05,814 DEBUG [LineInfo_to_exitCode.log_LineInfo] 2026-04-21 18:35:05,813 [INFO] ProjectChoiceTab:3899 - New firmware version: STM32Cube FW_G4 V1.6.2 Old firmware version: null
2026-04-21 18:35:05,815 DEBUG [LineInfo_to_exitCode.log_LineInfo] 2026-04-21 18:35:05,814 [INFO] ProjectChoiceTab:3909 - H7FWmigrated= false
2026-04-21 18:35:05,868 DEBUG [LineInfo_to_exitCode.log_LineInfo] 2026-04-21 18:35:05,867 [INFO] CADModel:165 - CPN selected for project levelSTM32G431VBT3
2026-04-21 18:35:05,868 DEBUG [LineInfo_to_exitCode.log_LineInfo] 2026-04-21 18:35:05,868 [INFO] CADModel:114 - Register for checkConnection events
2026-04-21 18:35:09,954 DEBUG [LineInfo_to_exitCode.log_LineInfo] 2026-04-21 18:35:09,950 [INFO] OpenFileManager:386 - Restore cursor
2026-04-21 18:35:10,481 DEBUG [LineInfo_to_exitCode.log_LineInfo] 2026-04-21 18:35:10,481 [INFO] ProjectChoiceTab:3899 - New firmware version: STM32Cube FW_G4 V1.6.2 Old firmware version: STM32Cube FW_G4 V1.6.2
2026-04-21 18:35:10,486 DEBUG [LineInfo_to_exitCode.log_LineInfo] 2026-04-21 18:35:10,486 [INFO] ProjectChoiceTab:3899 - New firmware version: STM32Cube FW_G4 V1.6.1 Old firmware version: STM32Cube FW_G4 V1.6.2
2026-04-21 18:35:10,489 DEBUG [LineInfo_to_exitCode.log_LineInfo] 2026-04-21 18:35:10,488 [INFO] ProjectChoiceTab:3909 - H7FWmigrated= false
2026-04-21 18:35:13,579 DEBUG [LineInfo_to_exitCode.log_LineInfo] 2026-04-21 18:35:13,564 [INFO] UtilMem:75 - End SaveConfig() Used Memory: 268577792 Bytes (484442112)
2026-04-21 18:35:13,931 DEBUG [LineInfo_to_exitCode.log_LineInfo] 2026-04-21 18:35:13,930 [INFO] ProjectChoiceTab:3899 - New firmware version: STM32Cube FW_G4 V1.6.2 Old firmware version: STM32Cube FW_G4 V1.6.1
2026-04-21 18:35:13,932 DEBUG [LineInfo_to_exitCode.log_LineInfo] 2026-04-21 18:35:13,931 [INFO] ProjectChoiceTab:3909 - H7FWmigrated= false
2026-04-21 18:35:13,943 DEBUG [LineInfo_to_exitCode.log_LineInfo] 2026-04-21 18:35:13,942 [INFO] ProjectChoiceTab:3899 - New firmware version: STM32Cube FW_G4 V1.6.1 Old firmware version: STM32Cube FW_G4 V1.6.2
2026-04-21 18:35:13,944 DEBUG [LineInfo_to_exitCode.log_LineInfo] 2026-04-21 18:35:13,943 [INFO] ProjectChoiceTab:3909 - H7FWmigrated= false
2026-04-21 18:35:14,918 DEBUG [LineInfo_to_exitCode.log_LineInfo] 2026-04-21 18:35:14,917 [INFO] IPsOverviews:2785 - set Specific Code input for plugin: MotorControl
2026-04-21 18:35:14,919 DEBUG [LineInfo_to_exitCode.log_LineInfo] 2026-04-21 18:35:14,918 [INFO] IPsOverviews:2785 - set Specific Code input for plugin: DAC
2026-04-21 18:35:14,919 DEBUG [LineInfo_to_exitCode.log_LineInfo] 2026-04-21 18:35:14,918 [INFO] IPsOverviews:2785 - set Specific Code input for plugin: TIM1_8G4
2026-04-21 18:35:14,919 DEBUG [LineInfo_to_exitCode.log_LineInfo] 2026-04-21 18:35:14,918 [INFO] IPsOverviews:2785 - set Specific Code input for plugin: TIM1_8G4
2026-04-21 18:35:14,919 DEBUG [LineInfo_to_exitCode.log_LineInfo] 2026-04-21 18:35:14,919 [INFO] IPsOverviews:2785 - set Specific Code input for plugin: OPAMP
2026-04-21 18:35:14,919 DEBUG [LineInfo_to_exitCode.log_LineInfo] 2026-04-21 18:35:14,919 [INFO] IPsOverviews:2785 - set Specific Code input for plugin: ADC
2026-04-21 18:35:14,919 DEBUG [LineInfo_to_exitCode.log_LineInfo] 2026-04-21 18:35:14,919 [INFO] IPsOverviews:2785 - set Specific Code input for plugin: SYS
2026-04-21 18:35:14,920 DEBUG [LineInfo_to_exitCode.log_LineInfo] 2026-04-21 18:35:14,919 [INFO] IPsOverviews:2785 - set Specific Code input for plugin: ADC
2026-04-21 18:35:14,921 DEBUG [LineInfo_to_exitCode.log_LineInfo] 2026-04-21 18:35:14,921 [INFO] IPsOverviews:2785 - set Specific Code input for plugin: RCC
2026-04-21 18:35:14,922 DEBUG [LineInfo_to_exitCode.log_LineInfo] 2026-04-21 18:35:14,921 [INFO] IPsOverviews:2785 - set Specific Code input for plugin: I2C
2026-04-21 18:35:14,922 DEBUG [LineInfo_to_exitCode.log_LineInfo] 2026-04-21 18:35:14,921 [INFO] IPsOverviews:2785 - set Specific Code input for plugin: OPAMP
2026-04-21 18:35:14,923 DEBUG [LineInfo_to_exitCode.log_LineInfo] 2026-04-21 18:35:14,922 [INFO] IPsOverviews:2785 - set Specific Code input for plugin: OPAMP
2026-04-21 18:35:14,923 DEBUG [LineInfo_to_exitCode.log_LineInfo] 2026-04-21 18:35:14,922 [INFO] IPsOverviews:2785 - set Specific Code input for plugin: NVIC
2026-04-21 18:35:14,923 DEBUG [LineInfo_to_exitCode.log_LineInfo] 2026-04-21 18:35:14,922 [INFO] IPsOverviews:2785 - set Specific Code input for plugin: COMP
2026-04-21 18:35:14,923 DEBUG [LineInfo_to_exitCode.log_LineInfo] 2026-04-21 18:35:14,923 [INFO] IPsOverviews:2785 - set Specific Code input for plugin: USART
2026-04-21 18:35:14,924 DEBUG [LineInfo_to_exitCode.log_LineInfo] 2026-04-21 18:35:14,923 [INFO] IPsOverviews:2785 - set Specific Code input for plugin: COMP
2026-04-21 18:35:14,924 DEBUG [LineInfo_to_exitCode.log_LineInfo] 2026-04-21 18:35:14,924 [INFO] IPsOverviews:2785 - set Specific Code input for plugin: COMP
2026-04-21 18:35:14,924 DEBUG [LineInfo_to_exitCode.log_LineInfo] 2026-04-21 18:35:14,924 [INFO] IPsOverviews:2785 - set Specific Code input for plugin: DMA
2026-04-21 18:35:14,925 DEBUG [LineInfo_to_exitCode.log_LineInfo] 2026-04-21 18:35:14,924 [INFO] IPsOverviews:2785 - set Specific Code input for plugin: CORDIC
2026-04-21 18:35:14,929 DEBUG [LineInfo_to_exitCode.log_LineInfo] 2026-04-21 18:35:14,929 [INFO] IPsOverviews:2785 - set Specific Code input for plugin: GPIO
2026-04-21 18:35:14,950 DEBUG [LineInfo_to_exitCode.log_LineInfo] 2026-04-21 18:35:14,949 [INFO] CodeGenerator:896 - code generatio: config db path: C:\Users\vexas\AppData\Local\Programs\STM32CubeMX\\db\
2026-04-21 18:35:16,447 DEBUG [LineInfo_to_exitCode.log_LineInfo] 2026-04-21 18:35:16,446 [INFO] CodeEngine:267 - oldGeneratedFile, C:\Users\vexas\.st_workbench\projects\BrushlessMoCo_2026Rev1\MXTmpFiles\license.tmp_save
2026-04-21 18:35:17,068 DEBUG [IOCDialogController.lambda$onClose$8] IOCGenerationDialog exists with return code 4
2026-04-21 18:35:20,623 DEBUG [WB_to_MX.lambda$run_gui_mode$0] Arguments: [-mx_timeout, -1, -pack, assets/MotorControlPack/MotorControl.zip, -exp, templates/wb-defines_where_and_what.txt, -ftl, templates/wb_ioc_template.ftl, -xdm, C:\Users\vexas\.st_workbench\projects\BrushlessMoCo_2026Rev1\BrushlessMoCo_2026Rev1.wbdef, -ioc, C:\Users\vexas\.st_workbench\projects\BrushlessMoCo_2026Rev1\BrushlessMoCo_2026Rev1.ioc]
2026-04-21 18:35:20,626 DEBUG [ArgsValue.lambda$retrieve$2] CLI_ARG[ftl]: templates/wb_ioc_template.ftl
2026-04-21 18:35:20,626 DEBUG [ArgsValue.lambda$retrieve$2] CLI_ARG[exp]: templates/wb-defines_where_and_what.txt
2026-04-21 18:35:20,627 DEBUG [ArgsValue.lambda$retrieve$2] CLI_ARG[xdm]: C:\Users\vexas\.st_workbench\projects\BrushlessMoCo_2026Rev1\BrushlessMoCo_2026Rev1.wbdef
2026-04-21 18:35:20,627 DEBUG [ArgsValue.lambda$retrieve$2] CLI_ARG[ioc]: C:\Users\vexas\.st_workbench\projects\BrushlessMoCo_2026Rev1\BrushlessMoCo_2026Rev1.ioc
2026-04-21 18:35:20,628 DEBUG [ArgsValue.lambda$retrieve$2] CLI_ARG[pack]: assets/MotorControlPack/MotorControl.zip
2026-04-21 18:35:20,628 DEBUG [ArgsValue.lambda$retrieve$2] CLI_ARG[mx_timeout]: -1
2026-04-21 18:35:20,629 DEBUG [ArgsValue.retrieve] {xdm=C:\Users\vexas\.st_workbench\projects\BrushlessMoCo_2026Rev1\BrushlessMoCo_2026Rev1.wbdef, updftl=templates/wb_ioc_mc-middleware.ftl, mx_timeout=-1, exp=templates/wb-defines_where_and_what.txt, ioc=C:\Users\vexas\.st_workbench\projects\BrushlessMoCo_2026Rev1\BrushlessMoCo_2026Rev1.ioc, pack=assets/MotorControlPack/MotorControl.zip, ftl=templates/wb_ioc_template.ftl}
2026-04-21 18:35:20,632 DEBUG [WB_to_MX.run] Targeted MCU family = G4
2026-04-21 18:35:20,635 DEBUG [WB_to_MX.run] Minimum associated CubeMx to the `6.0.0-a0` targeted MCU family is `G4`
2026-04-21 18:35:33,144 DEBUG [EnvironmentChecker.checkPack] STM32CubeMX.Version: 6.16.1-RC2
2026-04-21 18:35:33,186 DEBUG [RetrieveFirmwareVersion.from_zip] Trying to read Firmware version from zipped version Pack: C:\Program Files (x86)\STMicroelectronics\MC_SDK_6.4.1\Utilities\PC_Software\STMCWB\assets\MotorControlPack\MotorControl.zip
2026-04-21 18:35:33,311 DEBUG [RetrieveFirmwareVersion.minimum_supporte_version] minimum_supporte_version MotorControlFirmware.Version: 6.4.1-RC1-Full
2026-04-21 18:35:33,314 DEBUG [PackInfoFactory.deploy_MCPack_to_MxRepo] Deployment strategy class: VersionedFolderStyle_MCPackDeployer
2026-04-21 18:35:33,315 DEBUG [PackInfoFactory.deploy_MCPack_to_MxRepo] Expected MC Pack 6.4.1-Full already deployed
2026-04-21 18:35:33,443 DEBUG [DataSetUpdater.update] Updating data set
2026-04-21 18:35:33,443 DEBUG [DataSetUpdater.update] Update done
2026-04-21 18:35:33,444 INFO  [IocGenerator.logModulesVersionInfo] Version info: 
2026-04-21 18:35:33,445 INFO  [IocGenerator.logModulesVersionInfo]   MC Workbench       : 6.4.1
2026-04-21 18:35:33,446 INFO  [IocGenerator.logModulesVersionInfo]   WB_to_Mx           : 6.4.1-RC1-Full.template-25-05-06
2026-04-21 18:35:33,446 INFO  [IocGenerator.logModulesVersionInfo]   STM32CubeMX        : 6.16.1
2026-04-21 18:35:33,447 INFO  [IocGenerator.logModulesVersionInfo]   MC Firmware Library: 6.4.1-Full
2026-04-21 18:35:33,447 INFO  [IocGenerator.logModulesVersionInfo] 
Generation options: 
2026-04-21 18:35:33,448 INFO  [IocGenerator.logModulesVersionInfo]   Target Toolchain   : CMake
2026-04-21 18:35:33,449 INFO  [IocGenerator.logModulesVersionInfo]   Target Driver      : HAL - Hardware Abstraction Layer
2026-04-21 18:35:33,451 INFO  [IocGenerator.logModulesVersionInfo]   Target STM32 FW    : Latest

2026-04-21 18:35:33,455 DEBUG [IocGenerator.process] C:\Users\vexas\.st_workbench\projects\BrushlessMoCo_2026Rev1\BrushlessMoCo_2026Rev1.ioc ioc file: Generating
2026-04-21 18:35:33,456 DEBUG [IocGenerator.createOutput] Generating file from template templates\wb_ioc_template.ftl
2026-04-21 18:35:35,418 DEBUG [IocGenerator.process] ioc file C:\Users\vexas\.st_workbench\projects\BrushlessMoCo_2026Rev1\BrushlessMoCo_2026Rev1.ioc Generated
2026-04-21 18:35:35,422 INFO  [LineInfo_to_exitCode.log_LineInfo] C:\Users\vexas\.st_workbench\projects\BrushlessMoCo_2026Rev1\BrushlessMoCo_2026Rev1.ioc ioc: Generated
2026-04-21 18:35:35,564 INFO  [Wb2MxProcess.lambda$copyFolder$e7a869af$1] Folder Overwritten C:\Users\vexas\.st_workbench\projects\BrushlessMoCo_2026Rev1\ftl
2026-04-21 18:35:35,596 INFO  [extSettings.lambda$writeContentToFile$f5919002$1] Generated C:\Users\vexas\.st_workbench\projects\BrushlessMoCo_2026Rev1\.extSettings
2026-04-21 18:35:35,602 INFO  [Wb2MxProcess.lambda$run$$19] 
Started STM32CubeMX for final c-code generation
2026-04-21 18:35:35,606 DEBUG [CubeMxRunner.create_code_generation_script_for] Generated CubeMx script file: C:\Users\vexas\AppData\Local\Temp\WB_to_Mx-brushlessmocorev-8166873728099465532.script
2026-04-21 18:35:37,870 DEBUG [LineInfo_to_exitCode.log_LineInfo] 2026-04-21 18:35:37,866 [INFO] MicroXplorer:98 - [MX] MX Start == 3222834249250
2026-04-21 18:35:37,872 DEBUG [LineInfo_to_exitCode.log_LineInfo] 2026-04-21 18:35:37,872 [INFO] MicroXplorer:653 - Detected Java Version = 21.0.8
2026-04-21 18:35:37,878 DEBUG [LineInfo_to_exitCode.log_LineInfo] 2026-04-21 18:35:37,878 [INFO] ApplicationProperties:184 - Using Application install path: C:\Users\vexas\AppData\Local\Programs\STM32CubeMX
2026-04-21 18:35:37,906 DEBUG [LineInfo_to_exitCode.log_LineInfo] 2026-04-21 18:35:37,905 [INFO] DbMcusXml:78 - Set database path to: C:\Users\vexas\AppData\Local\Programs\STM32CubeMX\\db\/mcu/
2026-04-21 18:35:37,907 DEBUG [LineInfo_to_exitCode.log_LineInfo] 2026-04-21 18:35:37,906 [INFO] ApiDb:274 - Set plugin database path to: C:\Users\vexas\AppData\Local\Programs\STM32CubeMX\\db\/plugins/boardmanager/
2026-04-21 18:35:37,922 DEBUG [LineInfo_to_exitCode.log_LineInfo] 2026-04-21 18:35:37,921 [INFO] McuFinderGlobals:63 - Set McuFinder mode to 1 (CubeMX integrated)
2026-04-21 18:35:37,958 DEBUG [LineInfo_to_exitCode.log_LineInfo] 2026-04-21 18:35:37,958 [INFO] ApiDb:250 - Set database path to: C:\Users\vexas\.stmcufinder\plugins\mcufinder//mcu/
2026-04-21 18:35:37,962 DEBUG [LineInfo_to_exitCode.log_LineInfo] 2026-04-21 18:35:37,961 [INFO] DbMcusAds:125 - Set database path to: C:\Users\vexas\.stmcufinder\plugins\mcufinder//mcu/
2026-04-21 18:35:38,092 DEBUG [LineInfo_to_exitCode.log_LineInfo] 2026-04-21 18:35:38,091 [INFO] CrossReferenceDbSqlite:203 - Set database path to: C:\Users\vexas\.stmcufinder\plugins\mcufinder//mcu/cs/
2026-04-21 18:35:38,635 DEBUG [LineInfo_to_exitCode.log_LineInfo] 2026-04-21 18:35:38,633 [INFO] RulesReader:64 - Compatibility file has been processed (318 Rules)
2026-04-21 18:35:38,698 DEBUG [LineInfo_to_exitCode.log_LineInfo] 2026-04-21 18:35:38,698 [INFO] STM32CubeMX:60 - Starting STM32CubeMX
2026-04-21 18:35:39,284 DEBUG [LineInfo_to_exitCode.log_LineInfo] 2026-04-21 18:35:39,283 [INFO] MainPanel:281 - HeapMemory: 46137344
2026-04-21 18:35:39,432 DEBUG [LineInfo_to_exitCode.log_LineInfo] 2026-04-21 18:35:39,431 [INFO] MainFrame:145 - AppUserModelID : STM32CubeMX.6.16.1-RC2
2026-04-21 18:35:39,788 DEBUG [LineInfo_to_exitCode.log_LineInfo] 2026-04-21 18:35:39,786 [INFO] DbMcusXml:78 - Set database path to: C:\Users\vexas\AppData\Local\Programs\STM32CubeMX\\db\/mcu/
2026-04-21 18:35:39,789 DEBUG [LineInfo_to_exitCode.log_LineInfo] 2026-04-21 18:35:39,788 [INFO] ApiDb:274 - Set plugin database path to: C:\Users\vexas\AppData\Local\Programs\STM32CubeMX\\db\/plugins/boardmanager/
2026-04-21 18:35:39,790 DEBUG [LineInfo_to_exitCode.log_LineInfo] 2026-04-21 18:35:39,790 [INFO] ApiDb:261 - Set plugin images path to: C:\Users\vexas\AppData\Local\Programs\STM32CubeMX\\db\/plugins/mcufinder/images/
2026-04-21 18:35:39,792 DEBUG [LineInfo_to_exitCode.log_LineInfo] 2026-04-21 18:35:39,792 [INFO] ApiDb:250 - Set database path to: C:\Users\vexas\.stmcufinder\plugins\mcufinder//mcu/
2026-04-21 18:35:39,793 DEBUG [LineInfo_to_exitCode.log_LineInfo] 2026-04-21 18:35:39,793 [INFO] DbMcusAds:125 - Set database path to: C:\Users\vexas\.stmcufinder\plugins\mcufinder//mcu/
2026-04-21 18:35:39,795 DEBUG [LineInfo_to_exitCode.log_LineInfo] 2026-04-21 18:35:39,795 [INFO] CrossReferenceDbSqlite:203 - Set database path to: C:\Users\vexas\.stmcufinder\plugins\mcufinder//mcu/cs/
2026-04-21 18:35:39,842 DEBUG [LineInfo_to_exitCode.log_LineInfo] 2026-04-21 18:35:39,841 [INFO] ApplicationProperties:184 - Using Application install path: C:\Users\vexas\AppData\Local\Programs\STM32CubeMX
2026-04-21 18:35:39,844 DEBUG [LineInfo_to_exitCode.log_LineInfo] 2026-04-21 18:35:39,843 [INFO] PluginManage:196 - Search for loadable plugins [exclusion list=, ]
2026-04-21 18:35:39,849 DEBUG [LineInfo_to_exitCode.log_LineInfo] 2026-04-21 18:35:39,848 [INFO] PluginManage:310 - Check plugin analytics
2026-04-21 18:35:52,509 DEBUG [LineInfo_to_exitCode.log_LineInfo] 2026-04-21 18:35:52,500 [INFO] AnalyticsPlugin:253 - Accepted Software Licenses: STM32CubeMX.6.16.1
2026-04-21 18:35:52,515 DEBUG [LineInfo_to_exitCode.log_LineInfo] 2026-04-21 18:35:52,505 [INFO] AnalyticsPlugin:255 - Accepted CMSIS Pack Licenses: 
2026-04-21 18:35:52,515 DEBUG [LineInfo_to_exitCode.log_LineInfo] 2026-04-21 18:35:52,508 [INFO] AnalyticsPlugin:257 - Accepted Firmware Licenses: FW.G4.1.6.0
2026-04-21 18:35:52,549 DEBUG [LineInfo_to_exitCode.log_LineInfo] 2026-04-21 18:35:52,548 [INFO] PluginManage:359 - Loaded plugin analytics (category:tool,tabindex:-1)
2026-04-21 18:35:52,550 DEBUG [LineInfo_to_exitCode.log_LineInfo] 2026-04-21 18:35:52,549 [INFO] PluginManage:310 - Check plugin cadmodel
2026-04-21 18:35:52,617 DEBUG [LineInfo_to_exitCode.log_LineInfo] 2026-04-21 18:35:52,616 [INFO] CADModel:105 - Init CAD model plugin
2026-04-21 18:35:52,618 DEBUG [LineInfo_to_exitCode.log_LineInfo] 2026-04-21 18:35:52,617 [INFO] PluginManage:359 - Loaded plugin cadmodel (category:power,tabindex:5)
2026-04-21 18:35:52,621 DEBUG [LineInfo_to_exitCode.log_LineInfo] 2026-04-21 18:35:52,619 [INFO] PluginManage:310 - Check plugin clock
2026-04-21 18:35:52,643 DEBUG [LineInfo_to_exitCode.log_LineInfo] 2026-04-21 18:35:52,642 [INFO] PluginManage:359 - Loaded plugin clock (category:base,tabindex:2)
2026-04-21 18:35:52,644 DEBUG [LineInfo_to_exitCode.log_LineInfo] 2026-04-21 18:35:52,643 [INFO] PluginManage:310 - Check plugin ddr
2026-04-21 18:35:52,656 DEBUG [LineInfo_to_exitCode.log_LineInfo] 2026-04-21 18:35:52,652 [INFO] PluginManage:359 - Loaded plugin ddr (category:tool,tabindex:6)
2026-04-21 18:35:52,656 DEBUG [LineInfo_to_exitCode.log_LineInfo] 2026-04-21 18:35:52,656 [INFO] PluginManage:310 - Check plugin filemanager
2026-04-21 18:35:53,071 DEBUG [LineInfo_to_exitCode.log_LineInfo] 2026-04-21 18:35:53,069 [INFO] PluginManage:359 - Loaded plugin filemanager (category:base,tabindex:10)
2026-04-21 18:35:53,072 DEBUG [LineInfo_to_exitCode.log_LineInfo] 2026-04-21 18:35:53,072 [INFO] PluginManage:310 - Check plugin ipmanager
2026-04-21 18:35:53,107 DEBUG [LineInfo_to_exitCode.log_LineInfo] 2026-04-21 18:35:53,106 [INFO] PluginManage:359 - Loaded plugin ipmanager (category:base,tabindex:5)
2026-04-21 18:35:53,108 DEBUG [LineInfo_to_exitCode.log_LineInfo] 2026-04-21 18:35:53,107 [INFO] PluginManage:310 - Check plugin lpbam
2026-04-21 18:35:53,125 DEBUG [LineInfo_to_exitCode.log_LineInfo] 2026-04-21 18:35:53,125 [INFO] PluginManage:359 - Loaded plugin lpbam (category:base,tabindex:0)
2026-04-21 18:35:53,125 DEBUG [LineInfo_to_exitCode.log_LineInfo] 2026-04-21 18:35:53,125 [INFO] PluginManage:310 - Check plugin memorymap
2026-04-21 18:35:53,156 DEBUG [LineInfo_to_exitCode.log_LineInfo] 2026-04-21 18:35:53,156 [INFO] PluginManage:359 - Loaded plugin memorymap (category:base,tabindex:4)
2026-04-21 18:35:53,157 DEBUG [LineInfo_to_exitCode.log_LineInfo] 2026-04-21 18:35:53,157 [INFO] PluginManage:310 - Check plugin pinoutandconfiguration
2026-04-21 18:35:53,169 DEBUG [LineInfo_to_exitCode.log_LineInfo] 2026-04-21 18:35:53,168 [INFO] PluginManage:359 - Loaded plugin pinoutandconfiguration (category:base,tabindex:1)
2026-04-21 18:35:53,171 DEBUG [LineInfo_to_exitCode.log_LineInfo] 2026-04-21 18:35:53,169 [INFO] PluginManage:310 - Check plugin pinoutconfig
2026-04-21 18:35:53,853 DEBUG [LineInfo_to_exitCode.log_LineInfo] 2026-04-21 18:35:53,852 [INFO] PluginManage:359 - Loaded plugin pinoutconfig (category:base,tabindex:0)
2026-04-21 18:35:53,854 DEBUG [LineInfo_to_exitCode.log_LineInfo] 2026-04-21 18:35:53,853 [INFO] PluginManage:310 - Check plugin power
2026-04-21 18:35:53,881 DEBUG [LineInfo_to_exitCode.log_LineInfo] 2026-04-21 18:35:53,879 [INFO] PluginManage:359 - Loaded plugin power (category:power,tabindex:4)
2026-04-21 18:35:53,881 DEBUG [LineInfo_to_exitCode.log_LineInfo] 2026-04-21 18:35:53,881 [INFO] PluginManage:310 - Check plugin projectmanager
2026-04-21 18:35:54,039 DEBUG [LineInfo_to_exitCode.log_LineInfo] 2026-04-21 18:35:54,037 [INFO] PluginManage:359 - Loaded plugin projectmanager (category:projectmanager,tabindex:4)
2026-04-21 18:35:54,039 DEBUG [LineInfo_to_exitCode.log_LineInfo] 2026-04-21 18:35:54,039 [INFO] PluginManage:310 - Check plugin rif
2026-04-21 18:35:54,051 DEBUG [LineInfo_to_exitCode.log_LineInfo] 2026-04-21 18:35:54,051 [INFO] PluginManage:359 - Loaded plugin rif (category:base,tabindex:3)
2026-04-21 18:35:54,052 DEBUG [LineInfo_to_exitCode.log_LineInfo] 2026-04-21 18:35:54,052 [INFO] PluginManage:310 - Check plugin thirdparty
2026-04-21 18:35:54,448 DEBUG [LineInfo_to_exitCode.log_LineInfo] 2026-04-21 18:35:54,447 [INFO] PluginManage:359 - Loaded plugin thirdparty (category:base,tabindex:-1)
2026-04-21 18:35:54,449 DEBUG [LineInfo_to_exitCode.log_LineInfo] 2026-04-21 18:35:54,449 [INFO] PluginManage:310 - Check plugin tools
2026-04-21 18:35:54,452 DEBUG [LineInfo_to_exitCode.log_LineInfo] 2026-04-21 18:35:54,451 [INFO] IntegrityCheckThread:86 - entering critical section [integrity check]
2026-04-21 18:35:54,456 DEBUG [LineInfo_to_exitCode.log_LineInfo] 2026-04-21 18:35:54,455 [INFO] ThirdPartyUpdaterWithRetryManager:70 - Updater plugin not ready yet. [1/15]
2026-04-21 18:35:54,460 DEBUG [LineInfo_to_exitCode.log_LineInfo] 2026-04-21 18:35:54,459 [INFO] PluginManage:359 - Loaded plugin tools (category:base,tabindex:7)
2026-04-21 18:35:54,460 DEBUG [LineInfo_to_exitCode.log_LineInfo] 2026-04-21 18:35:54,460 [INFO] PluginManage:310 - Check plugin tutovideos
2026-04-21 18:35:54,797 DEBUG [LineInfo_to_exitCode.log_LineInfo] 2026-04-21 18:35:54,796 [INFO] PluginManage:359 - Loaded plugin tutovideos (category:base,tabindex:-1)
2026-04-21 18:35:54,797 DEBUG [LineInfo_to_exitCode.log_LineInfo] 2026-04-21 18:35:54,797 [INFO] PluginManage:310 - Check plugin updater
2026-04-21 18:35:54,853 DEBUG [LineInfo_to_exitCode.log_LineInfo] 2026-04-21 18:35:54,852 [INFO] PluginManage:359 - Loaded plugin updater (category:base,tabindex:12)
2026-04-21 18:35:54,856 DEBUG [LineInfo_to_exitCode.log_LineInfo] 2026-04-21 18:35:54,855 [INFO] PluginManage:310 - Check plugin userauth
2026-04-21 18:35:54,864 DEBUG [LineInfo_to_exitCode.log_LineInfo] 2026-04-21 18:35:54,863 [INFO] UserAuth:71 - Init User Auth plugin
2026-04-21 18:35:54,864 DEBUG [LineInfo_to_exitCode.log_LineInfo] 2026-04-21 18:35:54,864 [INFO] PluginManage:359 - Loaded plugin userauth (category:base,tabindex:14)
2026-04-21 18:35:54,866 DEBUG [LineInfo_to_exitCode.log_LineInfo] 2026-04-21 18:35:54,865 [INFO] PluginManage:283 - PluginManage : Loaded plugins [18]
2026-04-21 18:35:55,417 DEBUG [LineInfo_to_exitCode.log_LineInfo] 2026-04-21 18:35:55,416 [INFO] PinOutPanel:1590 - setPackage(No Configuration,No Configuration)
2026-04-21 18:35:55,592 DEBUG [LineInfo_to_exitCode.log_LineInfo] 2026-04-21 18:35:55,591 [INFO] CADModel:165 - CPN selected for project level
2026-04-21 18:35:55,592 DEBUG [LineInfo_to_exitCode.log_LineInfo] 2026-04-21 18:35:55,592 [INFO] CADModel:114 - Register for checkConnection events
2026-04-21 18:35:55,613 DEBUG [LineInfo_to_exitCode.log_LineInfo] 2026-04-21 18:35:55,613 [INFO] IPUIPlugin:80 - create IPUIPlugin
2026-04-21 18:35:55,613 DEBUG [LineInfo_to_exitCode.log_LineInfo] 2026-04-21 18:35:55,613 [INFO] PluginManager:220 - loadIPPluginJar : add adc
2026-04-21 18:35:55,616 DEBUG [LineInfo_to_exitCode.log_LineInfo] 2026-04-21 18:35:55,615 [INFO] IPUIPlugin:80 - create IPUIPlugin
2026-04-21 18:35:55,617 DEBUG [LineInfo_to_exitCode.log_LineInfo] 2026-04-21 18:35:55,617 [INFO] PluginManager:220 - loadIPPluginJar : add aes
2026-04-21 18:35:55,622 DEBUG [LineInfo_to_exitCode.log_LineInfo] 2026-04-21 18:35:55,622 [INFO] IPUIPlugin:80 - create IPUIPlugin
2026-04-21 18:35:55,623 DEBUG [LineInfo_to_exitCode.log_LineInfo] 2026-04-21 18:35:55,622 [INFO] PluginManager:220 - loadIPPluginJar : add can
2026-04-21 18:35:55,627 DEBUG [LineInfo_to_exitCode.log_LineInfo] 2026-04-21 18:35:55,627 [INFO] IPUIPlugin:80 - create IPUIPlugin
2026-04-21 18:35:55,627 DEBUG [LineInfo_to_exitCode.log_LineInfo] 2026-04-21 18:35:55,627 [INFO] PluginManager:220 - loadIPPluginJar : add comp
2026-04-21 18:35:55,629 DEBUG [LineInfo_to_exitCode.log_LineInfo] 2026-04-21 18:35:55,629 [INFO] IPUIPlugin:80 - create IPUIPlugin
2026-04-21 18:35:55,629 DEBUG [LineInfo_to_exitCode.log_LineInfo] 2026-04-21 18:35:55,629 [INFO] PluginManager:220 - loadIPPluginJar : add cryp
2026-04-21 18:35:55,635 DEBUG [LineInfo_to_exitCode.log_LineInfo] 2026-04-21 18:35:55,635 [INFO] IPUIPlugin:80 - create IPUIPlugin
2026-04-21 18:35:55,635 DEBUG [LineInfo_to_exitCode.log_LineInfo] 2026-04-21 18:35:55,635 [INFO] PluginManager:220 - loadIPPluginJar : add ddr_ctrl_phy
2026-04-21 18:35:55,641 DEBUG [LineInfo_to_exitCode.log_LineInfo] 2026-04-21 18:35:55,640 [INFO] IPUIPlugin:80 - create IPUIPlugin
2026-04-21 18:35:55,641 DEBUG [LineInfo_to_exitCode.log_LineInfo] 2026-04-21 18:35:55,641 [INFO] PluginManager:220 - loadIPPluginJar : add dfsdm
2026-04-21 18:35:55,647 DEBUG [LineInfo_to_exitCode.log_LineInfo] 2026-04-21 18:35:55,647 [INFO] IPUIPlugin:80 - create IPUIPlugin
2026-04-21 18:35:55,649 DEBUG [LineInfo_to_exitCode.log_LineInfo] 2026-04-21 18:35:55,647 [INFO] PluginManager:220 - loadIPPluginJar : add dma
2026-04-21 18:35:55,652 DEBUG [LineInfo_to_exitCode.log_LineInfo] 2026-04-21 18:35:55,651 [INFO] IPUIPlugin:80 - create IPUIPlugin
2026-04-21 18:35:55,656 DEBUG [LineInfo_to_exitCode.log_LineInfo] 2026-04-21 18:35:55,655 [INFO] PluginManager:220 - loadIPPluginJar : add dma3
2026-04-21 18:35:55,660 DEBUG [LineInfo_to_exitCode.log_LineInfo] 2026-04-21 18:35:55,659 [INFO] IPUIPlugin:80 - create IPUIPlugin
2026-04-21 18:35:55,660 DEBUG [LineInfo_to_exitCode.log_LineInfo] 2026-04-21 18:35:55,659 [INFO] PluginManager:220 - loadIPPluginJar : add extmemmanager
2026-04-21 18:35:55,662 DEBUG [LineInfo_to_exitCode.log_LineInfo] 2026-04-21 18:35:55,662 [INFO] IPUIPlugin:80 - create IPUIPlugin
2026-04-21 18:35:55,662 DEBUG [LineInfo_to_exitCode.log_LineInfo] 2026-04-21 18:35:55,662 [INFO] PluginManager:220 - loadIPPluginJar : add fatfs
2026-04-21 18:35:55,667 DEBUG [LineInfo_to_exitCode.log_LineInfo] 2026-04-21 18:35:55,667 [INFO] IPUIPlugin:80 - create IPUIPlugin
2026-04-21 18:35:55,669 DEBUG [LineInfo_to_exitCode.log_LineInfo] 2026-04-21 18:35:55,667 [INFO] PluginManager:220 - loadIPPluginJar : add fmc
2026-04-21 18:35:55,676 DEBUG [LineInfo_to_exitCode.log_LineInfo] 2026-04-21 18:35:55,675 [INFO] IPUIPlugin:80 - create IPUIPlugin
2026-04-21 18:35:55,677 DEBUG [LineInfo_to_exitCode.log_LineInfo] 2026-04-21 18:35:55,675 [INFO] PluginManager:220 - loadIPPluginJar : add freertos
2026-04-21 18:35:55,678 DEBUG [LineInfo_to_exitCode.log_LineInfo] 2026-04-21 18:35:55,677 [INFO] IPUIPlugin:80 - create IPUIPlugin
2026-04-21 18:35:55,679 DEBUG [LineInfo_to_exitCode.log_LineInfo] 2026-04-21 18:35:55,678 [INFO] PluginManager:220 - loadIPPluginJar : add genericplugin
2026-04-21 18:35:55,682 DEBUG [LineInfo_to_exitCode.log_LineInfo] 2026-04-21 18:35:55,682 [INFO] IPUIPlugin:80 - create IPUIPlugin
2026-04-21 18:35:55,682 DEBUG [LineInfo_to_exitCode.log_LineInfo] 2026-04-21 18:35:55,682 [INFO] PluginManager:220 - loadIPPluginJar : add gfxmmu
2026-04-21 18:35:55,689 DEBUG [LineInfo_to_exitCode.log_LineInfo] 2026-04-21 18:35:55,687 [INFO] IPUIPlugin:80 - create IPUIPlugin
2026-04-21 18:35:55,689 DEBUG [LineInfo_to_exitCode.log_LineInfo] 2026-04-21 18:35:55,689 [INFO] PluginManager:220 - loadIPPluginJar : add gic
2026-04-21 18:35:55,693 DEBUG [LineInfo_to_exitCode.log_LineInfo] 2026-04-21 18:35:55,693 [INFO] IPUIPlugin:80 - create IPUIPlugin
2026-04-21 18:35:55,694 DEBUG [LineInfo_to_exitCode.log_LineInfo] 2026-04-21 18:35:55,694 [INFO] PluginManager:220 - loadIPPluginJar : add gpio
2026-04-21 18:35:55,697 DEBUG [LineInfo_to_exitCode.log_LineInfo] 2026-04-21 18:35:55,696 [INFO] IPUIPlugin:80 - create IPUIPlugin
2026-04-21 18:35:55,698 DEBUG [LineInfo_to_exitCode.log_LineInfo] 2026-04-21 18:35:55,698 [INFO] PluginManager:220 - loadIPPluginJar : add gtzc
2026-04-21 18:35:55,702 DEBUG [LineInfo_to_exitCode.log_LineInfo] 2026-04-21 18:35:55,701 [INFO] IPUIPlugin:80 - create IPUIPlugin
2026-04-21 18:35:55,705 DEBUG [LineInfo_to_exitCode.log_LineInfo] 2026-04-21 18:35:55,704 [INFO] PluginManager:220 - loadIPPluginJar : add hash
2026-04-21 18:35:55,709 DEBUG [LineInfo_to_exitCode.log_LineInfo] 2026-04-21 18:35:55,708 [INFO] IPUIPlugin:80 - create IPUIPlugin
2026-04-21 18:35:55,710 DEBUG [LineInfo_to_exitCode.log_LineInfo] 2026-04-21 18:35:55,709 [INFO] PluginManager:220 - loadIPPluginJar : add i2c
2026-04-21 18:35:55,711 DEBUG [LineInfo_to_exitCode.log_LineInfo] 2026-04-21 18:35:55,711 [INFO] IPUIPlugin:80 - create IPUIPlugin
2026-04-21 18:35:55,712 DEBUG [LineInfo_to_exitCode.log_LineInfo] 2026-04-21 18:35:55,712 [INFO] PluginManager:220 - loadIPPluginJar : add i2s
2026-04-21 18:35:55,715 DEBUG [LineInfo_to_exitCode.log_LineInfo] 2026-04-21 18:35:55,714 [INFO] IPUIPlugin:80 - create IPUIPlugin
2026-04-21 18:35:55,715 DEBUG [LineInfo_to_exitCode.log_LineInfo] 2026-04-21 18:35:55,715 [INFO] PluginManager:220 - loadIPPluginJar : add i3c
2026-04-21 18:35:55,719 DEBUG [LineInfo_to_exitCode.log_LineInfo] 2026-04-21 18:35:55,718 [INFO] IPUIPlugin:80 - create IPUIPlugin
2026-04-21 18:35:55,719 DEBUG [LineInfo_to_exitCode.log_LineInfo] 2026-04-21 18:35:55,719 [INFO] PluginManager:220 - loadIPPluginJar : add ipddr
2026-04-21 18:35:55,729 DEBUG [LineInfo_to_exitCode.log_LineInfo] 2026-04-21 18:35:55,729 [INFO] IPUIPlugin:80 - create IPUIPlugin
2026-04-21 18:35:55,729 DEBUG [LineInfo_to_exitCode.log_LineInfo] 2026-04-21 18:35:55,729 [INFO] PluginManager:220 - loadIPPluginJar : add linkedlist
2026-04-21 18:35:55,732 DEBUG [LineInfo_to_exitCode.log_LineInfo] 2026-04-21 18:35:55,732 [INFO] IPUIPlugin:80 - create IPUIPlugin
2026-04-21 18:35:55,733 DEBUG [LineInfo_to_exitCode.log_LineInfo] 2026-04-21 18:35:55,732 [INFO] PluginManager:220 - loadIPPluginJar : add lorawan
2026-04-21 18:35:55,741 DEBUG [LineInfo_to_exitCode.log_LineInfo] 2026-04-21 18:35:55,739 [INFO] IPUIPlugin:80 - create IPUIPlugin
2026-04-21 18:35:55,742 DEBUG [LineInfo_to_exitCode.log_LineInfo] 2026-04-21 18:35:55,741 [INFO] PluginManager:220 - loadIPPluginJar : add ltdc
2026-04-21 18:35:55,756 DEBUG [LineInfo_to_exitCode.log_LineInfo] 2026-04-21 18:35:55,752 [INFO] IPUIPlugin:80 - create IPUIPlugin
2026-04-21 18:35:55,761 DEBUG [LineInfo_to_exitCode.log_LineInfo] 2026-04-21 18:35:55,759 [INFO] PluginManager:220 - loadIPPluginJar : add mdma
2026-04-21 18:35:55,768 DEBUG [LineInfo_to_exitCode.log_LineInfo] 2026-04-21 18:35:55,768 [INFO] IPUIPlugin:80 - create IPUIPlugin
2026-04-21 18:35:55,768 DEBUG [LineInfo_to_exitCode.log_LineInfo] 2026-04-21 18:35:55,768 [INFO] PluginManager:220 - loadIPPluginJar : add nvic
2026-04-21 18:35:55,777 DEBUG [LineInfo_to_exitCode.log_LineInfo] 2026-04-21 18:35:55,777 [INFO] IPUIPlugin:80 - create IPUIPlugin
2026-04-21 18:35:55,779 DEBUG [LineInfo_to_exitCode.log_LineInfo] 2026-04-21 18:35:55,779 [INFO] PluginManager:220 - loadIPPluginJar : add opamp
2026-04-21 18:35:55,784 DEBUG [LineInfo_to_exitCode.log_LineInfo] 2026-04-21 18:35:55,784 [INFO] IPUIPlugin:80 - create IPUIPlugin
2026-04-21 18:35:55,784 DEBUG [LineInfo_to_exitCode.log_LineInfo] 2026-04-21 18:35:55,784 [INFO] PluginManager:220 - loadIPPluginJar : add openamp
2026-04-21 18:35:55,791 DEBUG [LineInfo_to_exitCode.log_LineInfo] 2026-04-21 18:35:55,791 [INFO] IPUIPlugin:80 - create IPUIPlugin
2026-04-21 18:35:55,793 DEBUG [LineInfo_to_exitCode.log_LineInfo] 2026-04-21 18:35:55,793 [INFO] PluginManager:220 - loadIPPluginJar : add pdm2pcm
2026-04-21 18:35:55,799 DEBUG [LineInfo_to_exitCode.log_LineInfo] 2026-04-21 18:35:55,799 [INFO] IPUIPlugin:80 - create IPUIPlugin
2026-04-21 18:35:55,810 DEBUG [LineInfo_to_exitCode.log_LineInfo] 2026-04-21 18:35:55,810 [INFO] PluginManager:220 - loadIPPluginJar : add plateformsettings
2026-04-21 18:35:55,813 DEBUG [LineInfo_to_exitCode.log_LineInfo] 2026-04-21 18:35:55,813 [INFO] IPUIPlugin:80 - create IPUIPlugin
2026-04-21 18:35:55,814 DEBUG [LineInfo_to_exitCode.log_LineInfo] 2026-04-21 18:35:55,813 [INFO] PluginManager:220 - loadIPPluginJar : add quadspi
2026-04-21 18:35:55,816 DEBUG [LineInfo_to_exitCode.log_LineInfo] 2026-04-21 18:35:55,816 [INFO] IPUIPlugin:80 - create IPUIPlugin
2026-04-21 18:35:55,816 DEBUG [LineInfo_to_exitCode.log_LineInfo] 2026-04-21 18:35:55,816 [INFO] PluginManager:220 - loadIPPluginJar : add radio
2026-04-21 18:35:55,823 DEBUG [LineInfo_to_exitCode.log_LineInfo] 2026-04-21 18:35:55,822 [INFO] IPUIPlugin:80 - create IPUIPlugin
2026-04-21 18:35:55,823 DEBUG [LineInfo_to_exitCode.log_LineInfo] 2026-04-21 18:35:55,823 [INFO] PluginManager:220 - loadIPPluginJar : add resmgrutility
2026-04-21 18:35:55,828 DEBUG [LineInfo_to_exitCode.log_LineInfo] 2026-04-21 18:35:55,827 [INFO] IPUIPlugin:80 - create IPUIPlugin
2026-04-21 18:35:55,828 DEBUG [LineInfo_to_exitCode.log_LineInfo] 2026-04-21 18:35:55,828 [INFO] PluginManager:220 - loadIPPluginJar : add sai
2026-04-21 18:35:55,833 DEBUG [LineInfo_to_exitCode.log_LineInfo] 2026-04-21 18:35:55,832 [INFO] IPUIPlugin:80 - create IPUIPlugin
2026-04-21 18:35:55,833 DEBUG [LineInfo_to_exitCode.log_LineInfo] 2026-04-21 18:35:55,833 [INFO] PluginManager:220 - loadIPPluginJar : add spi
2026-04-21 18:35:55,841 DEBUG [LineInfo_to_exitCode.log_LineInfo] 2026-04-21 18:35:55,841 [INFO] IPUIPlugin:80 - create IPUIPlugin
2026-04-21 18:35:55,842 DEBUG [LineInfo_to_exitCode.log_LineInfo] 2026-04-21 18:35:55,841 [INFO] PluginManager:220 - loadIPPluginJar : add stm32_wpan
2026-04-21 18:35:55,844 DEBUG [LineInfo_to_exitCode.log_LineInfo] 2026-04-21 18:35:55,843 [INFO] IPUIPlugin:80 - create IPUIPlugin
2026-04-21 18:35:55,844 DEBUG [LineInfo_to_exitCode.log_LineInfo] 2026-04-21 18:35:55,844 [INFO] PluginManager:220 - loadIPPluginJar : add tim
2026-04-21 18:35:55,847 DEBUG [LineInfo_to_exitCode.log_LineInfo] 2026-04-21 18:35:55,847 [INFO] IPUIPlugin:80 - create IPUIPlugin
2026-04-21 18:35:55,848 DEBUG [LineInfo_to_exitCode.log_LineInfo] 2026-04-21 18:35:55,847 [INFO] PluginManager:220 - loadIPPluginJar : add touchsensing
2026-04-21 18:35:55,849 DEBUG [LineInfo_to_exitCode.log_LineInfo] 2026-04-21 18:35:55,849 [INFO] IPUIPlugin:80 - create IPUIPlugin
2026-04-21 18:35:55,852 DEBUG [LineInfo_to_exitCode.log_LineInfo] 2026-04-21 18:35:55,849 [INFO] PluginManager:220 - loadIPPluginJar : add tracer_emb
2026-04-21 18:35:55,854 DEBUG [LineInfo_to_exitCode.log_LineInfo] 2026-04-21 18:35:55,851 [INFO] IPUIPlugin:80 - create IPUIPlugin
2026-04-21 18:35:55,854 DEBUG [LineInfo_to_exitCode.log_LineInfo] 2026-04-21 18:35:55,851 [INFO] PluginManager:220 - loadIPPluginJar : add ts
2026-04-21 18:35:55,857 DEBUG [LineInfo_to_exitCode.log_LineInfo] 2026-04-21 18:35:55,857 [INFO] IPUIPlugin:80 - create IPUIPlugin
2026-04-21 18:35:55,857 DEBUG [LineInfo_to_exitCode.log_LineInfo] 2026-04-21 18:35:55,857 [INFO] PluginManager:220 - loadIPPluginJar : add tsc
2026-04-21 18:35:55,859 DEBUG [LineInfo_to_exitCode.log_LineInfo] 2026-04-21 18:35:55,859 [INFO] IPUIPlugin:80 - create IPUIPlugin
2026-04-21 18:35:55,860 DEBUG [LineInfo_to_exitCode.log_LineInfo] 2026-04-21 18:35:55,859 [INFO] PluginManager:220 - loadIPPluginJar : add ucpd
2026-04-21 18:35:55,862 DEBUG [LineInfo_to_exitCode.log_LineInfo] 2026-04-21 18:35:55,861 [INFO] IPUIPlugin:80 - create IPUIPlugin
2026-04-21 18:35:55,862 DEBUG [LineInfo_to_exitCode.log_LineInfo] 2026-04-21 18:35:55,861 [INFO] PluginManager:220 - loadIPPluginJar : add usart
2026-04-21 18:35:55,864 DEBUG [LineInfo_to_exitCode.log_LineInfo] 2026-04-21 18:35:55,864 [INFO] IPUIPlugin:80 - create IPUIPlugin
2026-04-21 18:35:55,864 DEBUG [LineInfo_to_exitCode.log_LineInfo] 2026-04-21 18:35:55,864 [INFO] PluginManager:220 - loadIPPluginJar : add usbx
2026-04-21 18:35:55,915 DEBUG [LineInfo_to_exitCode.log_LineInfo] 2026-04-21 18:35:55,915 [INFO] Updater:1134 - Updater Version found : 6.16.1
2026-04-21 18:35:55,936 DEBUG [LineInfo_to_exitCode.log_LineInfo] 2026-04-21 18:35:55,936 [INFO] ApplicationProperties:184 - Using Application install path: C:\Users\vexas\AppData\Local\Programs\STM32CubeMX
2026-04-21 18:35:57,478 DEBUG [LineInfo_to_exitCode.log_LineInfo] 2026-04-21 18:35:57,475 [INFO] ThirdPartyUpdaterWithRetryManager:70 - Updater plugin not ready yet. [2/15]
2026-04-21 18:35:57,596 DEBUG [LineInfo_to_exitCode.log_LineInfo] mx [ERROR] stderr - Apr 21, 2026 6:35:57 PM java.util.prefs.WindowsPreferences <init>
2026-04-21 18:35:57,597 DEBUG [LineInfo_to_exitCode.log_LineInfo] mx [ERROR] stderr - WARNING: Could not open/create prefs root node Software\JavaSoft\Prefs at root 0xffffffff80000002. Windows RegCreateKeyEx(...) returned error code 5.
2026-04-21 18:35:57,992 DEBUG [LineInfo_to_exitCode.log_LineInfo] 2026-04-21 18:35:57,991 [INFO] MainUpdater:2872 - connection check result : 10
2026-04-21 18:35:57,993 DEBUG [LineInfo_to_exitCode.log_LineInfo] 2026-04-21 18:35:57,993 [INFO] MainUpdater:289 - Updater Check For Update Now.
2026-04-21 18:35:57,994 DEBUG [LineInfo_to_exitCode.log_LineInfo] 2026-04-21 18:35:57,994 [INFO] MicroXplorer:498 - Change Database Version : DB.6.0.161
2026-04-21 18:35:58,517 DEBUG [LineInfo_to_exitCode.log_LineInfo] 2026-04-21 18:35:58,514 [INFO] RulesReader:64 - Compatibility file has been processed (318 Rules)
2026-04-21 18:35:58,611 DEBUG [LineInfo_to_exitCode.log_LineInfo] 2026-04-21 18:35:58,610 [INFO] RulesReader:64 - Compatibility file has been processed (318 Rules)
2026-04-21 18:35:58,643 DEBUG [LineInfo_to_exitCode.log_LineInfo] 2026-04-21 18:35:58,643 [INFO] CADModel:165 - CPN selected for project level
2026-04-21 18:35:58,644 DEBUG [LineInfo_to_exitCode.log_LineInfo] 2026-04-21 18:35:58,643 [INFO] CADModel:114 - Register for checkConnection events
2026-04-21 18:35:58,990 DEBUG [LineInfo_to_exitCode.log_LineInfo] 2026-04-21 18:35:58,975 [INFO] CheckServerUpdateThread:120 - End of CheckServer Thread
2026-04-21 18:35:59,813 DEBUG [LineInfo_to_exitCode.log_LineInfo] 2026-04-21 18:35:59,809 [INFO] CADModel:165 - CPN selected for project level
2026-04-21 18:35:59,815 DEBUG [LineInfo_to_exitCode.log_LineInfo] 2026-04-21 18:35:59,814 [INFO] CADModel:114 - Register for checkConnection events
2026-04-21 18:36:00,275 DEBUG [LineInfo_to_exitCode.log_LineInfo] 2026-04-21 18:36:00,274 [INFO] HomeAdPanel:117 - Auto-refresh data requested => check proxy status ongoing
2026-04-21 18:36:00,493 DEBUG [LineInfo_to_exitCode.log_LineInfo] 2026-04-21 18:36:00,492 [INFO] ThirdPartyUpdaterWithRetryManager:96 - Updater plugin is busy. [1/15]
2026-04-21 18:36:01,064 DEBUG [LineInfo_to_exitCode.log_LineInfo] 2026-04-21 18:36:01,064 [INFO] ServerAccessManage:452 - Complete download http(s) 200
2026-04-21 18:36:01,067 DEBUG [LineInfo_to_exitCode.log_LineInfo] 2026-04-21 18:36:01,066 [INFO] ServerAccessManage:509 - Download File 
2026-04-21 18:36:01,080 DEBUG [LineInfo_to_exitCode.log_LineInfo] 2026-04-21 18:36:01,078 [INFO] LoadUrlFilesThread:185 - End of LoadServerUrlFiles without Thread
2026-04-21 18:36:01,115 DEBUG [LineInfo_to_exitCode.log_LineInfo] 2026-04-21 18:36:01,115 [INFO] DbMcusAds:53 - JSON generation date=Fri Apr 10 04:19:02 COT 2026 (1775812742310)
2026-04-21 18:36:01,173 DEBUG [LineInfo_to_exitCode.log_LineInfo] 2026-04-21 18:36:01,172 [INFO] ServerAccessManage:452 - Complete download http(s) 200
2026-04-21 18:36:01,173 DEBUG [LineInfo_to_exitCode.log_LineInfo] 2026-04-21 18:36:01,172 [INFO] ServerAccessManage:509 - Download File 
2026-04-21 18:36:01,223 DEBUG [LineInfo_to_exitCode.log_LineInfo] 2026-04-21 18:36:01,222 [INFO] LoadUrlFilesThread:185 - End of LoadServerUrlFiles without Thread
2026-04-21 18:36:01,224 DEBUG [LineInfo_to_exitCode.log_LineInfo] 2026-04-21 18:36:01,224 [INFO] HomeAdPanel:128 - Refresh advertisement image is successful
2026-04-21 18:36:01,345 DEBUG [LineInfo_to_exitCode.log_LineInfo] 2026-04-21 18:36:01,342 [INFO] LoadUrlFilesThread:185 - End of LoadServerUrlFiles without Thread
2026-04-21 18:36:01,393 DEBUG [LineInfo_to_exitCode.log_LineInfo] 2026-04-21 18:36:01,391 [INFO] DetailPanel:341 - Set advertising image to C:/Users/vexas/STM32Cube/Repository/\en.prom-stm32u3b5-u3c5-0426.jpg
2026-04-21 18:36:02,036 DEBUG [LineInfo_to_exitCode.log_LineInfo] 2026-04-21 18:36:02,031 [INFO] ServerAccessManage:452 - Complete download http(s) 200
2026-04-21 18:36:02,040 DEBUG [LineInfo_to_exitCode.log_LineInfo] 2026-04-21 18:36:02,039 [INFO] ServerAccessManage:509 - Download File 
2026-04-21 18:36:02,132 DEBUG [LineInfo_to_exitCode.log_LineInfo] 2026-04-21 18:36:02,131 [INFO] FileExtend:248 - Unzip File : ad.zip
2026-04-21 18:36:02,132 DEBUG [LineInfo_to_exitCode.log_LineInfo] 2026-04-21 18:36:02,132 [INFO] FileExtend:263 - Standard Zip Deflate
2026-04-21 18:36:02,173 DEBUG [LineInfo_to_exitCode.log_LineInfo] 2026-04-21 18:36:02,172 [INFO] LoadUrlFilesThread:185 - End of LoadServerUrlFiles without Thread
2026-04-21 18:36:02,410 DEBUG [LineInfo_to_exitCode.log_LineInfo] 2026-04-21 18:36:02,409 [INFO] LoadUrlFilesThread:185 - End of LoadServerUrlFiles without Thread
2026-04-21 18:36:02,411 DEBUG [LineInfo_to_exitCode.log_LineInfo] 2026-04-21 18:36:02,410 [INFO] DetailPanel:341 - Set advertising image to C:/Users/vexas/STM32Cube/Repository/\en.prom-stm32u3b5-u3c5-0426.jpg
2026-04-21 18:36:02,591 DEBUG [LineInfo_to_exitCode.log_LineInfo] 2026-04-21 18:36:02,590 [INFO] ServerAccessManage:452 - Complete download http(s) 200
2026-04-21 18:36:02,592 DEBUG [LineInfo_to_exitCode.log_LineInfo] 2026-04-21 18:36:02,592 [INFO] ServerAccessManage:509 - Download File 
2026-04-21 18:36:02,594 DEBUG [LineInfo_to_exitCode.log_LineInfo] 2026-04-21 18:36:02,594 [INFO] LoadUrlFilesThread:185 - End of LoadServerUrlFiles without Thread
2026-04-21 18:36:02,594 DEBUG [LineInfo_to_exitCode.log_LineInfo] 2026-04-21 18:36:02,594 [INFO] ComparatorMD5DB:85 - Refresh file md5.xml
2026-04-21 18:36:03,169 DEBUG [LineInfo_to_exitCode.log_LineInfo] 2026-04-21 18:36:03,168 [INFO] ComparatorMD5DB:195 - calculate Md5 of cube-finder-db is: 6add0033de282bb4812e46a87cc286de
2026-04-21 18:36:03,172 DEBUG [LineInfo_to_exitCode.log_LineInfo] 2026-04-21 18:36:03,171 [INFO] MenuBar:672 - event EventGuiNewCubeFinderDb, new= SHOW
2026-04-21 18:36:03,730 DEBUG [LineInfo_to_exitCode.log_LineInfo] 2026-04-21 18:36:03,727 [INFO] MainFrame:213 - [MX] HOME_PANEL == 3248703637208
2026-04-21 18:36:03,764 DEBUG [LineInfo_to_exitCode.log_LineInfo] 2026-04-21 18:36:03,762 [INFO] MainFrame:564 - Register for checkConnection events
2026-04-21 18:36:03,885 DEBUG [LineInfo_to_exitCode.log_LineInfo] 2026-04-21 18:36:03,873 [INFO] JxBrowserEngine:152 - Initiate JxBrowser Engine with user profile folder
2026-04-21 18:36:04,522 DEBUG [LineInfo_to_exitCode.log_LineInfo] 2026-04-21 18:36:04,496 [INFO] MicroXplorer:468 - Change Database Path : 
2026-04-21 18:36:04,534 DEBUG [LineInfo_to_exitCode.log_LineInfo] 2026-04-21 18:36:04,532 [INFO] MicroXplorer:498 - Change Database Version : DB.6.0.161
2026-04-21 18:36:08,200 DEBUG [LineInfo_to_exitCode.log_LineInfo] 2026-04-21 18:36:08,199 [INFO] WebApp:108 - Instantiating new browser for Auth
2026-04-21 18:36:10,409 ERROR [LineInfo_to_exitCode.log_LineInfo] C:\Users\vexas\.stm32cubemx\thirdparties\pdsc\STMicroelectronics.X-CUBE-ST67W61.1.3.0.pdsc: PDSC version is not supported
2026-04-21 18:36:11,768 DEBUG [LineInfo_to_exitCode.log_LineInfo] 2026-04-21 18:36:11,768 [INFO] ThirdParty:978 - Integrity check success = true
2026-04-21 18:36:11,769 DEBUG [LineInfo_to_exitCode.log_LineInfo] 2026-04-21 18:36:11,768 [INFO] IntegrityCheckThread:100 - exiting critical section [integrity check]
2026-04-21 18:36:11,769 DEBUG [LineInfo_to_exitCode.log_LineInfo] 2026-04-21 18:36:11,769 [INFO] IntegrityCheckThread:103 - End integrity checks thread
2026-04-21 18:36:11,778 DEBUG [LineInfo_to_exitCode.log_LineInfo] 2026-04-21 18:36:11,777 [INFO] ThirdParty:873 - entering critical section [close project]
2026-04-21 18:36:11,782 DEBUG [LineInfo_to_exitCode.log_LineInfo] 2026-04-21 18:36:11,782 [INFO] ThirdParty:883 - exiting critical section [close project]
2026-04-21 18:36:11,858 DEBUG [LineInfo_to_exitCode.log_LineInfo] 2026-04-21 18:36:11,857 [INFO] PinOutPanel:1590 - setPackage(No Configuration,No Configuration)
2026-04-21 18:36:11,862 DEBUG [LineInfo_to_exitCode.log_LineInfo] 2026-04-21 18:36:11,862 [INFO] WebApp:239 - Apply proxy settings
2026-04-21 18:36:11,868 DEBUG [LineInfo_to_exitCode.log_LineInfo] 2026-04-21 18:36:11,868 [INFO] WebApp:311 - Chromium requires no authentication
2026-04-21 18:36:11,948 DEBUG [LineInfo_to_exitCode.log_LineInfo] 2026-04-21 18:36:11,947 [INFO] WebApp:267 - Direct internet connection detected
2026-04-21 18:36:11,981 DEBUG [LineInfo_to_exitCode.log_LineInfo] 2026-04-21 18:36:11,981 [INFO] WebApp:370 - Register for checkConnection events
2026-04-21 18:36:12,341 DEBUG [LineInfo_to_exitCode.log_LineInfo] 2026-04-21 18:36:12,327 [INFO] WebApp:128 - Connection restablished
2026-04-21 18:36:12,583 DEBUG [LineInfo_to_exitCode.log_LineInfo] 2026-04-21 18:36:12,582 [INFO] UtilMem:75 - Begin LoadConfig() Used Memory: 112131000 Bytes (159383552)
2026-04-21 18:36:12,713 DEBUG [LineInfo_to_exitCode.log_LineInfo] 2026-04-21 18:36:12,712 [INFO] OpenFileManager:355 - Change cursor
2026-04-21 18:36:13,315 DEBUG [LineInfo_to_exitCode.log_LineInfo] 2026-04-21 18:36:13,312 [INFO] Mcu:2029 - Initializing MCU STM32G431V(6-8-B)Tx STM32G431VBTx 
2026-04-21 18:36:13,944 DEBUG [LineInfo_to_exitCode.log_LineInfo] 2026-04-21 18:36:13,943 [INFO] ApiDb:581 - Connected to CubeFinder SQLite database (C:\Users\vexas\.stmcufinder\plugins\mcufinder\mcu\cube-finder-db.db)
2026-04-21 18:36:14,241 DEBUG [LineInfo_to_exitCode.log_LineInfo] 2026-04-21 18:36:14,240 [INFO] ApiDb:668 - CubeFinder database Data Model version=2.1
2026-04-21 18:36:14,241 DEBUG [LineInfo_to_exitCode.log_LineInfo] 2026-04-21 18:36:14,241 [INFO] ApiDb:669 - CubeFinder database Configuration version=3.0.39
2026-04-21 18:36:14,243 DEBUG [LineInfo_to_exitCode.log_LineInfo] 2026-04-21 18:36:14,243 [INFO] ApiDb:670 - CubeFinder database generation date=2025-11-05 (1762334721)
2026-04-21 18:36:14,244 DEBUG [LineInfo_to_exitCode.log_LineInfo] 2026-04-21 18:36:14,243 [INFO] ApiDb:671 - CubeFinder database FW Pack versions=[FP-ATR-ASTRA1_V2.0.0, FP-SNS-FLIGHT1_V5.1.0, FP-SNS-MOTENV1_V5.1.0, FP-SNS-MOTENVWB1_V1.4.0, FP-SNS-SMARTAG2_V1.2.0, FP-SNS-STBOX1_V2.1.0, STM32Cube_FW_C0_V1.4.0, STM32Cube_FW_F4_V1.28.3, STM32Cube_FW_F7_V1.17.4, STM32Cube_FW_G0_V1.6.2, STM32Cube_FW_G4_V1.6.1, STM32Cube_FW_H5_V1.5.1, STM32Cube_FW_H7RS_V1.3.0, STM32Cube_FW_H7_V1.12.1, STM32Cube_FW_L0_V1.12.2, STM32Cube_FW_L4_V1.18.1, STM32Cube_FW_L5_V1.6.0, STM32Cube_FW_N6_V1.3.0, STM32Cube_FW_U0_V1.3.0, STM32Cube_FW_U3_V1.2.1, STM32Cube_FW_U5_V1.8.0, STM32Cube_FW_WB0_V1.4.0, STM32Cube_FW_WBA_V1.8.0, STM32Cube_FW_WB_V1.24.0, STM32Cube_FW_WL3_V1.3.0, STM32Cube_FW_WL_V1.4.0, X-CUBE-ALGOBUILD_V1.4.0, X-CUBE-ALS_V1.0.2, X-CUBE-AZRTOS-F4_V1.1.0, X-CUBE-AZRTOS-F7_V1.1.0, X-CUBE-AZRTOS-G0_V1.1.0, X-CUBE-AZRTOS-G4_V2.0.0, X-CUBE-AZRTOS-H7RS_V1.1.0, X-CUBE-AZRTOS-H7_V3.4.0, X-CUBE-AZRTOS-L4_V2.0.0, X-CUBE-AZRTOS-L5_V2.0.0, X-CUBE-AZRTOS-WB_V2.0.0, X-CUBE-AZRTOS-WL_V2.0.0, X-CUBE-BLE1_V7.1.0, X-CUBE-BLE2_V3.3.0, X-CUBE-BLEMGR_V4.1.0, X-CUBE-EEPRMA1_V5.2.0, X-CUBE-FREERTOS_V1.3.1, X-CUBE-GNSS1_V6.0.0, X-CUBE-MEMS1_V11.3.0, X-CUBE-NFC4_V3.0.0, X-CUBE-NFC7_V2.0.0, X-CUBE-SFXS2LP1_V4.0.0, X-CUBE-ST67W61_V1.1.0, X-CUBE-SUBG2_V5.0.0, X-CUBE-TOF1_V3.4.3]
2026-04-21 18:36:16,401 DEBUG [LineInfo_to_exitCode.log_LineInfo] 2026-04-21 18:36:16,398 [INFO] ApiDb:240 - Found 894 in-development CPN: [B-G473E-ZEST1S, B-WB1M-WPAN1, B-WBA5M-WPAN, B-WBA6M-WPAN, B-WL5M-SUBG1, NUCLEO-C031C6, NUCLEO-C051C8, NUCLEO-C071RB, NUCLEO-C092RC, NUCLEO-H503RB, NUCLEO-H533RE, NUCLEO-H563ZI, NUCLEO-H7S3L8, NUCLEO-N657X0-Q, NUCLEO-U031R8, NUCLEO-U083RC, NUCLEO-U385RG-Q, NUCLEO-U545RE-Q, NUCLEO-U5A5ZJ-Q, NUCLEO-WB05KZ, NUCLEO-WB07CC, NUCLEO-WB09KE, NUCLEO-WBA52CG, NUCLEO-WBA55CG, NUCLEO-WL33CC1, NUCLEO-WL33CC2, NUCLEO-WL3RKB1, NUCLEO-WL3RKB2, STEVAL-PROTEUS1, STEVAL-SMARTAG2, STEVAL-STWINBX1, STM320518-EVAL, STM32C0116-DK, STM32C011D6Y3TR, STM32C011D6Y6TR, STM32C011F4P3, STM32C011F4P6, STM32C011F4U3, STM32C011F4U6TR, STM32C011F6P3, STM32C011F6P6, STM32C011F6U3, STM32C011F6U6TR, STM32C011J4M3, STM32C011J4M6, STM32C011J6M3, STM32C011J6M6, STM32C0316-DK, STM32C031C4T3, STM32C031C4T6, STM32C031C4U3, STM32C031C4U6, STM32C031C6T3, STM32C031C6T6, STM32C031C6U3, STM32C031C6U6, STM32C031F4P3, STM32C031F4P6, STM32C031F6P3, STM32C031F6P6, STM32C031G4U3, STM32C031G4U6, STM32C031G6U3, STM32C031G6U6, STM32C031K4T3, STM32C031K4T6, STM32C031K4U3, STM32C031K4U6, STM32C031K6T3, STM32C031K6T6, STM32C031K6U3, STM32C031K6U6, STM32C051C6T6, STM32C051C6U6, STM32C051C8T6, STM32C051C8U6, STM32C051D8Y6TR, STM32C051F6P6, STM32C051F8P6, STM32C051G6U6, STM32C051G8U6, STM32C051K6T6, STM32C051K6U6, STM32C051K8T6, STM32C071C8T6, STM32C071C8T6N, STM32C071C8U6, STM32C071C8U6N, STM32C071CBT6, STM32C071CBT6N, STM32C071CBU6, STM32C071CBU6N, STM32C071F8P6, STM32C071F8P6N, STM32C071FBP6, STM32C071FBP6N, STM32C071FBY6TR, STM32C071G8U6, STM32C071G8U6N, STM32C071GBU6, STM32C071GBU6N, STM32C071K8T6, STM32C071K8T6N, STM32C071K8U6, STM32C071K8U6N, STM32C071KBT6, STM32C071KBT6N, STM32C071KBU6, STM32C071KBU6N, STM32C071R8T6, STM32C071R8T6N, STM32C071RBI6N, STM32C071RBT6, STM32C071RBT6N, STM32C091CBT6, STM32C091CBU6, STM32C091CCT6, STM32C091CCU6, STM32C091ECY6TR, STM32C091FBP6, STM32C091FCP6, STM32C091GBU6, STM32C091GCU6, STM32C091KBT6, STM32C091KBU6, STM32C091KCT6, STM32C091KCU6, STM32C091RBT6, STM32C091RCI6, STM32C091RCT6, STM32C092CBT6, STM32C092CBU6, STM32C092CCT6, STM32C092CCU6, STM32C092ECY6TR, STM32C092FBP6, STM32C092FCP6, STM32C092GBU6, STM32C092GCU6, STM32C092KBT6, STM32C092KBU6, STM32C092KCT6, STM32C092KCU6, STM32C092RBT6, STM32C092RCI6, STM32C092RCT6, STM32G071K8TXN, STM32G071K8UXN, STM32G081GBU6N, STM32G081KBT6N, STM32G081KBUXN, STM32G0B1CCT6N, STM32G0B1KCT6, STM32G0B1NEY6TR, STM32G0B1RCT6N, STM32G0C1CCT6, STM32G0C1CCT6N, STM32G0C1CCU6N, STM32G0C1CET6N, STM32G0C1CEU6N, STM32G0C1KCT6, STM32G0C1NEY6TR, STM32G0C1RCI6N, STM32G0C1RCT6N, STM32G0C1REI6N, STM32G0C1RET6N, STM32G0C1VCI6, STM32G0C1VEI6, STM32G411C6T3, STM32G411C6T6, STM32G411C6U3, STM32G411C6U6, STM32G411C8T3, STM32G411C8T6, STM32G411C8U3, STM32G411C8U6, STM32G411CBT3, STM32G411CBT6, STM32G411CBU3, STM32G411CBU6, STM32G411K6T3, STM32G411K6T6, STM32G411K6U3, STM32G411K6U6, STM32G411K8T3, STM32G411K8T6, STM32G411K8U3, STM32G411K8U6, STM32G411KBT3, STM32G411KBT6, STM32G411KBU3, STM32G411KBU6, STM32G411M6T3, STM32G411M6T6, STM32G411M8T3, STM32G411M8T6, STM32G411MBT3, STM32G411MBT6, STM32G411R6T3, STM32G411R6T6, STM32G411R8T3, STM32G411R8T6, STM32G411RBT3, STM32G411RBT6, STM32G414CBT3, STM32G414CBT6, STM32G414CBU3, STM32G414CBU6, STM32G414CCT3, STM32G414CCT6, STM32G414CCU3, STM32G414CCU6, STM32G414MBT3, STM32G414MBT6, STM32G414MCT3, STM32G414MCT6, STM32G414RBT3, STM32G414RBT6, STM32G414RCT3, STM32G414RCT6, STM32G414VBT3, STM32G414VBT6, STM32G414VCT3, STM32G414VCT6, STM32G431CBT3Z, STM32G431RBT3Z, STM32G471CCT6, STM32G471CCU6, STM32G471CET3, STM32G471CET6, STM32G471CEU3, STM32G471CEU6, STM32G471MCT6, STM32G471MET3, STM32G471MET6, STM32G471MEY6TR, STM32G471QCT6, STM32G471QET3, STM32G471RCT6, STM32G471RET3, STM32G471RET6, STM32G471VCH6, STM32G471VCI6, STM32G471VCT6, STM32G471VEH3, STM32G471VEH6, STM32G471VEI3, STM32G471VEI6, STM32G471VET3, STM32G471VET6, STM32G473QET3Z, STM32G473RET3Z, STM32G474CCT6, STM32G491RET3Z, STM32H503CBT6, STM32H503CBU6, STM32H503EBY6TR, STM32H503KBU6, STM32H503RBT6, STM32H523CCT6, STM32H523CCU6, STM32H523CET6, STM32H523CEU6, STM32H523HEY6TR, STM32H523RCT6, STM32H523RET6, STM32H523VCI6, STM32H523VCT6, STM32H523VEI6, STM32H523VET6, STM32H523ZCJ6, STM32H523ZCT6, STM32H523ZEJ6, STM32H523ZET6, STM32H533CET6, STM32H533CEU6, STM32H533HEY6TR, STM32H533RET6, STM32H533VEI6, STM32H533VET6, STM32H533ZEJ6, STM32H533ZET6, STM32H562AGI6, STM32H562AII6, STM32H562IGK6, STM32H562IGT6, STM32H562IIK6, STM32H562IIT6, STM32H562RGT6, STM32H562RGV6, STM32H562RIT6, STM32H562RIV6, STM32H562VGT6, STM32H562VIT6, STM32H562ZGT6, STM32H562ZIT6, STM32H563AGI6, STM32H563AII3Q, STM32H563AII6, STM32H563IGK6, STM32H563IGT6, STM32H563IIK3Q, STM32H563IIK6, STM32H563IIT3Q, STM32H563IIT6, STM32H563LIH3Q, STM32H563MIY3QTR, STM32H563RGT6, STM32H563RGV6, STM32H563RIT6, STM32H563RIV6, STM32H563VGT6, STM32H563VIT3Q, STM32H563VIT6, STM32H563ZGT6, STM32H563ZIT3Q, STM32H563ZIT6, STM32H573AII3Q, STM32H573AII6, STM32H573I-DK, STM32H573IIK3Q, STM32H573IIK6, STM32H573IIT3Q, STM32H573IIT6, STM32H573LIH3Q, STM32H573MIY3QTR, STM32H573RIT6, STM32H573RIV6, STM32H573VIT3Q, STM32H573VIT6, STM32H573ZIT3Q, STM32H573ZIT6, STM32H7R3A8I6, STM32H7R3I8K6, STM32H7R3I8T6, STM32H7R3L8H6, STM32H7R3L8H6H, STM32H7R3R8V6, STM32H7R3V8H6, STM32H7R3V8T6, STM32H7R3V8Y6TR, STM32H7R3Z8J6, STM32H7R3Z8T6, STM32H7R7A8I6, STM32H7R7I8K6, STM32H7R7I8T6, STM32H7R7L8H6, STM32H7R7L8H6H, STM32H7R7Z8J6, STM32H7S3A8I6, STM32H7S3I8K6, STM32H7S3I8T6, STM32H7S3L8H6, STM32H7S3L8H6H, STM32H7S3R8V6, STM32H7S3V8H6, STM32H7S3V8T6, STM32H7S3V8Y6TR, STM32H7S3Z8J6, STM32H7S3Z8T6, STM32H7S78-DK, STM32H7S7A8I6, STM32H7S7I8K6, STM32H7S7I8T6, STM32H7S7L8H6, STM32H7S7L8H6H, STM32H7S7Z8J6, STM32L4R5QGI6STR, STM32MP131AAE3, STM32MP131AAF3, STM32MP131AAG3, STM32MP131CAE3, STM32MP131CAF3, STM32MP131CAG3, STM32MP131DAE7, STM32MP131DAF7, STM32MP131DAG7, STM32MP131FAE7, STM32MP131FAF7, STM32MP131FAG7, STM32MP133AAE3, STM32MP133AAF3, STM32MP133AAG3, STM32MP133CAE3, STM32MP133CAF3, STM32MP133CAG3, STM32MP133DAE7, STM32MP133DAF7, STM32MP133DAG7, STM32MP133FAE7, STM32MP133FAF7, STM32MP133FAG7, STM32MP135AAE3, STM32MP135AAF3, STM32MP135AAG3, STM32MP135CAE3, STM32MP135CAF3, STM32MP135CAG3, STM32MP135DAE7, STM32MP135DAF7, STM32MP135DAG7, STM32MP135F-DK, STM32MP135FAE7, STM32MP135FAF7, STM32MP135FAF7T, STM32MP135FAF7U, STM32MP135FAG7, STM32MP211AAL3, STM32MP211AAM3, STM32MP211AAN3, STM32MP211AAO3, STM32MP211CAL3, STM32MP211CAM3, STM32MP211CAN3, STM32MP211CAO3, STM32MP211DAL3, STM32MP211DAM3, STM32MP211DAN3, STM32MP211DAO3, STM32MP211FAL3, STM32MP211FAM3, STM32MP211FAN3, STM32MP211FAO3, STM32MP213AAL3, STM32MP213AAM3, STM32MP213AAN3, STM32MP213AAO3, STM32MP213CAL3, STM32MP213CAM3, STM32MP213CAN3, STM32MP213CAO3, STM32MP213DAL3, STM32MP213DAM3, STM32MP213DAN3, STM32MP213DAO3, STM32MP213FAL3, STM32MP213FAM3, STM32MP213FAN3, STM32MP213FAO3, STM32MP215AAL3, STM32MP215AAM3, STM32MP215AAN3, STM32MP215AAO3, STM32MP215CAL3, STM32MP215CAM3, STM32MP215CAN3, STM32MP215CAO3, STM32MP215DAL3, STM32MP215DAM3, STM32MP215DAN3, STM32MP215DAO3, STM32MP215F-DK, STM32MP215FAL3, STM32MP215FAM3, STM32MP215FAN3, STM32MP215FAO3, STM32MP231AAJ3, STM32MP231AAK3, STM32MP231AAL3, STM32MP231CAJ3, STM32MP231CAK3, STM32MP231CAL3, STM32MP231DAJ3, STM32MP231DAK3, STM32MP231DAL3, STM32MP231FAJ3, STM32MP231FAK3, STM32MP231FAL3, STM32MP233AAJ3, STM32MP233AAK3, STM32MP233AAL3, STM32MP233CAJ3, STM32MP233CAK3, STM32MP233CAL3, STM32MP233DAJ3, STM32MP233DAK3, STM32MP233DAL3, STM32MP233FAJ3, STM32MP233FAK3, STM32MP233FAL3, STM32MP235AAJ3, STM32MP235AAK3, STM32MP235AAL3, STM32MP235CAJ3, STM32MP235CAK3, STM32MP235CAL3, STM32MP235DAJ3, STM32MP235DAK3, STM32MP235DAL3, STM32MP235FAJ3, STM32MP235FAK3, STM32MP235FAL3, STM32MP251AAI3, STM32MP251AAK3, STM32MP251AAL3, STM32MP251CAI3, STM32MP251CAK3, STM32MP251CAL3, STM32MP251DAI3, STM32MP251DAK3, STM32MP251DAL3, STM32MP251FAI3, STM32MP251FAK3, STM32MP251FAL3, STM32MP253AAI3, STM32MP253AAK3, STM32MP253AAL3, STM32MP253CAI3, STM32MP253CAK3, STM32MP253CAL3, STM32MP253DAI3, STM32MP253DAK3, STM32MP253DAL3, STM32MP253FAI3, STM32MP253FAK3, STM32MP253FAL3, STM32MP255AAI3, STM32MP255AAK3, STM32MP255AAL3, STM32MP255CAI3, STM32MP255CAK3, STM32MP255CAL3, STM32MP255DAI3, STM32MP255DAK3, STM32MP255DAL3, STM32MP255FAI3, STM32MP255FAK3, STM32MP255FAL3, STM32MP257AAI3, STM32MP257AAK3, STM32MP257AAL3, STM32MP257CAI3, STM32MP257CAK3, STM32MP257CAL3, STM32MP257DAI3, STM32MP257DAK3, STM32MP257DAL3, STM32MP257F-DK, STM32MP257F-EV1, STM32MP257FAI3, STM32MP257FAK3, STM32MP257FAL3, STM32N645A0H3Q, STM32N645A0H3QG, STM32N645B0H3Q, STM32N645I0H3Q, STM32N645L0H3Q, STM32N645X0H3Q, STM32N645Z0H3Q, STM32N647A0H3Q, STM32N647A0H3QG, STM32N647B0H3Q, STM32N647I0H3Q, STM32N647L0H3Q, STM32N647X0H3Q, STM32N647Z0H3Q, STM32N655A0H3Q, STM32N655A0H3QG, STM32N655B0H3Q, STM32N655I0H3Q, STM32N655L0H3Q, STM32N655X0H3Q, STM32N655Z0H3Q, STM32N6570-DK, STM32N657A0H3Q, STM32N657A0H3QG, STM32N657B0H3Q, STM32N657I0H3Q, STM32N657L0H3Q, STM32N657X0H3Q, STM32N657Z0H3Q, STM32U031C6T6, STM32U031C6U6, STM32U031C8T6, STM32U031C8U6, STM32U031F4P6, STM32U031F6P6, STM32U031F8P6, STM32U031G6Y6TR, STM32U031G8Y6TR, STM32U031K4U6, STM32U031K6U6, STM32U031K8U6, STM32U031R6I6, STM32U031R6T6, STM32U031R8I6, STM32U031R8T6, STM32U073C8T6, STM32U073C8U6, STM32U073CBT6, STM32U073CBU6, STM32U073CCT6, STM32U073CCU6, STM32U073H8Y6TR, STM32U073HBY6TR, STM32U073HCY6TR, STM32U073K8U6, STM32U073KBU6, STM32U073KCU6, STM32U073M8I6, STM32U073M8T6, STM32U073MBI6, STM32U073MBT6, STM32U073MCI6, STM32U073MCT6, STM32U073R8I6, STM32U073R8T6, STM32U073RBI6, STM32U073RBT6, STM32U073RCI6, STM32U073RCT6, STM32U083C-DK, STM32U083CCT6, STM32U083CCU6, STM32U083HCY6TR, STM32U083KCU6, STM32U083MCI6, STM32U083MCT6, STM32U083RCI6, STM32U083RCT6, STM32U375CET6, STM32U375CET6Q, STM32U375CEU6, STM32U375CEU6Q, STM32U375CEY6QTR, STM32U375CGT6, STM32U375CGT6Q, STM32U375CGU6, STM32U375CGU6Q, STM32U375CGY6QTR, STM32U375KEU6, STM32U375KGU6, STM32U375REI6, STM32U375REI6Q, STM32U375RET6, STM32U375RET6Q, STM32U375REY6GTR, STM32U375REY6QTR, STM32U375RGI6, STM32U375RGI6Q, STM32U375RGT6, STM32U375RGT6Q, STM32U375RGY6GTR, STM32U375RGY6QTR, STM32U375VEI6, STM32U375VEI6Q, STM32U375VET6, STM32U375VET6Q, STM32U375VGI6, STM32U375VGI6Q, STM32U375VGT6, STM32U375VGT6Q, STM32U385CGT6, STM32U385CGT6Q, STM32U385CGU6, STM32U385CGU6Q, STM32U385CGY6QTR, STM32U385KGU6, STM32U385RGI6, STM32U385RGI6Q, STM32U385RGT6, STM32U385RGT6Q, STM32U385RGY6GTR, STM32U385RGY6QTR, STM32U385VGI6, STM32U385VGI6Q, STM32U385VGT6, STM32U385VGT6Q, STM32U535CBT6, STM32U535CBT6Q, STM32U535CBU6, STM32U535CBU6Q, STM32U535CCT6, STM32U535CCT6Q, STM32U535CCU6, STM32U535CCU6Q, STM32U535CET6, STM32U535CET6Q, STM32U535CEU6, STM32U535CEU6Q, STM32U535JEY6QTR, STM32U535NCY6QTR, STM32U535NEY6QTR, STM32U535RBI6, STM32U535RBI6Q, STM32U535RBT6, STM32U535RBT6Q, STM32U535RCI6, STM32U535RCI6Q, STM32U535RCT6, STM32U535RCT6Q, STM32U535REI6, STM32U535REI6Q, STM32U535RET6, STM32U535RET6Q, STM32U535VCI6, STM32U535VCI6Q, STM32U535VCT6, STM32U535VCT6Q, STM32U535VEI6, STM32U535VEI6Q, STM32U535VET6, STM32U535VET6Q, STM32U545CET6, STM32U545CET6Q, STM32U545CEU6, STM32U545CEU6Q, STM32U545JEY6QTR, STM32U545NEY6QTR, STM32U545REI6, STM32U545REI6Q, STM32U545RET6, STM32U545RET6Q, STM32U545VEI6, STM32U545VEI6Q, STM32U545VET6, STM32U545VET6Q, STM32U595AIH6, STM32U595AIH6Q, STM32U595AJH6, STM32U595AJH6Q, STM32U595QII6, STM32U595QII6Q, STM32U595QJI6, STM32U595QJI6Q, STM32U595RIT6, STM32U595RIT6Q, STM32U595RJT6, STM32U595RJT6Q, STM32U595VIT6, STM32U595VIT6Q, STM32U595VJT6, STM32U595VJT6Q, STM32U595ZIT6, STM32U595ZIT6Q, STM32U595ZIY6QTR, STM32U595ZJT6, STM32U595ZJT6Q, STM32U595ZJY6QTR, STM32U599BJY6QTR, STM32U599NIH6Q, STM32U599NJH6Q, STM32U599VIT6Q, STM32U599VJT6, STM32U599VJT6Q, STM32U599ZIT6Q, STM32U599ZIY6QTR, STM32U599ZJT6Q, STM32U599ZJY6QTR, STM32U5A5AJH6, STM32U5A5AJH6Q, STM32U5A5QII3Q , STM32U5A5QJI6, STM32U5A5QJI6Q, STM32U5A5RJT6, STM32U5A5RJT6Q, STM32U5A5VJT6, STM32U5A5VJT6Q, STM32U5A5ZJT6, STM32U5A5ZJT6Q, STM32U5A5ZJY6QTR, STM32U5A9BJY6QTR, STM32U5A9J-DK, STM32U5A9NJH6Q, STM32U5A9VJT6Q, STM32U5A9ZJT6Q, STM32U5A9ZJY6QTR, STM32U5F7VIT6, STM32U5F7VIT6Q, STM32U5F7VJT6, STM32U5F7VJT6Q, STM32U5F9BJY6QTR, STM32U5F9NJH6Q, STM32U5F9VIT6Q, STM32U5F9VJT6Q, STM32U5F9ZIJ6QTR, STM32U5F9ZIT6Q, STM32U5F9ZJJ6QTR, STM32U5F9ZJT6Q, STM32U5G7VJT6, STM32U5G7VJT6Q, STM32U5G9BJY6QTR, STM32U5G9J-DK1, STM32U5G9J-DK2, STM32U5G9NJH6Q, STM32U5G9VJT6Q, STM32U5G9ZJJ6QTR, STM32U5G9ZJT6Q, STM32WB05KZV6TR, STM32WB05KZV7TR, STM32WB05TZF6TR, STM32WB05TZF7TR, STM32WB06CCF6TR, STM32WB06CCF7TR, STM32WB06CCV6TR, STM32WB06CCV7TR, STM32WB06KCV6TR, STM32WB06KCV7TR, STM32WB07CCF6TR, STM32WB07CCF7TR, STM32WB07CCV6TR, STM32WB07CCV7TR, STM32WB07KCV6TR, STM32WB07KCV7TR, STM32WB09KEV6TR, STM32WB09KEV7TR, STM32WB09TEF6TR, STM32WB09TEF7TR, STM32WB1MMCH6, STM32WBA50KGU6, STM32WBA50KGU6TR, STM32WBA52CEU6, STM32WBA52CEU6TR, STM32WBA52CEU7, STM32WBA52CEU7TR, STM32WBA52CGU6, STM32WBA52CGU6TR, STM32WBA52CGU6U, STM32WBA52CGU7, STM32WBA52CGU7TR, STM32WBA52KEU6, STM32WBA52KEU6TR, STM32WBA52KGU6, STM32WBA52KGU6TR, STM32WBA54CEU6, STM32WBA54CEU6TR, STM32WBA54CEU7, STM32WBA54CEU7TR, STM32WBA54CGU6, STM32WBA54CGU6TR, STM32WBA54CGU7, STM32WBA54CGU7TR, STM32WBA54KEU6, STM32WBA54KEU6TR, STM32WBA54KEU7, STM32WBA54KEU7TR, STM32WBA54KGU6, STM32WBA54KGU6TR, STM32WBA54KGU7, STM32WBA54KGU7TR, STM32WBA55CEU6, STM32WBA55CEU6TR, STM32WBA55CEU7, STM32WBA55CEU7TR, STM32WBA55CGU6, STM32WBA55CGU6TR, STM32WBA55CGU6U, STM32WBA55CGU7, STM32WBA55CGU7TR, STM32WBA55G-DK1, STM32WBA55HEF6, STM32WBA55HEF7, STM32WBA55HGF6, STM32WBA55HGF7, STM32WBA55UEI6, STM32WBA55UEI6TR, STM32WBA55UEI7, STM32WBA55UEI7TR, STM32WBA55UGI6, STM32WBA55UGI6TR, STM32WBA55UGI7, STM32WBA55UGI7TR, STM32WBA5MMGH6TR, STM32WBA62MGF6, STM32WBA62MIF6, STM32WBA65MGF7, STM32WBA65MIF6, STM32WBA65MIF7, STM32WBA6MOIH6, STM32WL30K8V6, STM32WL30KBV6, STM32WL31C8V6, STM32WL31CBV6, STM32WL31K8V6, STM32WL31KBV6, STM32WL33C8V6, STM32WL33C8V6X, STM32WL33CBV6, STM32WL33CBV6X, STM32WL33CCV6, STM32WL33CCV6A, STM32WL33CCV6X, STM32WL33K8V7, STM32WL33K8V7X, STM32WL33KBV7 , STM32WL33KBV7X, STM32WL33KCV7, STM32WL33KCV7X, STM32WL3RK8V6, STM32WL3RK8V6X, STM32WL3RKBV6, STM32WL3RKBV6X, STM32WL5MOCH6, STM32WL5MOCH6TR]
2026-04-21 18:36:16,417 DEBUG [LineInfo_to_exitCode.log_LineInfo] 2026-04-21 18:36:16,417 [INFO] DbMcus:218 - Found 4884 MCUs, 4884 are supported
2026-04-21 18:36:16,425 DEBUG [LineInfo_to_exitCode.log_LineInfo] 2026-04-21 18:36:16,423 [INFO] ApiDb:414 - User favorites file not found: C:\Users\vexas/.stm32cubemx/favorites.mcus.txt
2026-04-21 18:36:16,439 DEBUG [LineInfo_to_exitCode.log_LineInfo] 2026-04-21 18:36:16,433 [INFO] DbMcus:224 - Set 0 / 0 favorites MCUs
2026-04-21 18:36:17,325 DEBUG [LineInfo_to_exitCode.log_LineInfo] 2026-04-21 18:36:17,312 [INFO] Mcu:2044 - No CPN specified => set CPN to STM32G431VBT3
2026-04-21 18:36:28,142 DEBUG [LineInfo_to_exitCode.log_LineInfo] 2026-04-21 18:36:28,116 [INFO] Context:783 - Trying to add GPIOservice into a context  which must be forbidden
2026-04-21 18:36:34,256 DEBUG [LineInfo_to_exitCode.log_LineInfo] 2026-04-21 18:36:34,250 [INFO] ImportTextPane:234 - (OptionalMessage_ERROR) Unable to find key (Mcu.ThirdPartyNb) in loaded IOC file
2026-04-21 18:36:34,495 DEBUG [LineInfo_to_exitCode.log_LineInfo] 2026-04-21 18:36:34,492 [INFO] ImportTextPane:234 - (OptionalMessage_ERROR) Pin42 (VP_RIF_VS_RIF1) cannot be retrieved for this MCU
2026-04-21 18:36:35,439 DEBUG [LineInfo_to_exitCode.log_LineInfo] 2026-04-21 18:36:35,438 [INFO] RtosManager:561 - Registered RTOS mode: class=CMSIS, group=RTOS, mode=CMSIS_V1, owner=FREERTOS
2026-04-21 18:36:35,440 DEBUG [LineInfo_to_exitCode.log_LineInfo] 2026-04-21 18:36:35,440 [INFO] RtosManager:561 - Registered RTOS mode: class=CMSIS, group=RTOS2, mode=CMSIS_V2, owner=FREERTOS
2026-04-21 18:36:35,441 DEBUG [LineInfo_to_exitCode.log_LineInfo] 2026-04-21 18:36:35,440 [INFO] RtosManager:561 - Registered RTOS mode: class=RTOS, group=Core, mode=CMSIS_V1, owner=FREERTOS
2026-04-21 18:36:35,441 DEBUG [LineInfo_to_exitCode.log_LineInfo] 2026-04-21 18:36:35,441 [INFO] RtosManager:561 - Registered RTOS mode: class=RTOS, group=Core, mode=CMSIS_V2, owner=FREERTOS
2026-04-21 18:36:35,741 DEBUG [LineInfo_to_exitCode.log_LineInfo] 2026-04-21 18:36:35,740 [INFO] ThirdPartyModel:298 - Start build external matchings
2026-04-21 18:36:36,419 DEBUG [LineInfo_to_exitCode.log_LineInfo] 2026-04-21 18:36:36,418 [INFO] ThirdPartyModel:316 - End build external matchings
2026-04-21 18:36:36,628 DEBUG [LineInfo_to_exitCode.log_LineInfo] 2026-04-21 18:36:36,627 [INFO] ImportTextPane:234 - (OptionalMessage_ERROR) IP (DMA) : Parameter (Instance) has Id (USART1_RX) currently not set
2026-04-21 18:36:36,629 DEBUG [LineInfo_to_exitCode.log_LineInfo] 2026-04-21 18:36:36,628 [INFO] ImportTextPane:234 - (OptionalMessage_ERROR) IP (DMA) : Parameter (Request) has Id (USART1_RX) currently not set
2026-04-21 18:36:36,630 DEBUG [LineInfo_to_exitCode.log_LineInfo] 2026-04-21 18:36:36,629 [INFO] ImportTextPane:234 - (OptionalMessage_ERROR) IP (DMA) : Parameter (Direction) has Id (USART1_RX) currently not set
2026-04-21 18:36:36,630 DEBUG [LineInfo_to_exitCode.log_LineInfo] 2026-04-21 18:36:36,630 [INFO] ImportTextPane:234 - (OptionalMessage_ERROR) IP (DMA) : Parameter (PeriphInc) has Id (USART1_RX) currently not set
2026-04-21 18:36:36,630 DEBUG [LineInfo_to_exitCode.log_LineInfo] 2026-04-21 18:36:36,630 [INFO] ImportTextPane:234 - (OptionalMessage_ERROR) IP (DMA) : Parameter (MemInc) has Id (USART1_RX) currently not set
2026-04-21 18:36:36,633 DEBUG [LineInfo_to_exitCode.log_LineInfo] 2026-04-21 18:36:36,630 [INFO] ImportTextPane:234 - (OptionalMessage_ERROR) IP (DMA) : Parameter (PeriphDataAlignment) has Id (USART1_RX) currently not set
2026-04-21 18:36:36,635 DEBUG [LineInfo_to_exitCode.log_LineInfo] 2026-04-21 18:36:36,635 [INFO] ImportTextPane:234 - (OptionalMessage_ERROR) IP (DMA) : Parameter (MemDataAlignment) has Id (USART1_RX) currently not set
2026-04-21 18:36:36,638 DEBUG [LineInfo_to_exitCode.log_LineInfo] 2026-04-21 18:36:36,638 [INFO] ImportTextPane:234 - (OptionalMessage_ERROR) IP (DMA) : Parameter (Mode) has Id (USART1_RX) currently not set
2026-04-21 18:36:36,639 DEBUG [LineInfo_to_exitCode.log_LineInfo] 2026-04-21 18:36:36,639 [INFO] ImportTextPane:234 - (OptionalMessage_ERROR) IP (DMA) : Parameter (Priority) has Id (USART1_RX) currently not set
2026-04-21 18:36:36,640 DEBUG [LineInfo_to_exitCode.log_LineInfo] 2026-04-21 18:36:36,639 [INFO] ImportTextPane:234 - (OptionalMessage_ERROR) IP (DMA) : Parameter (Instance) has Id (USART1_TX) currently not set
2026-04-21 18:36:36,640 DEBUG [LineInfo_to_exitCode.log_LineInfo] 2026-04-21 18:36:36,640 [INFO] ImportTextPane:234 - (OptionalMessage_ERROR) IP (DMA) : Parameter (Request) has Id (USART1_TX) currently not set
2026-04-21 18:36:36,641 DEBUG [LineInfo_to_exitCode.log_LineInfo] 2026-04-21 18:36:36,641 [INFO] ImportTextPane:234 - (OptionalMessage_ERROR) IP (DMA) : Parameter (Direction) has Id (USART1_TX) currently not set
2026-04-21 18:36:36,642 DEBUG [LineInfo_to_exitCode.log_LineInfo] 2026-04-21 18:36:36,642 [INFO] ImportTextPane:234 - (OptionalMessage_ERROR) IP (DMA) : Parameter (PeriphInc) has Id (USART1_TX) currently not set
2026-04-21 18:36:36,643 DEBUG [LineInfo_to_exitCode.log_LineInfo] 2026-04-21 18:36:36,642 [INFO] ImportTextPane:234 - (OptionalMessage_ERROR) IP (DMA) : Parameter (MemInc) has Id (USART1_TX) currently not set
2026-04-21 18:36:36,647 DEBUG [LineInfo_to_exitCode.log_LineInfo] 2026-04-21 18:36:36,646 [INFO] ImportTextPane:234 - (OptionalMessage_ERROR) IP (DMA) : Parameter (PeriphDataAlignment) has Id (USART1_TX) currently not set
2026-04-21 18:36:36,648 DEBUG [LineInfo_to_exitCode.log_LineInfo] 2026-04-21 18:36:36,647 [INFO] ImportTextPane:234 - (OptionalMessage_ERROR) IP (DMA) : Parameter (MemDataAlignment) has Id (USART1_TX) currently not set
2026-04-21 18:36:36,649 DEBUG [LineInfo_to_exitCode.log_LineInfo] 2026-04-21 18:36:36,649 [INFO] ImportTextPane:234 - (OptionalMessage_ERROR) IP (DMA) : Parameter (Mode) has Id (USART1_TX) currently not set
2026-04-21 18:36:36,650 DEBUG [LineInfo_to_exitCode.log_LineInfo] 2026-04-21 18:36:36,650 [INFO] ImportTextPane:234 - (OptionalMessage_ERROR) IP (DMA) : Parameter (Priority) has Id (USART1_TX) currently not set
2026-04-21 18:36:36,855 DEBUG [LineInfo_to_exitCode.log_LineInfo] 2026-04-21 18:36:36,851 [INFO] ImportTextPane:234 - (OptionalMessage_ERROR) IP (MotorControl) : Invalid parameter (ADC_AHBPERIPH)
2026-04-21 18:36:36,864 DEBUG [LineInfo_to_exitCode.log_LineInfo] 2026-04-21 18:36:36,857 [INFO] ImportTextPane:234 - (OptionalMessage_ERROR) IP (MotorControl) : Invalid parameter (AUX_ENCODER)
2026-04-21 18:36:36,869 DEBUG [LineInfo_to_exitCode.log_LineInfo] 2026-04-21 18:36:36,867 [INFO] ImportTextPane:234 - (OptionalMessage_ERROR) IP (MotorControl) : Invalid parameter (BUS_VOLTAGE_READING)
2026-04-21 18:36:36,869 DEBUG [LineInfo_to_exitCode.log_LineInfo] 2026-04-21 18:36:36,869 [INFO] ImportTextPane:234 - (OptionalMessage_ERROR) IP (MotorControl) : Invalid parameter (CCMRAM_ENABLED)
2026-04-21 18:36:36,872 DEBUG [LineInfo_to_exitCode.log_LineInfo] 2026-04-21 18:36:36,871 [INFO] ImportTextPane:234 - (OptionalMessage_ERROR) IP (MotorControl) : Invalid parameter (CLOCK_FREQUENCY)
2026-04-21 18:36:36,872 DEBUG [LineInfo_to_exitCode.log_LineInfo] 2026-04-21 18:36:36,872 [INFO] ImportTextPane:234 - (OptionalMessage_ERROR) IP (MotorControl) : Invalid parameter (CLOCK_SOURCE)
2026-04-21 18:36:36,872 DEBUG [LineInfo_to_exitCode.log_LineInfo] 2026-04-21 18:36:36,872 [INFO] ImportTextPane:234 - (OptionalMessage_ERROR) IP (MotorControl) : Invalid parameter (CPU_CLK_170_MHZ)
2026-04-21 18:36:36,873 DEBUG [LineInfo_to_exitCode.log_LineInfo] 2026-04-21 18:36:36,873 [INFO] ImportTextPane:234 - (OptionalMessage_ERROR) IP (MotorControl) : Invalid parameter (CURR_SAMPLING_TIME)
2026-04-21 18:36:36,873 DEBUG [LineInfo_to_exitCode.log_LineInfo] 2026-04-21 18:36:36,873 [INFO] ImportTextPane:234 - (OptionalMessage_ERROR) IP (MotorControl) : Invalid parameter (CURRENT_READING_TOPOLOGY)
2026-04-21 18:36:36,874 DEBUG [LineInfo_to_exitCode.log_LineInfo] 2026-04-21 18:36:36,873 [INFO] ImportTextPane:234 - (OptionalMessage_ERROR) IP (MotorControl) : Invalid parameter (DRIVE_TYPE)
2026-04-21 18:36:36,874 DEBUG [LineInfo_to_exitCode.log_LineInfo] 2026-04-21 18:36:36,873 [INFO] ImportTextPane:234 - (OptionalMessage_ERROR) IP (MotorControl) : Invalid parameter (DRIVES_NUMBER_SELECTION)
2026-04-21 18:36:36,874 DEBUG [LineInfo_to_exitCode.log_LineInfo] 2026-04-21 18:36:36,873 [INFO] ImportTextPane:234 - (OptionalMessage_ERROR) IP (MotorControl) : Invalid parameter (ENC_A_GPIO_PIN)
2026-04-21 18:36:36,874 DEBUG [LineInfo_to_exitCode.log_LineInfo] 2026-04-21 18:36:36,874 [INFO] ImportTextPane:234 - (OptionalMessage_ERROR) IP (MotorControl) : Invalid parameter (ENC_A_GPIO_PORT)
2026-04-21 18:36:36,874 DEBUG [LineInfo_to_exitCode.log_LineInfo] 2026-04-21 18:36:36,874 [INFO] ImportTextPane:234 - (OptionalMessage_ERROR) IP (MotorControl) : Invalid parameter (ENC_B_GPIO_PIN)
2026-04-21 18:36:36,875 DEBUG [LineInfo_to_exitCode.log_LineInfo] 2026-04-21 18:36:36,875 [INFO] ImportTextPane:234 - (OptionalMessage_ERROR) IP (MotorControl) : Invalid parameter (ENC_B_GPIO_PORT)
2026-04-21 18:36:36,875 DEBUG [LineInfo_to_exitCode.log_LineInfo] 2026-04-21 18:36:36,875 [INFO] ImportTextPane:234 - (OptionalMessage_ERROR) IP (MotorControl) : Invalid parameter (ENC_ICx_FILTER)
2026-04-21 18:36:36,875 DEBUG [LineInfo_to_exitCode.log_LineInfo] 2026-04-21 18:36:36,875 [INFO] ImportTextPane:234 - (OptionalMessage_ERROR) IP (MotorControl) : Invalid parameter (ENC_INVERT_SPEED)
2026-04-21 18:36:36,875 DEBUG [LineInfo_to_exitCode.log_LineInfo] 2026-04-21 18:36:36,875 [INFO] ImportTextPane:234 - (OptionalMessage_ERROR) IP (MotorControl) : Invalid parameter (ENC_TIMER_SELECTION)
2026-04-21 18:36:36,876 DEBUG [LineInfo_to_exitCode.log_LineInfo] 2026-04-21 18:36:36,876 [INFO] ImportTextPane:234 - (OptionalMessage_ERROR) IP (MotorControl) : Invalid parameter (ENC_USE_CH3)
2026-04-21 18:36:36,877 DEBUG [LineInfo_to_exitCode.log_LineInfo] 2026-04-21 18:36:36,876 [INFO] ImportTextPane:234 - (OptionalMessage_ERROR) IP (MotorControl) : Invalid parameter (ENCODER_AVAILABLE)
2026-04-21 18:36:36,877 DEBUG [LineInfo_to_exitCode.log_LineInfo] 2026-04-21 18:36:36,876 [INFO] ImportTextPane:234 - (OptionalMessage_ERROR) IP (MotorControl) : Invalid parameter (ENCODER_PPR)
2026-04-21 18:36:36,877 DEBUG [LineInfo_to_exitCode.log_LineInfo] 2026-04-21 18:36:36,877 [INFO] ImportTextPane:234 - (OptionalMessage_ERROR) IP (MotorControl) : Invalid parameter (EXT_CLOCK_FREQUENCY)
2026-04-21 18:36:36,878 DEBUG [LineInfo_to_exitCode.log_LineInfo] 2026-04-21 18:36:36,878 [INFO] ImportTextPane:234 - (OptionalMessage_ERROR) IP (MotorControl) : Invalid parameter (FEEDBACK_NET_FILTERING)
2026-04-21 18:36:36,878 DEBUG [LineInfo_to_exitCode.log_LineInfo] 2026-04-21 18:36:36,878 [INFO] ImportTextPane:234 - (OptionalMessage_ERROR) IP (MotorControl) : Invalid parameter (FLASH_SIZE)
2026-04-21 18:36:36,878 DEBUG [LineInfo_to_exitCode.log_LineInfo] 2026-04-21 18:36:36,878 [INFO] ImportTextPane:234 - (OptionalMessage_ERROR) IP (MotorControl) : Invalid parameter (HALL_SENSORS_AVAILABLE)
2026-04-21 18:36:36,879 DEBUG [LineInfo_to_exitCode.log_LineInfo] 2026-04-21 18:36:36,878 [INFO] ImportTextPane:234 - (OptionalMessage_ERROR) IP (MotorControl) : Invalid parameter (HW_COMPLEMENTED_LOW_SIDE)
2026-04-21 18:36:36,879 DEBUG [LineInfo_to_exitCode.log_LineInfo] 2026-04-21 18:36:36,879 [INFO] ImportTextPane:234 - (OptionalMessage_ERROR) IP (MotorControl) : Invalid parameter (HW_DEAD_TIME_NS)
2026-04-21 18:36:36,880 DEBUG [LineInfo_to_exitCode.log_LineInfo] 2026-04-21 18:36:36,879 [INFO] ImportTextPane:234 - (OptionalMessage_ERROR) IP (MotorControl) : Invalid parameter (HWV_CS)
2026-04-21 18:36:36,880 DEBUG [LineInfo_to_exitCode.log_LineInfo] 2026-04-21 18:36:36,880 [INFO] ImportTextPane:234 - (OptionalMessage_ERROR) IP (MotorControl) : Invalid parameter (HWV_OCP)
2026-04-21 18:36:36,880 DEBUG [LineInfo_to_exitCode.log_LineInfo] 2026-04-21 18:36:36,880 [INFO] ImportTextPane:234 - (OptionalMessage_ERROR) IP (MotorControl) : Invalid parameter (HWV_PWM)
2026-04-21 18:36:36,880 DEBUG [LineInfo_to_exitCode.log_LineInfo] 2026-04-21 18:36:36,880 [INFO] ImportTextPane:234 - (OptionalMessage_ERROR) IP (MotorControl) : Invalid parameter (INT_RC_OSC)
2026-04-21 18:36:36,880 DEBUG [LineInfo_to_exitCode.log_LineInfo] 2026-04-21 18:36:36,880 [INFO] ImportTextPane:234 - (OptionalMessage_ERROR) IP (MotorControl) : Invalid parameter (IPs)
2026-04-21 18:36:36,881 DEBUG [LineInfo_to_exitCode.log_LineInfo] 2026-04-21 18:36:36,880 [INFO] ImportTextPane:234 - (OptionalMessage_ERROR) IP (MotorControl) : Invalid parameter (LOW_SIDE_SIGNALS_ENABLING)
2026-04-21 18:36:36,882 DEBUG [LineInfo_to_exitCode.log_LineInfo] 2026-04-21 18:36:36,881 [INFO] ImportTextPane:234 - (OptionalMessage_ERROR) IP (MotorControl) : Invalid parameter (M1_COMMUTATION_STEP_TIME_BUF_SIZE)
2026-04-21 18:36:36,882 DEBUG [LineInfo_to_exitCode.log_LineInfo] 2026-04-21 18:36:36,882 [INFO] ImportTextPane:234 - (OptionalMessage_ERROR) IP (MotorControl) : Invalid parameter (M1_CURRENT_AMPLIFICATION_TOPO)
2026-04-21 18:36:36,883 DEBUG [LineInfo_to_exitCode.log_LineInfo] 2026-04-21 18:36:36,882 [INFO] ImportTextPane:234 - (OptionalMessage_ERROR) IP (MotorControl) : Invalid parameter (M1_DC_CURRENT_RS_MEAS)
2026-04-21 18:36:36,884 DEBUG [LineInfo_to_exitCode.log_LineInfo] 2026-04-21 18:36:36,884 [INFO] ImportTextPane:234 - (OptionalMessage_ERROR) IP (MotorControl) : Invalid parameter (M1_ENC_A_GPIO_PIN)
2026-04-21 18:36:36,884 DEBUG [LineInfo_to_exitCode.log_LineInfo] 2026-04-21 18:36:36,884 [INFO] ImportTextPane:234 - (OptionalMessage_ERROR) IP (MotorControl) : Invalid parameter (M1_ENC_A_GPIO_PORT)
2026-04-21 18:36:36,885 DEBUG [LineInfo_to_exitCode.log_LineInfo] 2026-04-21 18:36:36,885 [INFO] ImportTextPane:234 - (OptionalMessage_ERROR) IP (MotorControl) : Invalid parameter (M1_ENC_B_GPIO_PIN)
2026-04-21 18:36:36,885 DEBUG [LineInfo_to_exitCode.log_LineInfo] 2026-04-21 18:36:36,885 [INFO] ImportTextPane:234 - (OptionalMessage_ERROR) IP (MotorControl) : Invalid parameter (M1_ENC_B_GPIO_PORT)
2026-04-21 18:36:36,885 DEBUG [LineInfo_to_exitCode.log_LineInfo] 2026-04-21 18:36:36,885 [INFO] ImportTextPane:234 - (OptionalMessage_ERROR) IP (MotorControl) : Invalid parameter (M1_ENC_TIMER_IRQ)
2026-04-21 18:36:36,886 DEBUG [LineInfo_to_exitCode.log_LineInfo] 2026-04-21 18:36:36,885 [INFO] ImportTextPane:234 - (OptionalMessage_ERROR) IP (MotorControl) : Invalid parameter (M1_ENC_USE_CH3)
2026-04-21 18:36:36,889 DEBUG [LineInfo_to_exitCode.log_LineInfo] 2026-04-21 18:36:36,888 [INFO] ImportTextPane:234 - (OptionalMessage_ERROR) IP (MotorControl) : Invalid parameter (M1_HIGH_SIDE_IDLE_STATE)
2026-04-21 18:36:36,889 DEBUG [LineInfo_to_exitCode.log_LineInfo] 2026-04-21 18:36:36,889 [INFO] ImportTextPane:234 - (OptionalMessage_ERROR) IP (MotorControl) : Invalid parameter (M1_INT_AMP_OPAMP1_PIN)
2026-04-21 18:36:36,889 DEBUG [LineInfo_to_exitCode.log_LineInfo] 2026-04-21 18:36:36,889 [INFO] ImportTextPane:234 - (OptionalMessage_ERROR) IP (MotorControl) : Invalid parameter (M1_INT_AMP_OPAMP2_PIN)
2026-04-21 18:36:36,889 DEBUG [LineInfo_to_exitCode.log_LineInfo] 2026-04-21 18:36:36,889 [INFO] ImportTextPane:234 - (OptionalMessage_ERROR) IP (MotorControl) : Invalid parameter (M1_INT_AMP_OPAMP3_PIN)
2026-04-21 18:36:36,890 DEBUG [LineInfo_to_exitCode.log_LineInfo] 2026-04-21 18:36:36,890 [INFO] ImportTextPane:234 - (OptionalMessage_ERROR) IP (MotorControl) : Invalid parameter (M1_INT_AMP_OPAMPS)
2026-04-21 18:36:36,890 DEBUG [LineInfo_to_exitCode.log_LineInfo] 2026-04-21 18:36:36,890 [INFO] ImportTextPane:234 - (OptionalMessage_ERROR) IP (MotorControl) : Invalid parameter (M1_LOW_SIDE_IDLE_STATE)
2026-04-21 18:36:36,891 DEBUG [LineInfo_to_exitCode.log_LineInfo] 2026-04-21 18:36:36,891 [INFO] ImportTextPane:234 - (OptionalMessage_ERROR) IP (MotorControl) : Invalid parameter (M1_OCP_BKIN_FILTER)
2026-04-21 18:36:36,892 DEBUG [LineInfo_to_exitCode.log_LineInfo] 2026-04-21 18:36:36,892 [INFO] ImportTextPane:234 - (OptionalMessage_ERROR) IP (MotorControl) : Invalid parameter (M1_OCP_BKIN_MODE)
2026-04-21 18:36:36,894 DEBUG [LineInfo_to_exitCode.log_LineInfo] 2026-04-21 18:36:36,893 [INFO] ImportTextPane:234 - (OptionalMessage_ERROR) IP (MotorControl) : Invalid parameter (M1_OCP_BKIN_POLARITY)
2026-04-21 18:36:36,900 DEBUG [LineInfo_to_exitCode.log_LineInfo] 2026-04-21 18:36:36,900 [INFO] ImportTextPane:234 - (OptionalMessage_ERROR) IP (MotorControl) : Parameter (M1_PWM_CHARGE_BOOT_CAP_DUTY_CYCLES) has invalid value (0.000)
2026-04-21 18:36:36,901 DEBUG [LineInfo_to_exitCode.log_LineInfo] 2026-04-21 18:36:36,901 [INFO] ImportTextPane:234 - (OptionalMessage_ERROR) IP (MotorControl) : Invalid parameter (M1_PWM_TIMER_BRK_IRQ)
2026-04-21 18:36:36,905 DEBUG [LineInfo_to_exitCode.log_LineInfo] 2026-04-21 18:36:36,904 [INFO] ImportTextPane:234 - (OptionalMessage_ERROR) IP (MotorControl) : Invalid parameter (M1_PWM_TIMER_UP_IRQ)
2026-04-21 18:36:36,907 DEBUG [LineInfo_to_exitCode.log_LineInfo] 2026-04-21 18:36:36,906 [INFO] ImportTextPane:234 - (OptionalMessage_ERROR) IP (MotorControl) : Invalid parameter (M1_SPD_DIFFERENTIAL_TERM_ENABLING)
2026-04-21 18:36:36,912 DEBUG [LineInfo_to_exitCode.log_LineInfo] 2026-04-21 18:36:36,912 [INFO] ImportTextPane:234 - (OptionalMessage_ERROR) IP (MotorControl) : Invalid parameter (MAX_READABLE_CURRENT)
2026-04-21 18:36:36,913 DEBUG [LineInfo_to_exitCode.log_LineInfo] 2026-04-21 18:36:36,913 [INFO] ImportTextPane:234 - (OptionalMessage_ERROR) IP (MotorControl) : Invalid parameter (MC_WORKBENCH_VERSION)
2026-04-21 18:36:36,922 DEBUG [LineInfo_to_exitCode.log_LineInfo] 2026-04-21 18:36:36,921 [INFO] ImportTextPane:234 - (OptionalMessage_ERROR) IP (MotorControl) : Invalid parameter (MCU)
2026-04-21 18:36:36,923 DEBUG [LineInfo_to_exitCode.log_LineInfo] 2026-04-21 18:36:36,922 [INFO] ImportTextPane:234 - (OptionalMessage_ERROR) IP (MotorControl) : Invalid parameter (MCU_FAMILY)
2026-04-21 18:36:36,923 DEBUG [LineInfo_to_exitCode.log_LineInfo] 2026-04-21 18:36:36,923 [INFO] ImportTextPane:234 - (OptionalMessage_ERROR) IP (MotorControl) : Invalid parameter (MCU_LINE)
2026-04-21 18:36:36,923 DEBUG [LineInfo_to_exitCode.log_LineInfo] 2026-04-21 18:36:36,923 [INFO] ImportTextPane:234 - (OptionalMessage_ERROR) IP (MotorControl) : Invalid parameter (MCU_PACKAGE)
2026-04-21 18:36:36,923 DEBUG [LineInfo_to_exitCode.log_LineInfo] 2026-04-21 18:36:36,923 [INFO] ImportTextPane:234 - (OptionalMessage_ERROR) IP (MotorControl) : Invalid parameter (MCU_TYPE)
2026-04-21 18:36:36,926 DEBUG [LineInfo_to_exitCode.log_LineInfo] 2026-04-21 18:36:36,926 [INFO] ImportTextPane:234 - (OptionalMessage_ERROR) IP (MotorControl) : Invalid parameter (MCU_USERNAME)
2026-04-21 18:36:36,927 DEBUG [LineInfo_to_exitCode.log_LineInfo] 2026-04-21 18:36:36,927 [INFO] ImportTextPane:234 - (OptionalMessage_ERROR) IP (MotorControl) : Invalid parameter (MOTOR_TYPE)
2026-04-21 18:36:36,929 DEBUG [LineInfo_to_exitCode.log_LineInfo] 2026-04-21 18:36:36,928 [INFO] ImportTextPane:234 - (OptionalMessage_ERROR) IP (MotorControl) : Invalid parameter (OCP_FILTER)
2026-04-21 18:36:36,935 DEBUG [LineInfo_to_exitCode.log_LineInfo] 2026-04-21 18:36:36,932 [INFO] ImportTextPane:234 - (OptionalMessage_ERROR) IP (MotorControl) : Invalid parameter (OCP_INVERTINGINPUT)
2026-04-21 18:36:36,940 DEBUG [LineInfo_to_exitCode.log_LineInfo] 2026-04-21 18:36:36,939 [INFO] ImportTextPane:234 - (OptionalMessage_ERROR) IP (MotorControl) : Invalid parameter (OCPA_DAC_INTERNAL_PIN)
2026-04-21 18:36:36,941 DEBUG [LineInfo_to_exitCode.log_LineInfo] 2026-04-21 18:36:36,940 [INFO] ImportTextPane:234 - (OptionalMessage_ERROR) IP (MotorControl) : Invalid parameter (OCPA_INVERTINGINPUT)
2026-04-21 18:36:36,941 DEBUG [LineInfo_to_exitCode.log_LineInfo] 2026-04-21 18:36:36,940 [INFO] ImportTextPane:234 - (OptionalMessage_ERROR) IP (MotorControl) : Invalid parameter (OCPA_INVERTINGINPUT_DAC_OUT)
2026-04-21 18:36:36,941 DEBUG [LineInfo_to_exitCode.log_LineInfo] 2026-04-21 18:36:36,941 [INFO] ImportTextPane:234 - (OptionalMessage_ERROR) IP (MotorControl) : Invalid parameter (OCPA_INVERTINGINPUT_GPIO_PIN)
2026-04-21 18:36:36,941 DEBUG [LineInfo_to_exitCode.log_LineInfo] 2026-04-21 18:36:36,941 [INFO] ImportTextPane:234 - (OptionalMessage_ERROR) IP (MotorControl) : Invalid parameter (OCPA_INVERTINGINPUT_GPIO_PORT)
2026-04-21 18:36:36,942 DEBUG [LineInfo_to_exitCode.log_LineInfo] 2026-04-21 18:36:36,942 [INFO] ImportTextPane:234 - (OptionalMessage_ERROR) IP (MotorControl) : Invalid parameter (OCPA_NONINVERTINGINPUT)
2026-04-21 18:36:36,942 DEBUG [LineInfo_to_exitCode.log_LineInfo] 2026-04-21 18:36:36,942 [INFO] ImportTextPane:234 - (OptionalMessage_ERROR) IP (MotorControl) : Invalid parameter (OCPA_NONINVERTINGINPUT_GPIO_PIN)
2026-04-21 18:36:36,942 DEBUG [LineInfo_to_exitCode.log_LineInfo] 2026-04-21 18:36:36,942 [INFO] ImportTextPane:234 - (OptionalMessage_ERROR) IP (MotorControl) : Invalid parameter (OCPA_NONINVERTINGINPUT_GPIO_PORT)
2026-04-21 18:36:36,943 DEBUG [LineInfo_to_exitCode.log_LineInfo] 2026-04-21 18:36:36,942 [INFO] ImportTextPane:234 - (OptionalMessage_ERROR) IP (MotorControl) : Invalid parameter (OCPA_OUTPUT)
2026-04-21 18:36:36,943 DEBUG [LineInfo_to_exitCode.log_LineInfo] 2026-04-21 18:36:36,942 [INFO] ImportTextPane:234 - (OptionalMessage_ERROR) IP (MotorControl) : Invalid parameter (OCPA_OUTPUT_GPIO_PIN)
2026-04-21 18:36:36,943 DEBUG [LineInfo_to_exitCode.log_LineInfo] 2026-04-21 18:36:36,943 [INFO] ImportTextPane:234 - (OptionalMessage_ERROR) IP (MotorControl) : Invalid parameter (OCPA_OUTPUT_GPIO_PORT)
2026-04-21 18:36:36,944 DEBUG [LineInfo_to_exitCode.log_LineInfo] 2026-04-21 18:36:36,943 [INFO] ImportTextPane:234 - (OptionalMessage_ERROR) IP (MotorControl) : Invalid parameter (OCPA_OUTPUT_MODE)
2026-04-21 18:36:36,944 DEBUG [LineInfo_to_exitCode.log_LineInfo] 2026-04-21 18:36:36,943 [INFO] ImportTextPane:234 - (OptionalMessage_ERROR) IP (MotorControl) : Invalid parameter (OCPA_OUTPUTPOL)
2026-04-21 18:36:36,944 DEBUG [LineInfo_to_exitCode.log_LineInfo] 2026-04-21 18:36:36,943 [INFO] ImportTextPane:234 - (OptionalMessage_ERROR) IP (MotorControl) : Invalid parameter (OCPB_DAC_INTERNAL_PIN)
2026-04-21 18:36:36,944 DEBUG [LineInfo_to_exitCode.log_LineInfo] 2026-04-21 18:36:36,943 [INFO] ImportTextPane:234 - (OptionalMessage_ERROR) IP (MotorControl) : Invalid parameter (OCPB_INVERTINGINPUT)
2026-04-21 18:36:36,944 DEBUG [LineInfo_to_exitCode.log_LineInfo] 2026-04-21 18:36:36,943 [INFO] ImportTextPane:234 - (OptionalMessage_ERROR) IP (MotorControl) : Invalid parameter (OCPB_INVERTINGINPUT_DAC_OUT)
2026-04-21 18:36:36,945 DEBUG [LineInfo_to_exitCode.log_LineInfo] 2026-04-21 18:36:36,944 [INFO] ImportTextPane:234 - (OptionalMessage_ERROR) IP (MotorControl) : Invalid parameter (OCPB_INVERTINGINPUT_GPIO_PIN)
2026-04-21 18:36:36,945 DEBUG [LineInfo_to_exitCode.log_LineInfo] 2026-04-21 18:36:36,944 [INFO] ImportTextPane:234 - (OptionalMessage_ERROR) IP (MotorControl) : Invalid parameter (OCPB_INVERTINGINPUT_GPIO_PORT)
2026-04-21 18:36:36,945 DEBUG [LineInfo_to_exitCode.log_LineInfo] 2026-04-21 18:36:36,944 [INFO] ImportTextPane:234 - (OptionalMessage_ERROR) IP (MotorControl) : Invalid parameter (OCPB_NONINVERTINGINPUT)
2026-04-21 18:36:36,945 DEBUG [LineInfo_to_exitCode.log_LineInfo] 2026-04-21 18:36:36,944 [INFO] ImportTextPane:234 - (OptionalMessage_ERROR) IP (MotorControl) : Invalid parameter (OCPB_NONINVERTINGINPUT_GPIO_PIN)
2026-04-21 18:36:36,945 DEBUG [LineInfo_to_exitCode.log_LineInfo] 2026-04-21 18:36:36,944 [INFO] ImportTextPane:234 - (OptionalMessage_ERROR) IP (MotorControl) : Invalid parameter (OCPB_NONINVERTINGINPUT_GPIO_PORT)
2026-04-21 18:36:36,946 DEBUG [LineInfo_to_exitCode.log_LineInfo] 2026-04-21 18:36:36,944 [INFO] ImportTextPane:234 - (OptionalMessage_ERROR) IP (MotorControl) : Invalid parameter (OCPB_OUTPUT)
2026-04-21 18:36:36,946 DEBUG [LineInfo_to_exitCode.log_LineInfo] 2026-04-21 18:36:36,944 [INFO] ImportTextPane:234 - (OptionalMessage_ERROR) IP (MotorControl) : Invalid parameter (OCPB_OUTPUT_GPIO_PIN)
2026-04-21 18:36:36,947 DEBUG [LineInfo_to_exitCode.log_LineInfo] 2026-04-21 18:36:36,946 [INFO] ImportTextPane:234 - (OptionalMessage_ERROR) IP (MotorControl) : Invalid parameter (OCPB_OUTPUT_GPIO_PORT)
2026-04-21 18:36:36,947 DEBUG [LineInfo_to_exitCode.log_LineInfo] 2026-04-21 18:36:36,947 [INFO] ImportTextPane:234 - (OptionalMessage_ERROR) IP (MotorControl) : Invalid parameter (OCPB_OUTPUT_MODE)
2026-04-21 18:36:36,948 DEBUG [LineInfo_to_exitCode.log_LineInfo] 2026-04-21 18:36:36,948 [INFO] ImportTextPane:234 - (OptionalMessage_ERROR) IP (MotorControl) : Invalid parameter (OCPB_OUTPUTPOL)
2026-04-21 18:36:36,948 DEBUG [LineInfo_to_exitCode.log_LineInfo] 2026-04-21 18:36:36,948 [INFO] ImportTextPane:234 - (OptionalMessage_ERROR) IP (MotorControl) : Invalid parameter (OCPC_DAC_INTERNAL_PIN)
2026-04-21 18:36:36,949 DEBUG [LineInfo_to_exitCode.log_LineInfo] 2026-04-21 18:36:36,949 [INFO] ImportTextPane:234 - (OptionalMessage_ERROR) IP (MotorControl) : Invalid parameter (OCPC_INVERTINGINPUT)
2026-04-21 18:36:36,950 DEBUG [LineInfo_to_exitCode.log_LineInfo] 2026-04-21 18:36:36,949 [INFO] ImportTextPane:234 - (OptionalMessage_ERROR) IP (MotorControl) : Invalid parameter (OCPC_INVERTINGINPUT_DAC_OUT)
2026-04-21 18:36:36,950 DEBUG [LineInfo_to_exitCode.log_LineInfo] 2026-04-21 18:36:36,950 [INFO] ImportTextPane:234 - (OptionalMessage_ERROR) IP (MotorControl) : Invalid parameter (OCPC_INVERTINGINPUT_GPIO_PIN)
2026-04-21 18:36:36,950 DEBUG [LineInfo_to_exitCode.log_LineInfo] 2026-04-21 18:36:36,950 [INFO] ImportTextPane:234 - (OptionalMessage_ERROR) IP (MotorControl) : Invalid parameter (OCPC_INVERTINGINPUT_GPIO_PORT)
2026-04-21 18:36:36,959 DEBUG [LineInfo_to_exitCode.log_LineInfo] 2026-04-21 18:36:36,958 [INFO] ImportTextPane:234 - (OptionalMessage_ERROR) IP (MotorControl) : Invalid parameter (OCPC_NONINVERTINGINPUT)
2026-04-21 18:36:36,961 DEBUG [LineInfo_to_exitCode.log_LineInfo] 2026-04-21 18:36:36,959 [INFO] ImportTextPane:234 - (OptionalMessage_ERROR) IP (MotorControl) : Invalid parameter (OCPC_NONINVERTINGINPUT_GPIO_PIN)
2026-04-21 18:36:36,961 DEBUG [LineInfo_to_exitCode.log_LineInfo] 2026-04-21 18:36:36,959 [INFO] ImportTextPane:234 - (OptionalMessage_ERROR) IP (MotorControl) : Invalid parameter (OCPC_NONINVERTINGINPUT_GPIO_PORT)
2026-04-21 18:36:36,961 DEBUG [LineInfo_to_exitCode.log_LineInfo] 2026-04-21 18:36:36,960 [INFO] ImportTextPane:234 - (OptionalMessage_ERROR) IP (MotorControl) : Invalid parameter (OCPC_OUTPUT)
2026-04-21 18:36:36,961 DEBUG [LineInfo_to_exitCode.log_LineInfo] 2026-04-21 18:36:36,960 [INFO] ImportTextPane:234 - (OptionalMessage_ERROR) IP (MotorControl) : Invalid parameter (OCPC_OUTPUT_GPIO_PIN)
2026-04-21 18:36:36,962 DEBUG [LineInfo_to_exitCode.log_LineInfo] 2026-04-21 18:36:36,960 [INFO] ImportTextPane:234 - (OptionalMessage_ERROR) IP (MotorControl) : Invalid parameter (OCPC_OUTPUT_GPIO_PORT)
2026-04-21 18:36:36,962 DEBUG [LineInfo_to_exitCode.log_LineInfo] 2026-04-21 18:36:36,960 [INFO] ImportTextPane:234 - (OptionalMessage_ERROR) IP (MotorControl) : Invalid parameter (OCPC_OUTPUT_MODE)
2026-04-21 18:36:36,962 DEBUG [LineInfo_to_exitCode.log_LineInfo] 2026-04-21 18:36:36,960 [INFO] ImportTextPane:234 - (OptionalMessage_ERROR) IP (MotorControl) : Invalid parameter (OCPC_OUTPUTPOL)
2026-04-21 18:36:36,963 DEBUG [LineInfo_to_exitCode.log_LineInfo] 2026-04-21 18:36:36,960 [INFO] ImportTextPane:234 - (OptionalMessage_ERROR) IP (MotorControl) : Invalid parameter (ON_OVER_VOLTAGE)
2026-04-21 18:36:36,964 DEBUG [LineInfo_to_exitCode.log_LineInfo] 2026-04-21 18:36:36,960 [INFO] ImportTextPane:234 - (OptionalMessage_ERROR) IP (MotorControl) : Invalid parameter (OPAMP_PGAGAIN)
2026-04-21 18:36:36,965 DEBUG [LineInfo_to_exitCode.log_LineInfo] 2026-04-21 18:36:36,961 [INFO] ImportTextPane:234 - (OptionalMessage_ERROR) IP (MotorControl) : Invalid parameter (OPAMP_TYPE_GAIN)
2026-04-21 18:36:36,965 DEBUG [LineInfo_to_exitCode.log_LineInfo] 2026-04-21 18:36:36,961 [INFO] ImportTextPane:234 - (OptionalMessage_ERROR) IP (MotorControl) : Invalid parameter (OPAMP1_INVERTINGINPUT)
2026-04-21 18:36:36,965 DEBUG [LineInfo_to_exitCode.log_LineInfo] 2026-04-21 18:36:36,961 [INFO] ImportTextPane:234 - (OptionalMessage_ERROR) IP (MotorControl) : Invalid parameter (OPAMP1_INVERTINGINPUT_GPIO_PIN)
2026-04-21 18:36:36,965 DEBUG [LineInfo_to_exitCode.log_LineInfo] 2026-04-21 18:36:36,963 [INFO] ImportTextPane:234 - (OptionalMessage_ERROR) IP (MotorControl) : Invalid parameter (OPAMP1_INVERTINGINPUT_GPIO_PORT)
2026-04-21 18:36:36,967 DEBUG [LineInfo_to_exitCode.log_LineInfo] 2026-04-21 18:36:36,963 [INFO] ImportTextPane:234 - (OptionalMessage_ERROR) IP (MotorControl) : Invalid parameter (OPAMP1_INVERTINGINPUT_MODE)
2026-04-21 18:36:36,968 DEBUG [LineInfo_to_exitCode.log_LineInfo] 2026-04-21 18:36:36,964 [INFO] ImportTextPane:234 - (OptionalMessage_ERROR) IP (MotorControl) : Invalid parameter (OPAMP1_NONINVERTINGINPUT_PHA_GPIO_PIN)
2026-04-21 18:36:36,968 DEBUG [LineInfo_to_exitCode.log_LineInfo] 2026-04-21 18:36:36,964 [INFO] ImportTextPane:234 - (OptionalMessage_ERROR) IP (MotorControl) : Invalid parameter (OPAMP1_NONINVERTINGINPUT_PHA_GPIO_PORT)
2026-04-21 18:36:36,968 DEBUG [LineInfo_to_exitCode.log_LineInfo] 2026-04-21 18:36:36,965 [INFO] ImportTextPane:234 - (OptionalMessage_ERROR) IP (MotorControl) : Invalid parameter (OPAMP1_OUT_GPIO_PIN)
2026-04-21 18:36:36,968 DEBUG [LineInfo_to_exitCode.log_LineInfo] 2026-04-21 18:36:36,965 [INFO] ImportTextPane:234 - (OptionalMessage_ERROR) IP (MotorControl) : Invalid parameter (OPAMP1_OUT_GPIO_PORT)
2026-04-21 18:36:36,968 DEBUG [LineInfo_to_exitCode.log_LineInfo] 2026-04-21 18:36:36,966 [INFO] ImportTextPane:234 - (OptionalMessage_ERROR) IP (MotorControl) : Invalid parameter (OPAMP2_INVERTINGINPUT)
2026-04-21 18:36:36,969 DEBUG [LineInfo_to_exitCode.log_LineInfo] 2026-04-21 18:36:36,966 [INFO] ImportTextPane:234 - (OptionalMessage_ERROR) IP (MotorControl) : Invalid parameter (OPAMP2_INVERTINGINPUT_GPIO_PIN)
2026-04-21 18:36:36,969 DEBUG [LineInfo_to_exitCode.log_LineInfo] 2026-04-21 18:36:36,966 [INFO] ImportTextPane:234 - (OptionalMessage_ERROR) IP (MotorControl) : Invalid parameter (OPAMP2_INVERTINGINPUT_GPIO_PORT)
2026-04-21 18:36:36,969 DEBUG [LineInfo_to_exitCode.log_LineInfo] 2026-04-21 18:36:36,966 [INFO] ImportTextPane:234 - (OptionalMessage_ERROR) IP (MotorControl) : Invalid parameter (OPAMP2_INVERTINGINPUT_MODE)
2026-04-21 18:36:36,970 DEBUG [LineInfo_to_exitCode.log_LineInfo] 2026-04-21 18:36:36,967 [INFO] ImportTextPane:234 - (OptionalMessage_ERROR) IP (MotorControl) : Invalid parameter (OPAMP2_NONINVERTINGINPUT_PHB_GPIO_PIN)
2026-04-21 18:36:36,971 DEBUG [LineInfo_to_exitCode.log_LineInfo] 2026-04-21 18:36:36,967 [INFO] ImportTextPane:234 - (OptionalMessage_ERROR) IP (MotorControl) : Invalid parameter (OPAMP2_NONINVERTINGINPUT_PHB_GPIO_PORT)
2026-04-21 18:36:36,971 DEBUG [LineInfo_to_exitCode.log_LineInfo] 2026-04-21 18:36:36,967 [INFO] ImportTextPane:234 - (OptionalMessage_ERROR) IP (MotorControl) : Invalid parameter (OPAMP2_OUT_GPIO_PIN)
2026-04-21 18:36:36,971 DEBUG [LineInfo_to_exitCode.log_LineInfo] 2026-04-21 18:36:36,967 [INFO] ImportTextPane:234 - (OptionalMessage_ERROR) IP (MotorControl) : Invalid parameter (OPAMP2_OUT_GPIO_PORT)
2026-04-21 18:36:36,972 DEBUG [LineInfo_to_exitCode.log_LineInfo] 2026-04-21 18:36:36,967 [INFO] ImportTextPane:234 - (OptionalMessage_ERROR) IP (MotorControl) : Invalid parameter (OPAMP3_INVERTINGINPUT)
2026-04-21 18:36:36,974 DEBUG [LineInfo_to_exitCode.log_LineInfo] 2026-04-21 18:36:36,973 [INFO] ImportTextPane:234 - (OptionalMessage_ERROR) IP (MotorControl) : Invalid parameter (OPAMP3_INVERTINGINPUT_GPIO_PIN)
2026-04-21 18:36:36,978 DEBUG [LineInfo_to_exitCode.log_LineInfo] 2026-04-21 18:36:36,977 [INFO] ImportTextPane:234 - (OptionalMessage_ERROR) IP (MotorControl) : Invalid parameter (OPAMP3_INVERTINGINPUT_GPIO_PORT)
2026-04-21 18:36:36,980 DEBUG [LineInfo_to_exitCode.log_LineInfo] 2026-04-21 18:36:36,979 [INFO] ImportTextPane:234 - (OptionalMessage_ERROR) IP (MotorControl) : Invalid parameter (OPAMP3_INVERTINGINPUT_MODE)
2026-04-21 18:36:36,983 DEBUG [LineInfo_to_exitCode.log_LineInfo] 2026-04-21 18:36:36,981 [INFO] ImportTextPane:234 - (OptionalMessage_ERROR) IP (MotorControl) : Invalid parameter (OPAMP3_NONINVERTINGINPUT_PHC)
2026-04-21 18:36:36,983 DEBUG [LineInfo_to_exitCode.log_LineInfo] 2026-04-21 18:36:36,983 [INFO] ImportTextPane:234 - (OptionalMessage_ERROR) IP (MotorControl) : Invalid parameter (OPAMP3_NONINVERTINGINPUT_PHC_GPIO_PIN)
2026-04-21 18:36:36,983 DEBUG [LineInfo_to_exitCode.log_LineInfo] 2026-04-21 18:36:36,983 [INFO] ImportTextPane:234 - (OptionalMessage_ERROR) IP (MotorControl) : Invalid parameter (OPAMP3_NONINVERTINGINPUT_PHC_GPIO_PORT)
2026-04-21 18:36:36,984 DEBUG [LineInfo_to_exitCode.log_LineInfo] 2026-04-21 18:36:36,983 [INFO] ImportTextPane:234 - (OptionalMessage_ERROR) IP (MotorControl) : Invalid parameter (OPAMP3_OUT_GPIO_PIN)
2026-04-21 18:36:36,984 DEBUG [LineInfo_to_exitCode.log_LineInfo] 2026-04-21 18:36:36,984 [INFO] ImportTextPane:234 - (OptionalMessage_ERROR) IP (MotorControl) : Invalid parameter (OPAMP3_OUT_GPIO_PORT)
2026-04-21 18:36:36,984 DEBUG [LineInfo_to_exitCode.log_LineInfo] 2026-04-21 18:36:36,984 [INFO] ImportTextPane:234 - (OptionalMessage_ERROR) IP (MotorControl) : Invalid parameter (OPAMP3_SELECTION)
2026-04-21 18:36:36,985 DEBUG [LineInfo_to_exitCode.log_LineInfo] 2026-04-21 18:36:36,984 [INFO] ImportTextPane:234 - (OptionalMessage_ERROR) IP (MotorControl) : Invalid parameter (OV_TEMPERATURE_PROT_ENABLING)
2026-04-21 18:36:36,985 DEBUG [LineInfo_to_exitCode.log_LineInfo] 2026-04-21 18:36:36,984 [INFO] ImportTextPane:234 - (OptionalMessage_ERROR) IP (MotorControl) : Invalid parameter (OV_VOLTAGE_PROT_ENABLING)
2026-04-21 18:36:36,985 DEBUG [LineInfo_to_exitCode.log_LineInfo] 2026-04-21 18:36:36,984 [INFO] ImportTextPane:234 - (OptionalMessage_ERROR) IP (MotorControl) : Invalid parameter (PHASE_U_CURR_ADC)
2026-04-21 18:36:36,985 DEBUG [LineInfo_to_exitCode.log_LineInfo] 2026-04-21 18:36:36,984 [INFO] ImportTextPane:234 - (OptionalMessage_ERROR) IP (MotorControl) : Invalid parameter (PHASE_U_GPIO_PIN)
2026-04-21 18:36:36,985 DEBUG [LineInfo_to_exitCode.log_LineInfo] 2026-04-21 18:36:36,984 [INFO] ImportTextPane:234 - (OptionalMessage_ERROR) IP (MotorControl) : Invalid parameter (PHASE_U_GPIO_PORT)
2026-04-21 18:36:36,985 DEBUG [LineInfo_to_exitCode.log_LineInfo] 2026-04-21 18:36:36,984 [INFO] ImportTextPane:234 - (OptionalMessage_ERROR) IP (MotorControl) : Invalid parameter (PHASE_U_PWM_CHANNEL)
2026-04-21 18:36:36,986 DEBUG [LineInfo_to_exitCode.log_LineInfo] 2026-04-21 18:36:36,985 [INFO] ImportTextPane:234 - (OptionalMessage_ERROR) IP (MotorControl) : Invalid parameter (PHASE_UH_GPIO_PIN)
2026-04-21 18:36:36,986 DEBUG [LineInfo_to_exitCode.log_LineInfo] 2026-04-21 18:36:36,985 [INFO] ImportTextPane:234 - (OptionalMessage_ERROR) IP (MotorControl) : Invalid parameter (PHASE_UH_GPIO_PORT)
2026-04-21 18:36:36,986 DEBUG [LineInfo_to_exitCode.log_LineInfo] 2026-04-21 18:36:36,985 [INFO] ImportTextPane:234 - (OptionalMessage_ERROR) IP (MotorControl) : Invalid parameter (PHASE_UL_GPIO_PIN)
2026-04-21 18:36:36,986 DEBUG [LineInfo_to_exitCode.log_LineInfo] 2026-04-21 18:36:36,985 [INFO] ImportTextPane:234 - (OptionalMessage_ERROR) IP (MotorControl) : Invalid parameter (PHASE_UL_GPIO_PORT)
2026-04-21 18:36:36,986 DEBUG [LineInfo_to_exitCode.log_LineInfo] 2026-04-21 18:36:36,985 [INFO] ImportTextPane:234 - (OptionalMessage_ERROR) IP (MotorControl) : Parameter (PHASE_UL_POLARITY) has invalid value (L_ACTIVE_HIGH)
2026-04-21 18:36:36,986 DEBUG [LineInfo_to_exitCode.log_LineInfo] 2026-04-21 18:36:36,985 [INFO] ImportTextPane:234 - (OptionalMessage_ERROR) IP (MotorControl) : Invalid parameter (PHASE_V_CURR_ADC)
2026-04-21 18:36:36,987 DEBUG [LineInfo_to_exitCode.log_LineInfo] 2026-04-21 18:36:36,985 [INFO] ImportTextPane:234 - (OptionalMessage_ERROR) IP (MotorControl) : Invalid parameter (PHASE_V_GPIO_PIN)
2026-04-21 18:36:36,987 DEBUG [LineInfo_to_exitCode.log_LineInfo] 2026-04-21 18:36:36,985 [INFO] ImportTextPane:234 - (OptionalMessage_ERROR) IP (MotorControl) : Invalid parameter (PHASE_V_GPIO_PORT)
2026-04-21 18:36:36,987 DEBUG [LineInfo_to_exitCode.log_LineInfo] 2026-04-21 18:36:36,985 [INFO] ImportTextPane:234 - (OptionalMessage_ERROR) IP (MotorControl) : Invalid parameter (PHASE_V_PWM_CHANNEL)
2026-04-21 18:36:36,989 DEBUG [LineInfo_to_exitCode.log_LineInfo] 2026-04-21 18:36:36,988 [INFO] ImportTextPane:234 - (OptionalMessage_ERROR) IP (MotorControl) : Invalid parameter (PHASE_VH_GPIO_PIN)
2026-04-21 18:36:36,989 DEBUG [LineInfo_to_exitCode.log_LineInfo] 2026-04-21 18:36:36,989 [INFO] ImportTextPane:234 - (OptionalMessage_ERROR) IP (MotorControl) : Invalid parameter (PHASE_VH_GPIO_PORT)
2026-04-21 18:36:36,990 DEBUG [LineInfo_to_exitCode.log_LineInfo] 2026-04-21 18:36:36,989 [INFO] ImportTextPane:234 - (OptionalMessage_ERROR) IP (MotorControl) : Invalid parameter (PHASE_VL_GPIO_PIN)
2026-04-21 18:36:36,991 DEBUG [LineInfo_to_exitCode.log_LineInfo] 2026-04-21 18:36:36,990 [INFO] ImportTextPane:234 - (OptionalMessage_ERROR) IP (MotorControl) : Invalid parameter (PHASE_VL_GPIO_PORT)
2026-04-21 18:36:36,991 DEBUG [LineInfo_to_exitCode.log_LineInfo] 2026-04-21 18:36:36,990 [INFO] ImportTextPane:234 - (OptionalMessage_ERROR) IP (MotorControl) : Parameter (PHASE_VL_POLARITY) has invalid value (L_ACTIVE_HIGH)
2026-04-21 18:36:36,991 DEBUG [LineInfo_to_exitCode.log_LineInfo] 2026-04-21 18:36:36,990 [INFO] ImportTextPane:234 - (OptionalMessage_ERROR) IP (MotorControl) : Invalid parameter (PHASE_W_CURR_ADC)
2026-04-21 18:36:36,992 DEBUG [LineInfo_to_exitCode.log_LineInfo] 2026-04-21 18:36:36,990 [INFO] ImportTextPane:234 - (OptionalMessage_ERROR) IP (MotorControl) : Invalid parameter (PHASE_W_GPIO_PIN)
2026-04-21 18:36:36,992 DEBUG [LineInfo_to_exitCode.log_LineInfo] 2026-04-21 18:36:36,990 [INFO] ImportTextPane:234 - (OptionalMessage_ERROR) IP (MotorControl) : Invalid parameter (PHASE_W_GPIO_PORT)
2026-04-21 18:36:36,992 DEBUG [LineInfo_to_exitCode.log_LineInfo] 2026-04-21 18:36:36,990 [INFO] ImportTextPane:234 - (OptionalMessage_ERROR) IP (MotorControl) : Invalid parameter (PHASE_W_PWM_CHANNEL)
2026-04-21 18:36:36,992 DEBUG [LineInfo_to_exitCode.log_LineInfo] 2026-04-21 18:36:36,990 [INFO] ImportTextPane:234 - (OptionalMessage_ERROR) IP (MotorControl) : Invalid parameter (PHASE_W_S_CURR_ADC)
2026-04-21 18:36:36,993 DEBUG [LineInfo_to_exitCode.log_LineInfo] 2026-04-21 18:36:36,991 [INFO] ImportTextPane:234 - (OptionalMessage_ERROR) IP (MotorControl) : Invalid parameter (PHASE_W_S_CURR_CHANNEL)
2026-04-21 18:36:36,993 DEBUG [LineInfo_to_exitCode.log_LineInfo] 2026-04-21 18:36:36,991 [INFO] ImportTextPane:234 - (OptionalMessage_ERROR) IP (MotorControl) : Invalid parameter (PHASE_W_S_GPIO_PIN)
2026-04-21 18:36:36,993 DEBUG [LineInfo_to_exitCode.log_LineInfo] 2026-04-21 18:36:36,991 [INFO] ImportTextPane:234 - (OptionalMessage_ERROR) IP (MotorControl) : Invalid parameter (PHASE_W_S_GPIO_PORT)
2026-04-21 18:36:36,993 DEBUG [LineInfo_to_exitCode.log_LineInfo] 2026-04-21 18:36:36,991 [INFO] ImportTextPane:234 - (OptionalMessage_ERROR) IP (MotorControl) : Invalid parameter (PHASE_WH_GPIO_PIN)
2026-04-21 18:36:36,993 DEBUG [LineInfo_to_exitCode.log_LineInfo] 2026-04-21 18:36:36,991 [INFO] ImportTextPane:234 - (OptionalMessage_ERROR) IP (MotorControl) : Invalid parameter (PHASE_WH_GPIO_PORT)
2026-04-21 18:36:36,993 DEBUG [LineInfo_to_exitCode.log_LineInfo] 2026-04-21 18:36:36,991 [INFO] ImportTextPane:234 - (OptionalMessage_ERROR) IP (MotorControl) : Invalid parameter (PHASE_WL_GPIO_PIN)
2026-04-21 18:36:36,993 DEBUG [LineInfo_to_exitCode.log_LineInfo] 2026-04-21 18:36:36,991 [INFO] ImportTextPane:234 - (OptionalMessage_ERROR) IP (MotorControl) : Invalid parameter (PHASE_WL_GPIO_PORT)
2026-04-21 18:36:36,993 DEBUG [LineInfo_to_exitCode.log_LineInfo] 2026-04-21 18:36:36,992 [INFO] ImportTextPane:234 - (OptionalMessage_ERROR) IP (MotorControl) : Parameter (PHASE_WL_POLARITY) has invalid value (L_ACTIVE_HIGH)
2026-04-21 18:36:36,994 DEBUG [LineInfo_to_exitCode.log_LineInfo] 2026-04-21 18:36:36,992 [INFO] ImportTextPane:234 - (OptionalMessage_ERROR) IP (MotorControl) : Invalid parameter (POTENTIOMETER_READING)
2026-04-21 18:36:36,994 DEBUG [LineInfo_to_exitCode.log_LineInfo] 2026-04-21 18:36:36,992 [INFO] ImportTextPane:234 - (OptionalMessage_ERROR) IP (MotorControl) : Invalid parameter (PWM_FREQUENCY)
2026-04-21 18:36:36,994 DEBUG [LineInfo_to_exitCode.log_LineInfo] 2026-04-21 18:36:36,992 [INFO] ImportTextPane:234 - (OptionalMessage_ERROR) IP (MotorControl) : Invalid parameter (PWM_TIMER_SELECTION)
2026-04-21 18:36:36,994 DEBUG [LineInfo_to_exitCode.log_LineInfo] 2026-04-21 18:36:36,993 [INFO] ImportTextPane:234 - (OptionalMessage_ERROR) IP (MotorControl) : Invalid parameter (R_BRAKE_SWITCH_OFF_THRES_V)
2026-04-21 18:36:36,994 DEBUG [LineInfo_to_exitCode.log_LineInfo] 2026-04-21 18:36:36,993 [INFO] ImportTextPane:234 - (OptionalMessage_ERROR) IP (MotorControl) : Invalid parameter (REGULATION_EXECUTION_RATE)
2026-04-21 18:36:36,995 DEBUG [LineInfo_to_exitCode.log_LineInfo] 2026-04-21 18:36:36,994 [INFO] ImportTextPane:234 - (OptionalMessage_ERROR) IP (MotorControl) : Invalid parameter (SINGLEDRIVE)
2026-04-21 18:36:36,995 DEBUG [LineInfo_to_exitCode.log_LineInfo] 2026-04-21 18:36:36,995 [INFO] ImportTextPane:234 - (OptionalMessage_ERROR) IP (MotorControl) : Invalid parameter (SPD_DIFFERENTIAL_TERM_ENABLING)
2026-04-21 18:36:36,995 DEBUG [LineInfo_to_exitCode.log_LineInfo] 2026-04-21 18:36:36,995 [INFO] ImportTextPane:234 - (OptionalMessage_ERROR) IP (MotorControl) : Invalid parameter (SPEED_SENSOR_SELECTION)
2026-04-21 18:36:36,996 DEBUG [LineInfo_to_exitCode.log_LineInfo] 2026-04-21 18:36:36,996 [INFO] ImportTextPane:234 - (OptionalMessage_ERROR) IP (MotorControl) : Invalid parameter (START_STOP_GPIO_IRQ)
2026-04-21 18:36:36,997 DEBUG [LineInfo_to_exitCode.log_LineInfo] 2026-04-21 18:36:36,996 [INFO] ImportTextPane:234 - (OptionalMessage_ERROR) IP (MotorControl) : Invalid parameter (START_STOP_POLARITY)
2026-04-21 18:36:36,998 DEBUG [LineInfo_to_exitCode.log_LineInfo] 2026-04-21 18:36:36,997 [INFO] ImportTextPane:234 - (OptionalMessage_ERROR) IP (MotorControl) : Invalid parameter (START_STOP_POLARITY_EDGE)
2026-04-21 18:36:36,999 DEBUG [LineInfo_to_exitCode.log_LineInfo] 2026-04-21 18:36:36,998 [INFO] ImportTextPane:234 - (OptionalMessage_ERROR) IP (MotorControl) : Invalid parameter (STATE_OBSERVER_PLL)
2026-04-21 18:36:37,000 DEBUG [LineInfo_to_exitCode.log_LineInfo] 2026-04-21 18:36:37,000 [INFO] ImportTextPane:234 - (OptionalMessage_ERROR) IP (MotorControl) : Invalid parameter (SW_DEADTIME_NS)
2026-04-21 18:36:37,001 DEBUG [LineInfo_to_exitCode.log_LineInfo] 2026-04-21 18:36:37,000 [INFO] ImportTextPane:234 - (OptionalMessage_ERROR) IP (MotorControl) : Invalid parameter (TEMP_ADC_SAMPLING_TIME)
2026-04-21 18:36:37,001 DEBUG [LineInfo_to_exitCode.log_LineInfo] 2026-04-21 18:36:37,001 [INFO] ImportTextPane:234 - (OptionalMessage_ERROR) IP (MotorControl) : Invalid parameter (TEMP_FDBK_ADC)
2026-04-21 18:36:37,003 DEBUG [LineInfo_to_exitCode.log_LineInfo] 2026-04-21 18:36:37,001 [INFO] ImportTextPane:234 - (OptionalMessage_ERROR) IP (MotorControl) : Invalid parameter (TEMP_FDBK_CHANNEL)
2026-04-21 18:36:37,005 DEBUG [LineInfo_to_exitCode.log_LineInfo] 2026-04-21 18:36:37,001 [INFO] ImportTextPane:234 - (OptionalMessage_ERROR) IP (MotorControl) : Invalid parameter (TEMP_FDBK_GPIO_PIN)
2026-04-21 18:36:37,006 DEBUG [LineInfo_to_exitCode.log_LineInfo] 2026-04-21 18:36:37,001 [INFO] ImportTextPane:234 - (OptionalMessage_ERROR) IP (MotorControl) : Invalid parameter (TEMP_FDBK_GPIO_PORT)
2026-04-21 18:36:37,007 DEBUG [LineInfo_to_exitCode.log_LineInfo] 2026-04-21 18:36:37,001 [INFO] ImportTextPane:234 - (OptionalMessage_ERROR) IP (MotorControl) : Invalid parameter (TEMPERATURE_READING)
2026-04-21 18:36:37,007 DEBUG [LineInfo_to_exitCode.log_LineInfo] 2026-04-21 18:36:37,002 [INFO] ImportTextPane:234 - (OptionalMessage_ERROR) IP (MotorControl) : Invalid parameter (TFDIFFERENTIAL_TERM_ENABLING)
2026-04-21 18:36:37,007 DEBUG [LineInfo_to_exitCode.log_LineInfo] 2026-04-21 18:36:37,002 [INFO] ImportTextPane:234 - (OptionalMessage_ERROR) IP (MotorControl) : Invalid parameter (TRISE_NS)
2026-04-21 18:36:37,007 DEBUG [LineInfo_to_exitCode.log_LineInfo] 2026-04-21 18:36:37,002 [INFO] ImportTextPane:234 - (OptionalMessage_ERROR) IP (MotorControl) : Invalid parameter (USART_RX_GPIO_PIN)
2026-04-21 18:36:37,007 DEBUG [LineInfo_to_exitCode.log_LineInfo] 2026-04-21 18:36:37,007 [INFO] ImportTextPane:234 - (OptionalMessage_ERROR) IP (MotorControl) : Invalid parameter (USART_RX_GPIO_PORT)
2026-04-21 18:36:37,007 DEBUG [LineInfo_to_exitCode.log_LineInfo] 2026-04-21 18:36:37,007 [INFO] ImportTextPane:234 - (OptionalMessage_ERROR) IP (MotorControl) : Invalid parameter (USART_SELECTION)
2026-04-21 18:36:37,007 DEBUG [LineInfo_to_exitCode.log_LineInfo] 2026-04-21 18:36:37,007 [INFO] ImportTextPane:234 - (OptionalMessage_ERROR) IP (MotorControl) : Invalid parameter (USART_SPEED)
2026-04-21 18:36:37,009 DEBUG [LineInfo_to_exitCode.log_LineInfo] 2026-04-21 18:36:37,007 [INFO] ImportTextPane:234 - (OptionalMessage_ERROR) IP (MotorControl) : Invalid parameter (USART_TX_GPIO_PIN)
2026-04-21 18:36:37,009 DEBUG [LineInfo_to_exitCode.log_LineInfo] 2026-04-21 18:36:37,007 [INFO] ImportTextPane:234 - (OptionalMessage_ERROR) IP (MotorControl) : Invalid parameter (USART_TX_GPIO_PORT)
2026-04-21 18:36:37,010 DEBUG [LineInfo_to_exitCode.log_LineInfo] 2026-04-21 18:36:37,007 [INFO] ImportTextPane:234 - (OptionalMessage_ERROR) IP (MotorControl) : Invalid parameter (USE_3OPAMPS)
2026-04-21 18:36:37,010 DEBUG [LineInfo_to_exitCode.log_LineInfo] 2026-04-21 18:36:37,007 [INFO] ImportTextPane:234 - (OptionalMessage_ERROR) IP (MotorControl) : Invalid parameter (USE_INTERNAL_OPAMP)
2026-04-21 18:36:37,010 DEBUG [LineInfo_to_exitCode.log_LineInfo] 2026-04-21 18:36:37,007 [INFO] ImportTextPane:234 - (OptionalMessage_ERROR) IP (MotorControl) : Invalid parameter (UV_VOLTAGE_PROT_ENABLING)
2026-04-21 18:36:37,010 DEBUG [LineInfo_to_exitCode.log_LineInfo] 2026-04-21 18:36:37,007 [INFO] ImportTextPane:234 - (OptionalMessage_ERROR) IP (MotorControl) : Invalid parameter (VBUS_ADC)
2026-04-21 18:36:37,011 DEBUG [LineInfo_to_exitCode.log_LineInfo] 2026-04-21 18:36:37,007 [INFO] ImportTextPane:234 - (OptionalMessage_ERROR) IP (MotorControl) : Invalid parameter (VBUS_ADC_SAMPLING_TIME)
2026-04-21 18:36:37,011 DEBUG [LineInfo_to_exitCode.log_LineInfo] 2026-04-21 18:36:37,007 [INFO] ImportTextPane:234 - (OptionalMessage_ERROR) IP (MotorControl) : Invalid parameter (VBUS_CHANNEL)
2026-04-21 18:36:37,011 DEBUG [LineInfo_to_exitCode.log_LineInfo] 2026-04-21 18:36:37,007 [INFO] ImportTextPane:234 - (OptionalMessage_ERROR) IP (MotorControl) : Invalid parameter (VBUS_GPIO_PIN)
2026-04-21 18:36:37,011 DEBUG [LineInfo_to_exitCode.log_LineInfo] 2026-04-21 18:36:37,007 [INFO] ImportTextPane:234 - (OptionalMessage_ERROR) IP (MotorControl) : Invalid parameter (VBUS_GPIO_PORT)
2026-04-21 18:36:37,011 DEBUG [LineInfo_to_exitCode.log_LineInfo] 2026-04-21 18:36:37,009 [INFO] ImportTextPane:234 - (OptionalMessage_ERROR) IP (MotorControl) : Invalid parameter (WB_MX_HEAPSIZE)
2026-04-21 18:36:37,011 DEBUG [LineInfo_to_exitCode.log_LineInfo] 2026-04-21 18:36:37,009 [INFO] ImportTextPane:234 - (OptionalMessage_ERROR) IP (MotorControl) : Invalid parameter (WB_MX_STACKSIZE)
2026-04-21 18:36:37,012 DEBUG [LineInfo_to_exitCode.log_LineInfo] 2026-04-21 18:36:37,009 [INFO] ImportTextPane:234 - (OptionalMessage_ERROR) IP (MotorControl) : Invalid parameter (WB_MX_TRUSTZONE_AVAILABLE)
2026-04-21 18:36:37,012 DEBUG [LineInfo_to_exitCode.log_LineInfo] 2026-04-21 18:36:37,009 [INFO] ImportTextPane:234 - (OptionalMessage_ERROR) IP (MotorControl) : Invalid parameter (WB_to_Mx_template_version)
2026-04-21 18:36:37,012 DEBUG [LineInfo_to_exitCode.log_LineInfo] 2026-04-21 18:36:37,010 [INFO] ImportTextPane:234 - (OptionalMessage_ERROR) IP (MotorControl) : Invalid parameter (WB_to_Mx_version)
2026-04-21 18:36:37,012 DEBUG [LineInfo_to_exitCode.log_LineInfo] 2026-04-21 18:36:37,010 [INFO] ImportTextPane:234 - (OptionalMessage_ERROR) IP (MotorControl) : Invalid parameter (WB_UI_CUTOFF_FREQUENCY)
2026-04-21 18:36:37,012 DEBUG [LineInfo_to_exitCode.log_LineInfo] 2026-04-21 18:36:37,010 [INFO] ImportTextPane:234 - (OptionalMessage_ERROR) IP (MotorControl) : Invalid parameter (WB_UI_ENCODER_HAS_INDEX_PIN)
2026-04-21 18:36:37,013 DEBUG [LineInfo_to_exitCode.log_LineInfo] 2026-04-21 18:36:37,010 [INFO] ImportTextPane:234 - (OptionalMessage_ERROR) IP (MotorControl) : Invalid parameter (WB_UI_FLUX_TARGET)
2026-04-21 18:36:37,013 DEBUG [LineInfo_to_exitCode.log_LineInfo] 2026-04-21 18:36:37,010 [INFO] ImportTextPane:234 - (OptionalMessage_ERROR) IP (MotorControl) : Invalid parameter (WB_UI_FRICTION)
2026-04-21 18:36:37,013 DEBUG [LineInfo_to_exitCode.log_LineInfo] 2026-04-21 18:36:37,010 [INFO] ImportTextPane:234 - (OptionalMessage_ERROR) IP (MotorControl) : Invalid parameter (WB_UI_GAIN)
2026-04-21 18:36:37,013 DEBUG [LineInfo_to_exitCode.log_LineInfo] 2026-04-21 18:36:37,010 [INFO] ImportTextPane:234 - (OptionalMessage_ERROR) IP (MotorControl) : Invalid parameter (WB_UI_GAINLIST)
2026-04-21 18:36:37,014 DEBUG [LineInfo_to_exitCode.log_LineInfo] 2026-04-21 18:36:37,010 [INFO] ImportTextPane:234 - (OptionalMessage_ERROR) IP (MotorControl) : Invalid parameter (WB_UI_GON)
2026-04-21 18:36:37,014 DEBUG [LineInfo_to_exitCode.log_LineInfo] 2026-04-21 18:36:37,011 [INFO] ImportTextPane:234 - (OptionalMessage_ERROR) IP (MotorControl) : Invalid parameter (WB_UI_GOP)
2026-04-21 18:36:37,014 DEBUG [LineInfo_to_exitCode.log_LineInfo] 2026-04-21 18:36:37,011 [INFO] ImportTextPane:234 - (OptionalMessage_ERROR) IP (MotorControl) : Invalid parameter (WB_UI_INERTIA)
2026-04-21 18:36:37,014 DEBUG [LineInfo_to_exitCode.log_LineInfo] 2026-04-21 18:36:37,011 [INFO] ImportTextPane:234 - (OptionalMessage_ERROR) IP (MotorControl) : Invalid parameter (WB_UI_MAGNETIC_STRUCTURE)
2026-04-21 18:36:37,014 DEBUG [LineInfo_to_exitCode.log_LineInfo] 2026-04-21 18:36:37,011 [INFO] ImportTextPane:234 - (OptionalMessage_ERROR) IP (MotorControl) : Invalid parameter (WB_UI_MAX_CURRENT)
2026-04-21 18:36:37,014 DEBUG [LineInfo_to_exitCode.log_LineInfo] 2026-04-21 18:36:37,011 [INFO] ImportTextPane:234 - (OptionalMessage_ERROR) IP (MotorControl) : Invalid parameter (WB_UI_MAX_NOMINAL_DC_VOLTAGE)
2026-04-21 18:36:37,014 DEBUG [LineInfo_to_exitCode.log_LineInfo] 2026-04-21 18:36:37,011 [INFO] ImportTextPane:234 - (OptionalMessage_ERROR) IP (MotorControl) : Invalid parameter (WB_UI_MAX_PWMFREQUENCY)
2026-04-21 18:36:37,014 DEBUG [LineInfo_to_exitCode.log_LineInfo] 2026-04-21 18:36:37,011 [INFO] ImportTextPane:234 - (OptionalMessage_ERROR) IP (MotorControl) : Invalid parameter (WB_UI_MOTOR_DESCRIPTION)
2026-04-21 18:36:37,015 DEBUG [LineInfo_to_exitCode.log_LineInfo] 2026-04-21 18:36:37,011 [INFO] ImportTextPane:234 - (OptionalMessage_ERROR) IP (MotorControl) : Invalid parameter (WB_UI_OCP_THRESHOLD)
2026-04-21 18:36:37,015 DEBUG [LineInfo_to_exitCode.log_LineInfo] 2026-04-21 18:36:37,011 [INFO] ImportTextPane:234 - (OptionalMessage_ERROR) IP (MotorControl) : Invalid parameter (WB_UI_PW_BOARD_MAX_RATED_CURRENT)
2026-04-21 18:36:37,015 DEBUG [LineInfo_to_exitCode.log_LineInfo] 2026-04-21 18:36:37,012 [INFO] ImportTextPane:234 - (OptionalMessage_ERROR) IP (MotorControl) : Invalid parameter (WB_UI_PW_BOARD_MAX_VOLTAGE)
2026-04-21 18:36:37,015 DEBUG [LineInfo_to_exitCode.log_LineInfo] 2026-04-21 18:36:37,012 [INFO] ImportTextPane:234 - (OptionalMessage_ERROR) IP (MotorControl) : Invalid parameter (WB_UI_PW_BOARD_MIN_VOLTAGE)
2026-04-21 18:36:37,015 DEBUG [LineInfo_to_exitCode.log_LineInfo] 2026-04-21 18:36:37,012 [INFO] ImportTextPane:234 - (OptionalMessage_ERROR) IP (MotorControl) : Invalid parameter (WB_UI_VPOL)
2026-04-21 18:36:37,015 DEBUG [LineInfo_to_exitCode.log_LineInfo] 2026-04-21 18:36:37,012 [INFO] ImportTextPane:234 - (OptionalMessage_ERROR) IP (MotorControl) : Invalid parameter (WB_UI_VPOL_K)
2026-04-21 18:36:37,173 DEBUG [LineInfo_to_exitCode.log_LineInfo] 2026-04-21 18:36:37,172 [INFO] ImportTextPane:234 - (OptionalMessage_ERROR) IP (TIM1) : Parameter (TIM_SlaveMode) has invalid value (TIM_SLAVEMODE_TRIGGER)
2026-04-21 18:36:37,615 DEBUG [LineInfo_to_exitCode.log_LineInfo] 2026-04-21 18:36:37,595 [INFO] ImportTextPane:234 - (OptionalMessage_ERROR) IP (TIM1) : Parameter (SourceBRKDigInputPolarity) has invalid value (TIM_BREAKINPUTSOURCE_POLARITY_HIGH)
2026-04-21 18:36:37,639 DEBUG [LineInfo_to_exitCode.log_LineInfo] 2026-04-21 18:36:37,638 [INFO] ImportTextPane:234 - (OptionalMessage_ERROR) IP (TIM1) : Parameter (SourceBRK2DigInputPolarity) has invalid value (TIM_BREAKINPUTSOURCE_POLARITY_LOW)
2026-04-21 18:36:40,382 DEBUG [LineInfo_to_exitCode.log_LineInfo] 2026-04-21 18:36:40,363 [INFO] UtilMem:75 - End LoadConfig() Used Memory: 300256448 Bytes (376438784)
2026-04-21 18:36:40,868 DEBUG [LineInfo_to_exitCode.log_LineInfo] 2026-04-21 18:36:40,867 [INFO] ThirdParty:835 - entering critical section [change project]
2026-04-21 18:36:40,874 DEBUG [LineInfo_to_exitCode.log_LineInfo] 2026-04-21 18:36:40,874 [INFO] ThirdParty:1030 - CMSIS Pack Vendor :STMicroelectronics X-CUBE-AZRTOS-H7 3.5.0
2026-04-21 18:36:40,876 DEBUG [LineInfo_to_exitCode.log_LineInfo] 2026-04-21 18:36:40,874 [INFO] ThirdParty:1030 - CMSIS Pack Vendor :STMicroelectronics X-CUBE-PM33A1 1.0.0
2026-04-21 18:36:40,876 DEBUG [LineInfo_to_exitCode.log_LineInfo] 2026-04-21 18:36:40,876 [INFO] ThirdParty:1030 - CMSIS Pack Vendor :STMicroelectronics USBPD 4.1
2026-04-21 18:36:40,876 DEBUG [LineInfo_to_exitCode.log_LineInfo] 2026-04-21 18:36:40,876 [INFO] ThirdParty:1030 - CMSIS Pack Vendor :STMicroelectronics X-CUBE-NFC9 1.0.0
2026-04-21 18:36:40,878 DEBUG [LineInfo_to_exitCode.log_LineInfo] 2026-04-21 18:36:40,876 [INFO] ThirdParty:1030 - CMSIS Pack Vendor :STMicroelectronics USB_HOST 2.0.0
2026-04-21 18:36:40,880 DEBUG [LineInfo_to_exitCode.log_LineInfo] 2026-04-21 18:36:40,878 [INFO] ThirdParty:1030 - CMSIS Pack Vendor :STMicroelectronics FP-SNS-MOTENVWB1 1.4.0
2026-04-21 18:36:40,880 DEBUG [LineInfo_to_exitCode.log_LineInfo] 2026-04-21 18:36:40,878 [INFO] ThirdParty:1030 - CMSIS Pack Vendor :STMicroelectronics X-CUBE-AZRTOS-F4 1.1.0
2026-04-21 18:36:40,880 DEBUG [LineInfo_to_exitCode.log_LineInfo] 2026-04-21 18:36:40,880 [INFO] ThirdParty:1030 - CMSIS Pack Vendor :STMicroelectronics LIBJPEG 8.0.0
2026-04-21 18:36:40,880 DEBUG [LineInfo_to_exitCode.log_LineInfo] 2026-04-21 18:36:40,880 [INFO] ThirdParty:1030 - CMSIS Pack Vendor :STMicroelectronics FP-ATR-ASTRA1 2.0.2
2026-04-21 18:36:40,880 DEBUG [LineInfo_to_exitCode.log_LineInfo] 2026-04-21 18:36:40,880 [INFO] ThirdParty:1030 - CMSIS Pack Vendor :STMicroelectronics X-CUBE-BLE1 7.1.0
2026-04-21 18:36:40,880 DEBUG [LineInfo_to_exitCode.log_LineInfo] 2026-04-21 18:36:40,880 [INFO] ThirdParty:1030 - CMSIS Pack Vendor :STMicroelectronics X-CUBE-SMBUS 2.1.0
2026-04-21 18:36:40,882 DEBUG [LineInfo_to_exitCode.log_LineInfo] 2026-04-21 18:36:40,880 [INFO] ThirdParty:1030 - CMSIS Pack Vendor :wolfSSL I-CUBE-wolfMQTT 1.19.2
2026-04-21 18:36:40,882 DEBUG [LineInfo_to_exitCode.log_LineInfo] 2026-04-21 18:36:40,882 [INFO] ThirdParty:1030 - CMSIS Pack Vendor :STMicroelectronics USB_DEVICE 3.0.0
2026-04-21 18:36:40,882 DEBUG [LineInfo_to_exitCode.log_LineInfo] 2026-04-21 18:36:40,882 [INFO] ThirdParty:1030 - CMSIS Pack Vendor :STMicroelectronics X-CUBE-ISPU 2.1.0
2026-04-21 18:36:40,882 DEBUG [LineInfo_to_exitCode.log_LineInfo] 2026-04-21 18:36:40,882 [INFO] ThirdParty:1030 - CMSIS Pack Vendor :STMicroelectronics X-CUBE-FREERTOS 1.4.0
2026-04-21 18:36:40,882 DEBUG [LineInfo_to_exitCode.log_LineInfo] 2026-04-21 18:36:40,882 [INFO] ThirdParty:1030 - CMSIS Pack Vendor :STMicroelectronics X-CUBE-EEPRMA1 5.2.0
2026-04-21 18:36:40,882 DEBUG [LineInfo_to_exitCode.log_LineInfo] 2026-04-21 18:36:40,882 [INFO] ThirdParty:1030 - CMSIS Pack Vendor :STMicroelectronics X-CUBE-IPS 3.2.0
2026-04-21 18:36:40,884 DEBUG [LineInfo_to_exitCode.log_LineInfo] 2026-04-21 18:36:40,882 [INFO] ThirdParty:1030 - CMSIS Pack Vendor :STMicroelectronics X-CUBE-BLEMGR 4.1.0
2026-04-21 18:36:40,884 DEBUG [LineInfo_to_exitCode.log_LineInfo] 2026-04-21 18:36:40,884 [INFO] ThirdParty:1030 - CMSIS Pack Vendor :STMicroelectronics eDS-WB_DPC_TT-BIDIR 2.1.1
2026-04-21 18:36:40,884 DEBUG [LineInfo_to_exitCode.log_LineInfo] 2026-04-21 18:36:40,884 [INFO] ThirdParty:1030 - CMSIS Pack Vendor :STMicroelectronics X-CUBE-AZRTOS-WB 2.0.0
2026-04-21 18:36:40,885 DEBUG [LineInfo_to_exitCode.log_LineInfo] 2026-04-21 18:36:40,884 [INFO] ThirdParty:1030 - CMSIS Pack Vendor :wolfSSL I-CUBE-wolfSSL 5.8.4
2026-04-21 18:36:40,885 DEBUG [LineInfo_to_exitCode.log_LineInfo] 2026-04-21 18:36:40,885 [INFO] ThirdParty:1030 - CMSIS Pack Vendor :STMicroelectronics X-CUBE-NFC12 1.0.0
2026-04-21 18:36:40,889 DEBUG [LineInfo_to_exitCode.log_LineInfo] 2026-04-21 18:36:40,888 [INFO] ThirdParty:1030 - CMSIS Pack Vendor :STMicroelectronics X-CUBE-AZRTOS-F7 1.1.0
2026-04-21 18:36:40,893 DEBUG [LineInfo_to_exitCode.log_LineInfo] 2026-04-21 18:36:40,889 [INFO] ThirdParty:1030 - CMSIS Pack Vendor :STMicroelectronics X-CUBE-AZRTOS-L5 2.0.0
2026-04-21 18:36:40,894 DEBUG [LineInfo_to_exitCode.log_LineInfo] 2026-04-21 18:36:40,894 [INFO] ThirdParty:1030 - CMSIS Pack Vendor :STMicroelectronics USB_DEVICE 2.0.0
2026-04-21 18:36:40,895 DEBUG [LineInfo_to_exitCode.log_LineInfo] 2026-04-21 18:36:40,895 [INFO] ThirdParty:1030 - CMSIS Pack Vendor :quantropi X-CUBE-qispace-sdk-base 2.1.0
2026-04-21 18:36:40,896 DEBUG [LineInfo_to_exitCode.log_LineInfo] 2026-04-21 18:36:40,895 [INFO] ThirdParty:1030 - CMSIS Pack Vendor :STMicroelectronics X-CUBE-MEMS1 12.0.0
2026-04-21 18:36:40,896 DEBUG [LineInfo_to_exitCode.log_LineInfo] 2026-04-21 18:36:40,895 [INFO] ThirdParty:1030 - CMSIS Pack Vendor :STMicroelectronics X-CUBE-STSE01 2.0.0
2026-04-21 18:36:40,896 DEBUG [LineInfo_to_exitCode.log_LineInfo] 2026-04-21 18:36:40,896 [INFO] ThirdParty:1030 - CMSIS Pack Vendor :STMicroelectronics FP-SNS-MOTENV1 5.1.0
2026-04-21 18:36:40,897 DEBUG [LineInfo_to_exitCode.log_LineInfo] 2026-04-21 18:36:40,896 [INFO] ThirdParty:1030 - CMSIS Pack Vendor :STMicroelectronics FreeRTOS 0.0.1
2026-04-21 18:36:40,898 DEBUG [LineInfo_to_exitCode.log_LineInfo] 2026-04-21 18:36:40,897 [INFO] ThirdParty:1030 - CMSIS Pack Vendor :STMicroelectronics X-CUBE-AZRTOS-G0 1.1.0
2026-04-21 18:36:40,898 DEBUG [LineInfo_to_exitCode.log_LineInfo] 2026-04-21 18:36:40,898 [INFO] ThirdParty:1030 - CMSIS Pack Vendor :STMicroelectronics X-CUBE-NFC4 3.0.0
2026-04-21 18:36:40,899 DEBUG [LineInfo_to_exitCode.log_LineInfo] 2026-04-21 18:36:40,898 [INFO] ThirdParty:1030 - CMSIS Pack Vendor :STMicroelectronics X-CUBE-SUBG2 5.0.0
2026-04-21 18:36:40,899 DEBUG [LineInfo_to_exitCode.log_LineInfo] 2026-04-21 18:36:40,899 [INFO] ThirdParty:1030 - CMSIS Pack Vendor :STMicroelectronics STM32_WPAN 1.0.0
2026-04-21 18:36:40,899 DEBUG [LineInfo_to_exitCode.log_LineInfo] 2026-04-21 18:36:40,899 [INFO] ThirdParty:1030 - CMSIS Pack Vendor :STMicroelectronics eDS-WB_DPC_VIENNA 1.2.0
2026-04-21 18:36:40,899 DEBUG [LineInfo_to_exitCode.log_LineInfo] 2026-04-21 18:36:40,899 [INFO] ThirdParty:1030 - CMSIS Pack Vendor :EmbeddedOffice I-CUBE-FS-RTOS 1.0.1
2026-04-21 18:36:40,900 DEBUG [LineInfo_to_exitCode.log_LineInfo] 2026-04-21 18:36:40,899 [INFO] ThirdParty:1030 - CMSIS Pack Vendor :STMicroelectronics lwIP 2.0.3
2026-04-21 18:36:40,900 DEBUG [LineInfo_to_exitCode.log_LineInfo] 2026-04-21 18:36:40,899 [INFO] ThirdParty:1030 - CMSIS Pack Vendor :WES I-CUBE-Cesium 1.4.0
2026-04-21 18:36:40,901 DEBUG [LineInfo_to_exitCode.log_LineInfo] 2026-04-21 18:36:40,900 [INFO] ThirdParty:1030 - CMSIS Pack Vendor :STMicroelectronics eDS-WB_DPC_3PH2L-BIDIR 1.1.1
2026-04-21 18:36:40,901 DEBUG [LineInfo_to_exitCode.log_LineInfo] 2026-04-21 18:36:40,900 [INFO] ThirdParty:1030 - CMSIS Pack Vendor :STMicroelectronics USB_HOST 1.0.0
2026-04-21 18:36:40,901 DEBUG [LineInfo_to_exitCode.log_LineInfo] 2026-04-21 18:36:40,901 [INFO] ThirdParty:1030 - CMSIS Pack Vendor :STMicroelectronics X-CUBE-AZRTOS-G4 2.0.0
2026-04-21 18:36:40,901 DEBUG [LineInfo_to_exitCode.log_LineInfo] 2026-04-21 18:36:40,901 [INFO] ThirdParty:1030 - CMSIS Pack Vendor :STMicroelectronics X-CUBE-WB05N 2.0.0
2026-04-21 18:36:40,901 DEBUG [LineInfo_to_exitCode.log_LineInfo] 2026-04-21 18:36:40,901 [INFO] ThirdParty:1030 - CMSIS Pack Vendor :STMicroelectronics PDM2PCM 3.1.0
2026-04-21 18:36:40,902 DEBUG [LineInfo_to_exitCode.log_LineInfo] 2026-04-21 18:36:40,901 [INFO] ThirdParty:1030 - CMSIS Pack Vendor :STMicroelectronics PDM2PCM 3.3.0
2026-04-21 18:36:40,904 DEBUG [LineInfo_to_exitCode.log_LineInfo] 2026-04-21 18:36:40,904 [INFO] ThirdParty:1030 - CMSIS Pack Vendor :wolfSSL I-CUBE-wolfTPM 3.8.0
2026-04-21 18:36:40,904 DEBUG [LineInfo_to_exitCode.log_LineInfo] 2026-04-21 18:36:40,904 [INFO] ThirdParty:1030 - CMSIS Pack Vendor :STMicroelectronics X-CUBE-AZRTOS-H7 3.4.0
2026-04-21 18:36:40,904 DEBUG [LineInfo_to_exitCode.log_LineInfo] 2026-04-21 18:36:40,904 [INFO] ThirdParty:1030 - CMSIS Pack Vendor :STMicroelectronics X-CUBE-DISPLAY 3.0.0
2026-04-21 18:36:40,905 DEBUG [LineInfo_to_exitCode.log_LineInfo] 2026-04-21 18:36:40,904 [INFO] ThirdParty:1030 - CMSIS Pack Vendor :wolfSSL I-CUBE-wolfSSH 1.4.20
2026-04-21 18:36:40,906 DEBUG [LineInfo_to_exitCode.log_LineInfo] 2026-04-21 18:36:40,905 [INFO] ThirdParty:1030 - CMSIS Pack Vendor :STMicroelectronics X-CUBE-NFC7 2.0.0
2026-04-21 18:36:40,906 DEBUG [LineInfo_to_exitCode.log_LineInfo] 2026-04-21 18:36:40,906 [INFO] ThirdParty:1030 - CMSIS Pack Vendor :STMicroelectronics FP-SNS-MOTENVWB1 1.5.0
2026-04-21 18:36:40,907 DEBUG [LineInfo_to_exitCode.log_LineInfo] 2026-04-21 18:36:40,906 [INFO] ThirdParty:1030 - CMSIS Pack Vendor :STMicroelectronics X-CUBE-TCPP 4.2.0
2026-04-21 18:36:40,907 DEBUG [LineInfo_to_exitCode.log_LineInfo] 2026-04-21 18:36:40,907 [INFO] ThirdParty:1030 - CMSIS Pack Vendor :RealThread X-CUBE-RT-Thread_Nano 4.1.1
2026-04-21 18:36:40,907 DEBUG [LineInfo_to_exitCode.log_LineInfo] 2026-04-21 18:36:40,907 [INFO] ThirdParty:1030 - CMSIS Pack Vendor :STMicroelectronics FP-ATR-SIGFOX1 3.2.0
2026-04-21 18:36:40,908 DEBUG [LineInfo_to_exitCode.log_LineInfo] 2026-04-21 18:36:40,907 [INFO] ThirdParty:1030 - CMSIS Pack Vendor :STMicroelectronics X-CUBE-NFC10 1.0.0
2026-04-21 18:36:40,908 DEBUG [LineInfo_to_exitCode.log_LineInfo] 2026-04-21 18:36:40,908 [INFO] ThirdParty:1030 - CMSIS Pack Vendor :STMicroelectronics HAL Drivers 0.0.0
2026-04-21 18:36:40,909 DEBUG [LineInfo_to_exitCode.log_LineInfo] 2026-04-21 18:36:40,908 [INFO] ThirdParty:1030 - CMSIS Pack Vendor :STMicroelectronics X-CUBE-FREERTOS 1.5.0
2026-04-21 18:36:40,909 DEBUG [LineInfo_to_exitCode.log_LineInfo] 2026-04-21 18:36:40,909 [INFO] ThirdParty:1030 - CMSIS Pack Vendor :STMicroelectronics MBEDTLS 2.16.2
2026-04-21 18:36:40,911 DEBUG [LineInfo_to_exitCode.log_LineInfo] 2026-04-21 18:36:40,911 [INFO] ThirdParty:1030 - CMSIS Pack Vendor :STMicroelectronics X-CUBE-ST60 1.1.0
2026-04-21 18:36:40,911 DEBUG [LineInfo_to_exitCode.log_LineInfo] 2026-04-21 18:36:40,911 [INFO] ThirdParty:1030 - CMSIS Pack Vendor :STMicroelectronics X-CUBE-ALS 1.0.2
2026-04-21 18:36:40,912 DEBUG [LineInfo_to_exitCode.log_LineInfo] 2026-04-21 18:36:40,911 [INFO] ThirdParty:1030 - CMSIS Pack Vendor :emotas I-CUBE-CANOPEN 1.3.0
2026-04-21 18:36:40,913 DEBUG [LineInfo_to_exitCode.log_LineInfo] 2026-04-21 18:36:40,912 [INFO] ThirdParty:1030 - CMSIS Pack Vendor :STMicroelectronics MBEDTLS 2.14.1
2026-04-21 18:36:40,928 DEBUG [LineInfo_to_exitCode.log_LineInfo] 2026-04-21 18:36:40,913 [INFO] ThirdParty:1030 - CMSIS Pack Vendor :STMicroelectronics X-CUBE-GNSS1 7.1.0
2026-04-21 18:36:40,928 DEBUG [LineInfo_to_exitCode.log_LineInfo] 2026-04-21 18:36:40,926 [INFO] ThirdParty:1030 - CMSIS Pack Vendor :ITTIA_DB I-CUBE-ITTIADB 8.9.0
2026-04-21 18:36:40,929 DEBUG [LineInfo_to_exitCode.log_LineInfo] 2026-04-21 18:36:40,927 [INFO] ThirdParty:1030 - CMSIS Pack Vendor :STMicroelectronics X-CUBE-TOUCHGFX 4.26.0
2026-04-21 18:36:40,929 DEBUG [LineInfo_to_exitCode.log_LineInfo] 2026-04-21 18:36:40,927 [INFO] ThirdParty:1030 - CMSIS Pack Vendor :Cesanta I-CUBE-Mongoose 7.21.0
2026-04-21 18:36:40,929 DEBUG [LineInfo_to_exitCode.log_LineInfo] 2026-04-21 18:36:40,927 [INFO] ThirdParty:1030 - CMSIS Pack Vendor :STMicroelectronics X-CUBE-TOUCHGFX 4.26.1
2026-04-21 18:36:40,929 DEBUG [LineInfo_to_exitCode.log_LineInfo] 2026-04-21 18:36:40,927 [INFO] ThirdParty:1030 - CMSIS Pack Vendor :STMicroelectronics X-CUBE-NFC6 3.2.0
2026-04-21 18:36:40,930 DEBUG [LineInfo_to_exitCode.log_LineInfo] 2026-04-21 18:36:40,927 [INFO] ThirdParty:1030 - CMSIS Pack Vendor :STMicroelectronics FP-SNS-STBOX1 2.1.0
2026-04-21 18:36:40,930 DEBUG [LineInfo_to_exitCode.log_LineInfo] 2026-04-21 18:36:40,928 [INFO] ThirdParty:1030 - CMSIS Pack Vendor :STMicroelectronics X-CUBE-AI 10.2.0
2026-04-21 18:36:40,930 DEBUG [LineInfo_to_exitCode.log_LineInfo] 2026-04-21 18:36:40,928 [INFO] ThirdParty:1030 - CMSIS Pack Vendor :STMicroelectronics FP-SNS-STAIOTCFT 1.0.0
2026-04-21 18:36:40,930 DEBUG [LineInfo_to_exitCode.log_LineInfo] 2026-04-21 18:36:40,928 [INFO] ThirdParty:1030 - CMSIS Pack Vendor :STMicroelectronics ThreadX 1.0.0
2026-04-21 18:36:40,931 DEBUG [LineInfo_to_exitCode.log_LineInfo] 2026-04-21 18:36:40,928 [INFO] ThirdParty:1030 - CMSIS Pack Vendor :STMicroelectronics FP-SNS-SMARTAG2 1.2.0
2026-04-21 18:36:40,931 DEBUG [LineInfo_to_exitCode.log_LineInfo] 2026-04-21 18:36:40,928 [INFO] ThirdParty:1030 - CMSIS Pack Vendor :STMicroelectronics FP-SNS-FLIGHT1 5.1.0
2026-04-21 18:36:40,931 DEBUG [LineInfo_to_exitCode.log_LineInfo] 2026-04-21 18:36:40,928 [INFO] ThirdParty:1030 - CMSIS Pack Vendor :STMicroelectronics X-CUBE-AZRTOS-WL 2.0.0
2026-04-21 18:36:40,931 DEBUG [LineInfo_to_exitCode.log_LineInfo] 2026-04-21 18:36:40,928 [INFO] ThirdParty:1030 - CMSIS Pack Vendor :SEGGER I-CUBE-embOS 1.3.1
2026-04-21 18:36:40,932 DEBUG [LineInfo_to_exitCode.log_LineInfo] 2026-04-21 18:36:40,929 [INFO] ThirdParty:1030 - CMSIS Pack Vendor :STMicroelectronics X-CUBE-ALGOBUILD 1.4.0
2026-04-21 18:36:40,933 DEBUG [LineInfo_to_exitCode.log_LineInfo] 2026-04-21 18:36:40,929 [INFO] ThirdParty:1030 - CMSIS Pack Vendor :STMicroelectronics X-CUBE-DPower 1.3.0
2026-04-21 18:36:40,933 DEBUG [LineInfo_to_exitCode.log_LineInfo] 2026-04-21 18:36:40,929 [INFO] ThirdParty:1030 - CMSIS Pack Vendor :STMicroelectronics USB_DEVICE 1.0.0
2026-04-21 18:36:40,934 DEBUG [LineInfo_to_exitCode.log_LineInfo] 2026-04-21 18:36:40,929 [INFO] ThirdParty:1030 - CMSIS Pack Vendor :STMicroelectronics X-CUBE-AZRTOS-H7RS 1.2.0
2026-04-21 18:36:40,935 DEBUG [LineInfo_to_exitCode.log_LineInfo] 2026-04-21 18:36:40,929 [INFO] ThirdParty:1030 - CMSIS Pack Vendor :STMicroelectronics X-CUBE-AZRTOS-L4 2.0.0
2026-04-21 18:36:40,935 DEBUG [LineInfo_to_exitCode.log_LineInfo] 2026-04-21 18:36:40,929 [INFO] ThirdParty:1030 - CMSIS Pack Vendor :STMicroelectronics ThreadX 0.0.2
2026-04-21 18:36:40,936 DEBUG [LineInfo_to_exitCode.log_LineInfo] 2026-04-21 18:36:40,929 [INFO] ThirdParty:1030 - CMSIS Pack Vendor :STMicroelectronics lwIP 2.1.2
2026-04-21 18:36:40,937 DEBUG [LineInfo_to_exitCode.log_LineInfo] 2026-04-21 18:36:40,929 [INFO] ThirdParty:1030 - CMSIS Pack Vendor :STMicroelectronics X-CUBE-SFXS2LP1 4.0.0
2026-04-21 18:36:40,937 DEBUG [LineInfo_to_exitCode.log_LineInfo] 2026-04-21 18:36:40,930 [INFO] ThirdParty:1030 - CMSIS Pack Vendor :STMicroelectronics X-CUBE-BLE2 3.3.0
2026-04-21 18:36:40,937 DEBUG [LineInfo_to_exitCode.log_LineInfo] 2026-04-21 18:36:40,930 [INFO] ThirdParty:1030 - CMSIS Pack Vendor :Avnet-IOTCONNECT X-CUBE-iotc-st67-sdk 1.0.0
2026-04-21 18:36:40,937 DEBUG [LineInfo_to_exitCode.log_LineInfo] 2026-04-21 18:36:40,930 [INFO] ThirdParty:1030 - CMSIS Pack Vendor :STMicroelectronics X-CUBE-TOF1 3.4.3
2026-04-21 18:36:40,937 DEBUG [LineInfo_to_exitCode.log_LineInfo] 2026-04-21 18:36:40,930 [INFO] ThirdParty:1030 - CMSIS Pack Vendor :Infineon AIROC-Wi-Fi-Bluetooth-STM32 1.8.0
2026-04-21 18:36:40,938 DEBUG [LineInfo_to_exitCode.log_LineInfo] 2026-04-21 18:36:40,931 [INFO] ThirdParty:1030 - CMSIS Pack Vendor :STMicroelectronics PDM2PCM 3.2.0
2026-04-21 18:36:40,938 DEBUG [LineInfo_to_exitCode.log_LineInfo] 2026-04-21 18:36:40,931 [INFO] ThirdParty:1030 - CMSIS Pack Vendor :STMicroelectronics X-CUBE-WB05N 2.1.0
2026-04-21 18:36:40,938 DEBUG [LineInfo_to_exitCode.log_LineInfo] 2026-04-21 18:36:40,931 [INFO] ThirdParty:1030 - CMSIS Pack Vendor :STMicroelectronics X-CUBE-ST67W61 1.2.0
2026-04-21 18:36:40,940 DEBUG [LineInfo_to_exitCode.log_LineInfo] 2026-04-21 18:36:40,939 [INFO] ThirdParty:841 - exiting critical section [change project]
2026-04-21 18:36:44,203 DEBUG [LineInfo_to_exitCode.log_LineInfo] 2026-04-21 18:36:44,199 [INFO] PinOutPanel:1590 - setPackage(No Configuration,No Configuration)
2026-04-21 18:36:44,217 DEBUG [LineInfo_to_exitCode.log_LineInfo] 2026-04-21 18:36:44,217 [INFO] PinOutPanel:1590 - setPackage(STM32G431VBTx,LQFP100)
2026-04-21 18:36:47,339 DEBUG [LineInfo_to_exitCode.log_LineInfo] 2026-04-21 18:36:47,327 [INFO] UtilMem:75 - Before build in PCC Used Memory: 217756896 Bytes (376438784)
2026-04-21 18:36:51,178 DEBUG [LineInfo_to_exitCode.log_LineInfo] 2026-04-21 18:36:51,176 [INFO] UtilMem:75 - After build in PCC Used Memory: 318944480 Bytes (376438784)
2026-04-21 18:36:51,612 DEBUG [LineInfo_to_exitCode.log_LineInfo] 2026-04-21 18:36:51,610 [INFO] ApiDbMcu:532 - Load IP Config File for MotorControl
2026-04-21 18:36:52,219 DEBUG [LineInfo_to_exitCode.log_LineInfo] 2026-04-21 18:36:52,209 [INFO] IPUIPlugin:80 - create IPUIPlugin
2026-04-21 18:36:52,222 DEBUG [LineInfo_to_exitCode.log_LineInfo] 2026-04-21 18:36:52,222 [INFO] IPUIPlugin:80 - create IPUIPlugin
2026-04-21 18:36:52,226 DEBUG [LineInfo_to_exitCode.log_LineInfo] 2026-04-21 18:36:52,226 [INFO] IPUIPlugin:80 - create IPUIPlugin
2026-04-21 18:36:52,226 DEBUG [LineInfo_to_exitCode.log_LineInfo] 2026-04-21 18:36:52,226 [INFO] IPUIPlugin:80 - create IPUIPlugin
2026-04-21 18:36:52,227 DEBUG [LineInfo_to_exitCode.log_LineInfo] 2026-04-21 18:36:52,226 [INFO] IPUIPlugin:80 - create IPUIPlugin
2026-04-21 18:36:52,227 DEBUG [LineInfo_to_exitCode.log_LineInfo] 2026-04-21 18:36:52,226 [INFO] IPUIPlugin:80 - create IPUIPlugin
2026-04-21 18:36:52,232 DEBUG [LineInfo_to_exitCode.log_LineInfo] 2026-04-21 18:36:52,230 [INFO] IPUIPlugin:80 - create IPUIPlugin
2026-04-21 18:36:52,233 DEBUG [LineInfo_to_exitCode.log_LineInfo] 2026-04-21 18:36:52,233 [INFO] IPUIPlugin:80 - create IPUIPlugin
2026-04-21 18:36:52,239 DEBUG [LineInfo_to_exitCode.log_LineInfo] 2026-04-21 18:36:52,239 [INFO] IPUIPlugin:80 - create IPUIPlugin
2026-04-21 18:36:52,240 DEBUG [LineInfo_to_exitCode.log_LineInfo] 2026-04-21 18:36:52,240 [INFO] IPUIPlugin:80 - create IPUIPlugin
2026-04-21 18:36:52,241 DEBUG [LineInfo_to_exitCode.log_LineInfo] 2026-04-21 18:36:52,240 [INFO] IPUIPlugin:80 - create IPUIPlugin
2026-04-21 18:36:52,241 DEBUG [LineInfo_to_exitCode.log_LineInfo] 2026-04-21 18:36:52,241 [INFO] IPUIPlugin:80 - create IPUIPlugin
2026-04-21 18:36:52,242 DEBUG [LineInfo_to_exitCode.log_LineInfo] 2026-04-21 18:36:52,242 [INFO] IPUIPlugin:80 - create IPUIPlugin
2026-04-21 18:36:52,243 DEBUG [LineInfo_to_exitCode.log_LineInfo] 2026-04-21 18:36:52,243 [INFO] IPUIPlugin:80 - create IPUIPlugin
2026-04-21 18:36:52,244 DEBUG [LineInfo_to_exitCode.log_LineInfo] 2026-04-21 18:36:52,243 [INFO] IPUIPlugin:80 - create IPUIPlugin
2026-04-21 18:36:52,245 DEBUG [LineInfo_to_exitCode.log_LineInfo] 2026-04-21 18:36:52,245 [INFO] IPUIPlugin:80 - create IPUIPlugin
2026-04-21 18:36:52,246 DEBUG [LineInfo_to_exitCode.log_LineInfo] 2026-04-21 18:36:52,246 [INFO] IPUIPlugin:80 - create IPUIPlugin
2026-04-21 18:36:52,248 DEBUG [LineInfo_to_exitCode.log_LineInfo] 2026-04-21 18:36:52,248 [INFO] IPUIPlugin:80 - create IPUIPlugin
2026-04-21 18:36:52,248 DEBUG [LineInfo_to_exitCode.log_LineInfo] 2026-04-21 18:36:52,248 [INFO] IPUIPlugin:80 - create IPUIPlugin
2026-04-21 18:36:52,249 DEBUG [LineInfo_to_exitCode.log_LineInfo] 2026-04-21 18:36:52,248 [INFO] IPUIPlugin:80 - create IPUIPlugin
2026-04-21 18:36:52,249 DEBUG [LineInfo_to_exitCode.log_LineInfo] 2026-04-21 18:36:52,249 [INFO] IPUIPlugin:80 - create IPUIPlugin
2026-04-21 18:36:52,249 DEBUG [LineInfo_to_exitCode.log_LineInfo] 2026-04-21 18:36:52,249 [INFO] IPUIPlugin:80 - create IPUIPlugin
2026-04-21 18:36:52,250 DEBUG [LineInfo_to_exitCode.log_LineInfo] 2026-04-21 18:36:52,250 [INFO] IPUIPlugin:80 - create IPUIPlugin
2026-04-21 18:36:52,250 DEBUG [LineInfo_to_exitCode.log_LineInfo] 2026-04-21 18:36:52,250 [INFO] IPUIPlugin:80 - create IPUIPlugin
2026-04-21 18:36:52,251 DEBUG [LineInfo_to_exitCode.log_LineInfo] 2026-04-21 18:36:52,251 [INFO] IPUIPlugin:80 - create IPUIPlugin
2026-04-21 18:36:52,252 DEBUG [LineInfo_to_exitCode.log_LineInfo] 2026-04-21 18:36:52,251 [INFO] IPUIPlugin:80 - create IPUIPlugin
2026-04-21 18:36:52,254 DEBUG [LineInfo_to_exitCode.log_LineInfo] 2026-04-21 18:36:52,254 [INFO] IPUIPlugin:80 - create IPUIPlugin
2026-04-21 18:36:52,254 DEBUG [LineInfo_to_exitCode.log_LineInfo] 2026-04-21 18:36:52,254 [INFO] IPUIPlugin:80 - create IPUIPlugin
2026-04-21 18:36:52,254 DEBUG [LineInfo_to_exitCode.log_LineInfo] 2026-04-21 18:36:52,254 [INFO] IPUIPlugin:80 - create IPUIPlugin
2026-04-21 18:36:52,254 DEBUG [LineInfo_to_exitCode.log_LineInfo] 2026-04-21 18:36:52,254 [INFO] IPUIPlugin:80 - create IPUIPlugin
2026-04-21 18:36:52,254 DEBUG [LineInfo_to_exitCode.log_LineInfo] 2026-04-21 18:36:52,254 [INFO] IPUIPlugin:80 - create IPUIPlugin
2026-04-21 18:36:52,254 DEBUG [LineInfo_to_exitCode.log_LineInfo] 2026-04-21 18:36:52,254 [INFO] IPUIPlugin:80 - create IPUIPlugin
2026-04-21 18:36:52,254 DEBUG [LineInfo_to_exitCode.log_LineInfo] 2026-04-21 18:36:52,254 [INFO] IPUIPlugin:80 - create IPUIPlugin
2026-04-21 18:36:52,254 DEBUG [LineInfo_to_exitCode.log_LineInfo] 2026-04-21 18:36:52,254 [INFO] IPUIPlugin:80 - create IPUIPlugin
2026-04-21 18:36:52,254 DEBUG [LineInfo_to_exitCode.log_LineInfo] 2026-04-21 18:36:52,254 [INFO] IPUIPlugin:80 - create IPUIPlugin
2026-04-21 18:36:52,258 DEBUG [LineInfo_to_exitCode.log_LineInfo] 2026-04-21 18:36:52,258 [INFO] IPUIPlugin:80 - create IPUIPlugin
2026-04-21 18:36:52,258 DEBUG [LineInfo_to_exitCode.log_LineInfo] 2026-04-21 18:36:52,258 [INFO] IPUIPlugin:80 - create IPUIPlugin
2026-04-21 18:36:52,260 DEBUG [LineInfo_to_exitCode.log_LineInfo] 2026-04-21 18:36:52,260 [INFO] IPUIPlugin:80 - create IPUIPlugin
2026-04-21 18:36:52,260 DEBUG [LineInfo_to_exitCode.log_LineInfo] 2026-04-21 18:36:52,260 [INFO] IPUIPlugin:80 - create IPUIPlugin
2026-04-21 18:36:52,260 DEBUG [LineInfo_to_exitCode.log_LineInfo] 2026-04-21 18:36:52,260 [INFO] IPUIPlugin:80 - create IPUIPlugin
2026-04-21 18:36:52,260 DEBUG [LineInfo_to_exitCode.log_LineInfo] 2026-04-21 18:36:52,260 [INFO] IPUIPlugin:80 - create IPUIPlugin
2026-04-21 18:36:52,260 DEBUG [LineInfo_to_exitCode.log_LineInfo] 2026-04-21 18:36:52,260 [INFO] IPUIPlugin:80 - create IPUIPlugin
2026-04-21 18:36:52,262 DEBUG [LineInfo_to_exitCode.log_LineInfo] 2026-04-21 18:36:52,260 [INFO] IPUIPlugin:80 - create IPUIPlugin
2026-04-21 18:36:52,262 DEBUG [LineInfo_to_exitCode.log_LineInfo] 2026-04-21 18:36:52,262 [INFO] IPUIPlugin:80 - create IPUIPlugin
2026-04-21 18:36:52,262 DEBUG [LineInfo_to_exitCode.log_LineInfo] 2026-04-21 18:36:52,262 [INFO] IPUIPlugin:80 - create IPUIPlugin
2026-04-21 18:36:52,262 DEBUG [LineInfo_to_exitCode.log_LineInfo] 2026-04-21 18:36:52,262 [INFO] IPUIPlugin:80 - create IPUIPlugin
2026-04-21 18:36:52,262 DEBUG [LineInfo_to_exitCode.log_LineInfo] 2026-04-21 18:36:52,262 [INFO] IPUIPlugin:80 - create IPUIPlugin
2026-04-21 18:36:52,262 DEBUG [LineInfo_to_exitCode.log_LineInfo] 2026-04-21 18:36:52,262 [INFO] IPUIPlugin:80 - create IPUIPlugin
2026-04-21 18:36:52,262 DEBUG [LineInfo_to_exitCode.log_LineInfo] 2026-04-21 18:36:52,262 [INFO] IPUIPlugin:80 - create IPUIPlugin
2026-04-21 18:36:52,262 DEBUG [LineInfo_to_exitCode.log_LineInfo] 2026-04-21 18:36:52,262 [INFO] IPUIPlugin:80 - create IPUIPlugin
2026-04-21 18:36:52,262 DEBUG [LineInfo_to_exitCode.log_LineInfo] 2026-04-21 18:36:52,262 [INFO] IPUIPlugin:80 - create IPUIPlugin
2026-04-21 18:36:52,267 DEBUG [LineInfo_to_exitCode.log_LineInfo] 2026-04-21 18:36:52,267 [INFO] IPUIPlugin:80 - create IPUIPlugin
2026-04-21 18:36:52,268 DEBUG [LineInfo_to_exitCode.log_LineInfo] 2026-04-21 18:36:52,268 [INFO] IPUIPlugin:80 - create IPUIPlugin
2026-04-21 18:36:52,272 DEBUG [LineInfo_to_exitCode.log_LineInfo] 2026-04-21 18:36:52,272 [INFO] IPUIPlugin:80 - create IPUIPlugin
2026-04-21 18:36:52,273 DEBUG [LineInfo_to_exitCode.log_LineInfo] 2026-04-21 18:36:52,272 [INFO] IPUIPlugin:80 - create IPUIPlugin
2026-04-21 18:36:52,273 DEBUG [LineInfo_to_exitCode.log_LineInfo] 2026-04-21 18:36:52,273 [INFO] IPUIPlugin:80 - create IPUIPlugin
2026-04-21 18:36:52,274 DEBUG [LineInfo_to_exitCode.log_LineInfo] 2026-04-21 18:36:52,274 [INFO] IPUIPlugin:80 - create IPUIPlugin
2026-04-21 18:36:52,275 DEBUG [LineInfo_to_exitCode.log_LineInfo] 2026-04-21 18:36:52,275 [INFO] IPUIPlugin:80 - create IPUIPlugin
2026-04-21 18:36:52,278 DEBUG [LineInfo_to_exitCode.log_LineInfo] 2026-04-21 18:36:52,276 [INFO] IPUIPlugin:80 - create IPUIPlugin
2026-04-21 18:36:53,713 DEBUG [LineInfo_to_exitCode.log_LineInfo] 2026-04-21 18:36:53,708 [INFO] ProjectChoiceTab:3899 - New firmware version: STM32Cube FW_G4 V1.6.2 Old firmware version: null
2026-04-21 18:36:53,714 DEBUG [LineInfo_to_exitCode.log_LineInfo] 2026-04-21 18:36:53,713 [INFO] ProjectChoiceTab:3909 - H7FWmigrated= false
2026-04-21 18:36:53,789 DEBUG [LineInfo_to_exitCode.log_LineInfo] 2026-04-21 18:36:53,788 [INFO] CADModel:165 - CPN selected for project levelSTM32G431VBT3
2026-04-21 18:36:53,790 DEBUG [LineInfo_to_exitCode.log_LineInfo] 2026-04-21 18:36:53,789 [INFO] CADModel:114 - Register for checkConnection events
2026-04-21 18:36:57,321 DEBUG [LineInfo_to_exitCode.log_LineInfo] 2026-04-21 18:36:57,312 [INFO] OpenFileManager:386 - Restore cursor
2026-04-21 18:36:58,213 DEBUG [LineInfo_to_exitCode.log_LineInfo] 2026-04-21 18:36:58,210 [INFO] ProjectChoiceTab:3899 - New firmware version: STM32Cube FW_G4 V1.6.2 Old firmware version: STM32Cube FW_G4 V1.6.2
2026-04-21 18:37:14,023 DEBUG [LineInfo_to_exitCode.log_LineInfo] 2026-04-21 18:37:14,009 [INFO] AnalyticsPlugin:368 - Accepted License(s): [FW.G4.1.6.0]
2026-04-21 18:37:14,032 DEBUG [LineInfo_to_exitCode.log_LineInfo] 2026-04-21 18:37:14,031 [INFO] FileExtend:248 - Unzip File : stm32cube_fw_g4_v160.zip
2026-04-21 18:37:14,037 DEBUG [LineInfo_to_exitCode.log_LineInfo] 2026-04-21 18:37:14,035 [INFO] FileExtend:263 - Standard Zip Deflate
2026-04-21 18:37:34,007 DEBUG [LineInfo_to_exitCode.log_LineInfo] 2026-04-21 18:37:33,990 [INFO] ServerAccessManage:452 - Complete download http(s) 200
2026-04-21 18:37:34,058 DEBUG [LineInfo_to_exitCode.log_LineInfo] 2026-04-21 18:37:34,056 [INFO] ServerAccessManage:509 - Download File stm32cube_fw_g4_v162.zip
2026-04-21 18:37:41,476 DEBUG [LineInfo_to_exitCode.log_LineInfo] 2026-04-21 18:37:41,472 [INFO] FileExtend:248 - Unzip File : stm32cube_fw_g4_v162.zip
2026-04-21 18:37:41,484 DEBUG [LineInfo_to_exitCode.log_LineInfo] 2026-04-21 18:37:41,483 [INFO] FileExtend:263 - Standard Zip Deflate
2026-04-21 18:37:53,039 DEBUG [LineInfo_to_exitCode.log_LineInfo] 2026-04-21 18:37:53,008 [INFO] LoadServerPackagesThread:197 - End of LoadServerPackages Thread
2026-04-21 18:37:53,576 DEBUG [LineInfo_to_exitCode.log_LineInfo] 2026-04-21 18:37:53,563 [INFO] ThirdPartyModel:298 - Start build external matchings
2026-04-21 18:37:53,954 DEBUG [LineInfo_to_exitCode.log_LineInfo] 2026-04-21 18:37:53,954 [INFO] UtilMem:75 - End SaveConfig() Used Memory: 299634608 Bytes (973078528)
2026-04-21 18:37:54,152 DEBUG [LineInfo_to_exitCode.log_LineInfo] 2026-04-21 18:37:54,151 [INFO] ProjectChoiceTab:3899 - New firmware version: STM32Cube FW_G4 V1.6.2 Old firmware version: STM32Cube FW_G4 V1.6.2
2026-04-21 18:37:54,527 DEBUG [LineInfo_to_exitCode.log_LineInfo] 2026-04-21 18:37:54,527 [INFO] ThirdPartyModel:316 - End build external matchings
2026-04-21 18:37:54,596 DEBUG [LineInfo_to_exitCode.log_LineInfo] 2026-04-21 18:37:54,595 [INFO] CheckServerUpdateThread:120 - End of CheckServer Thread
2026-04-21 18:37:55,121 DEBUG [LineInfo_to_exitCode.log_LineInfo] 2026-04-21 18:37:55,120 [INFO] IPsOverviews:2785 - set Specific Code input for plugin: MotorControl
2026-04-21 18:37:55,121 DEBUG [LineInfo_to_exitCode.log_LineInfo] 2026-04-21 18:37:55,121 [INFO] IPsOverviews:2785 - set Specific Code input for plugin: DAC
2026-04-21 18:37:55,122 DEBUG [LineInfo_to_exitCode.log_LineInfo] 2026-04-21 18:37:55,121 [INFO] IPsOverviews:2785 - set Specific Code input for plugin: TIM1_8G4
2026-04-21 18:37:55,122 DEBUG [LineInfo_to_exitCode.log_LineInfo] 2026-04-21 18:37:55,121 [INFO] IPsOverviews:2785 - set Specific Code input for plugin: TIM1_8G4
2026-04-21 18:37:55,122 DEBUG [LineInfo_to_exitCode.log_LineInfo] 2026-04-21 18:37:55,121 [INFO] IPsOverviews:2785 - set Specific Code input for plugin: OPAMP
2026-04-21 18:37:55,122 DEBUG [LineInfo_to_exitCode.log_LineInfo] 2026-04-21 18:37:55,122 [INFO] IPsOverviews:2785 - set Specific Code input for plugin: ADC
2026-04-21 18:37:55,122 DEBUG [LineInfo_to_exitCode.log_LineInfo] 2026-04-21 18:37:55,122 [INFO] IPsOverviews:2785 - set Specific Code input for plugin: SYS
2026-04-21 18:37:55,124 DEBUG [LineInfo_to_exitCode.log_LineInfo] 2026-04-21 18:37:55,124 [INFO] IPsOverviews:2785 - set Specific Code input for plugin: ADC
2026-04-21 18:37:55,125 DEBUG [LineInfo_to_exitCode.log_LineInfo] 2026-04-21 18:37:55,124 [INFO] IPsOverviews:2785 - set Specific Code input for plugin: RCC
2026-04-21 18:37:55,125 DEBUG [LineInfo_to_exitCode.log_LineInfo] 2026-04-21 18:37:55,125 [INFO] IPsOverviews:2785 - set Specific Code input for plugin: I2C
2026-04-21 18:37:55,125 DEBUG [LineInfo_to_exitCode.log_LineInfo] 2026-04-21 18:37:55,125 [INFO] IPsOverviews:2785 - set Specific Code input for plugin: OPAMP
2026-04-21 18:37:55,125 DEBUG [LineInfo_to_exitCode.log_LineInfo] 2026-04-21 18:37:55,125 [INFO] IPsOverviews:2785 - set Specific Code input for plugin: OPAMP
2026-04-21 18:37:55,126 DEBUG [LineInfo_to_exitCode.log_LineInfo] 2026-04-21 18:37:55,125 [INFO] IPsOverviews:2785 - set Specific Code input for plugin: NVIC
2026-04-21 18:37:55,126 DEBUG [LineInfo_to_exitCode.log_LineInfo] 2026-04-21 18:37:55,126 [INFO] IPsOverviews:2785 - set Specific Code input for plugin: COMP
2026-04-21 18:37:55,126 DEBUG [LineInfo_to_exitCode.log_LineInfo] 2026-04-21 18:37:55,126 [INFO] IPsOverviews:2785 - set Specific Code input for plugin: USART
2026-04-21 18:37:55,126 DEBUG [LineInfo_to_exitCode.log_LineInfo] 2026-04-21 18:37:55,126 [INFO] IPsOverviews:2785 - set Specific Code input for plugin: COMP
2026-04-21 18:37:55,127 DEBUG [LineInfo_to_exitCode.log_LineInfo] 2026-04-21 18:37:55,126 [INFO] IPsOverviews:2785 - set Specific Code input for plugin: COMP
2026-04-21 18:37:55,127 DEBUG [LineInfo_to_exitCode.log_LineInfo] 2026-04-21 18:37:55,126 [INFO] IPsOverviews:2785 - set Specific Code input for plugin: DMA
2026-04-21 18:37:55,127 DEBUG [LineInfo_to_exitCode.log_LineInfo] 2026-04-21 18:37:55,127 [INFO] IPsOverviews:2785 - set Specific Code input for plugin: CORDIC
2026-04-21 18:37:55,129 DEBUG [LineInfo_to_exitCode.log_LineInfo] 2026-04-21 18:37:55,129 [INFO] IPsOverviews:2785 - set Specific Code input for plugin: GPIO
2026-04-21 18:37:55,151 DEBUG [LineInfo_to_exitCode.log_LineInfo] 2026-04-21 18:37:55,151 [INFO] CodeGenerator:896 - code generatio: config db path: C:\Users\vexas\AppData\Local\Programs\STM32CubeMX\\db\
2026-04-21 18:37:56,222 DEBUG [LineInfo_to_exitCode.log_LineInfo] 2026-04-21 18:37:56,221 [INFO] CodeEngine:267 - oldGeneratedFile, C:\Users\vexas\.st_workbench\projects\BrushlessMoCo_2026Rev1\MXTmpFiles\license.tmp_save
2026-04-21 18:37:57,617 DEBUG [LineInfo_to_exitCode.log_LineInfo] 2026-04-21 18:37:57,614 [INFO] CodeEngine:291 - Generated code: C:\Users\vexas\.st_workbench\projects\BrushlessMoCo_2026Rev1\MXTmpFiles\license.tmp
2026-04-21 18:37:58,381 DEBUG [LineInfo_to_exitCode.log_LineInfo] 2026-04-21 18:37:58,374 [INFO] CodeEngine:267 - oldGeneratedFile, C:\Users\vexas\.st_workbench\projects\BrushlessMoCo_2026Rev1\MXTmpFiles\gpio.tmp_save
2026-04-21 18:37:59,276 DEBUG [LineInfo_to_exitCode.log_LineInfo] 2026-04-21 18:37:59,275 [INFO] CodeEngine:291 - Generated code: C:\Users\vexas\.st_workbench\projects\BrushlessMoCo_2026Rev1\MXTmpFiles\gpio.tmp
2026-04-21 18:38:04,436 DEBUG [LineInfo_to_exitCode.log_LineInfo] 2026-04-21 18:38:04,434 [INFO] Middleware:1452 - No code input for Bsp Dependency
2026-04-21 18:38:04,763 DEBUG [LineInfo_to_exitCode.log_LineInfo] 2026-04-21 18:38:04,762 [INFO] CodeEngine:267 - oldGeneratedFile, C:\Users\vexas\.st_workbench\projects\BrushlessMoCo_2026Rev1\MXTmpFiles\dma.tmp_save
2026-04-21 18:38:05,362 DEBUG [LineInfo_to_exitCode.log_LineInfo] 2026-04-21 18:38:05,361 [INFO] CodeEngine:291 - Generated code: C:\Users\vexas\.st_workbench\projects\BrushlessMoCo_2026Rev1\MXTmpFiles\dma.tmp
2026-04-21 18:38:05,379 DEBUG [LineInfo_to_exitCode.log_LineInfo] 2026-04-21 18:38:05,378 [INFO] CodeEngine:267 - oldGeneratedFile, C:\Users\vexas\.st_workbench\projects\BrushlessMoCo_2026Rev1\MXTmpFiles\dma_GV.tmp_save
2026-04-21 18:38:05,544 DEBUG [LineInfo_to_exitCode.log_LineInfo] 2026-04-21 18:38:05,544 [INFO] CodeEngine:291 - Generated code: C:\Users\vexas\.st_workbench\projects\BrushlessMoCo_2026Rev1\MXTmpFiles\dma_GV.tmp
2026-04-21 18:38:05,891 DEBUG [LineInfo_to_exitCode.log_LineInfo] 2026-04-21 18:38:05,891 [INFO] Middleware:1452 - No code input for Bsp Dependency
2026-04-21 18:38:05,996 DEBUG [LineInfo_to_exitCode.log_LineInfo] 2026-04-21 18:38:05,996 [INFO] CodeEngine:267 - oldGeneratedFile, C:\Users\vexas\.st_workbench\projects\BrushlessMoCo_2026Rev1\Src\motorcontrol.c_save
2026-04-21 18:38:06,463 INFO  [LineInfo_to_exitCode.log_LineInfo] Generated code: C:\Users\vexas\.st_workbench\projects\BrushlessMoCo_2026Rev1\Src\motorcontrol.c
2026-04-21 18:38:06,490 DEBUG [LineInfo_to_exitCode.log_LineInfo] 2026-04-21 18:38:06,489 [INFO] CodeEngine:267 - oldGeneratedFile, C:\Users\vexas\.st_workbench\projects\BrushlessMoCo_2026Rev1\Inc\motorcontrol.h_save
2026-04-21 18:38:06,668 INFO  [LineInfo_to_exitCode.log_LineInfo] Generated code: C:\Users\vexas\.st_workbench\projects\BrushlessMoCo_2026Rev1\Inc\motorcontrol.h
2026-04-21 18:38:06,706 DEBUG [LineInfo_to_exitCode.log_LineInfo] 2026-04-21 18:38:06,706 [INFO] CodeEngine:267 - oldGeneratedFile, C:\Users\vexas\.st_workbench\projects\BrushlessMoCo_2026Rev1\Inc\drive_parameters.h_save
2026-04-21 18:38:07,156 INFO  [LineInfo_to_exitCode.log_LineInfo] Generated code: C:\Users\vexas\.st_workbench\projects\BrushlessMoCo_2026Rev1\Inc\drive_parameters.h
2026-04-21 18:38:07,189 DEBUG [LineInfo_to_exitCode.log_LineInfo] 2026-04-21 18:38:07,189 [INFO] CodeEngine:267 - oldGeneratedFile, C:\Users\vexas\.st_workbench\projects\BrushlessMoCo_2026Rev1\Inc\mc_type.h_save
2026-04-21 18:38:07,464 INFO  [LineInfo_to_exitCode.log_LineInfo] Generated code: C:\Users\vexas\.st_workbench\projects\BrushlessMoCo_2026Rev1\Inc\mc_type.h
2026-04-21 18:38:07,517 DEBUG [LineInfo_to_exitCode.log_LineInfo] 2026-04-21 18:38:07,516 [INFO] CodeEngine:267 - oldGeneratedFile, C:\Users\vexas\.st_workbench\projects\BrushlessMoCo_2026Rev1\Src\speed_torq_ctrl.c_save
2026-04-21 18:38:07,728 INFO  [LineInfo_to_exitCode.log_LineInfo] Generated code: C:\Users\vexas\.st_workbench\projects\BrushlessMoCo_2026Rev1\Src\speed_torq_ctrl.c
2026-04-21 18:38:07,798 DEBUG [LineInfo_to_exitCode.log_LineInfo] 2026-04-21 18:38:07,797 [INFO] CodeEngine:267 - oldGeneratedFile, C:\Users\vexas\.st_workbench\projects\BrushlessMoCo_2026Rev1\Inc\speed_torq_ctrl.h_save
2026-04-21 18:38:07,963 INFO  [LineInfo_to_exitCode.log_LineInfo] Generated code: C:\Users\vexas\.st_workbench\projects\BrushlessMoCo_2026Rev1\Inc\speed_torq_ctrl.h
2026-04-21 18:38:07,992 DEBUG [LineInfo_to_exitCode.log_LineInfo] 2026-04-21 18:38:07,991 [INFO] CodeEngine:267 - oldGeneratedFile, C:\Users\vexas\.st_workbench\projects\BrushlessMoCo_2026Rev1\Inc\mc_tasks.h_save
2026-04-21 18:38:08,194 INFO  [LineInfo_to_exitCode.log_LineInfo] Generated code: C:\Users\vexas\.st_workbench\projects\BrushlessMoCo_2026Rev1\Inc\mc_tasks.h
2026-04-21 18:38:08,216 DEBUG [LineInfo_to_exitCode.log_LineInfo] 2026-04-21 18:38:08,216 [INFO] CodeEngine:267 - oldGeneratedFile, C:\Users\vexas\.st_workbench\projects\BrushlessMoCo_2026Rev1\Src\pwm_common.c_save
2026-04-21 18:38:08,390 INFO  [LineInfo_to_exitCode.log_LineInfo] Generated code: C:\Users\vexas\.st_workbench\projects\BrushlessMoCo_2026Rev1\Src\pwm_common.c
2026-04-21 18:38:08,408 DEBUG [LineInfo_to_exitCode.log_LineInfo] 2026-04-21 18:38:08,408 [INFO] CodeEngine:267 - oldGeneratedFile, C:\Users\vexas\.st_workbench\projects\BrushlessMoCo_2026Rev1\Inc\pwm_common.h_save
2026-04-21 18:38:08,566 INFO  [LineInfo_to_exitCode.log_LineInfo] Generated code: C:\Users\vexas\.st_workbench\projects\BrushlessMoCo_2026Rev1\Inc\pwm_common.h
2026-04-21 18:38:08,590 DEBUG [LineInfo_to_exitCode.log_LineInfo] 2026-04-21 18:38:08,589 [INFO] CodeEngine:267 - oldGeneratedFile, C:\Users\vexas\.st_workbench\projects\BrushlessMoCo_2026Rev1\Src\mc_api.c_save
2026-04-21 18:38:08,805 INFO  [LineInfo_to_exitCode.log_LineInfo] Generated code: C:\Users\vexas\.st_workbench\projects\BrushlessMoCo_2026Rev1\Src\mc_api.c
2026-04-21 18:38:08,833 DEBUG [LineInfo_to_exitCode.log_LineInfo] 2026-04-21 18:38:08,833 [INFO] CodeEngine:267 - oldGeneratedFile, C:\Users\vexas\.st_workbench\projects\BrushlessMoCo_2026Rev1\Inc\mc_api.h_save
2026-04-21 18:38:08,991 INFO  [LineInfo_to_exitCode.log_LineInfo] Generated code: C:\Users\vexas\.st_workbench\projects\BrushlessMoCo_2026Rev1\Inc\mc_api.h
2026-04-21 18:38:09,008 DEBUG [LineInfo_to_exitCode.log_LineInfo] 2026-04-21 18:38:09,007 [INFO] CodeEngine:267 - oldGeneratedFile, C:\Users\vexas\.st_workbench\projects\BrushlessMoCo_2026Rev1\Src\mc_config.c_save
2026-04-21 18:38:09,271 INFO  [LineInfo_to_exitCode.log_LineInfo] Generated code: C:\Users\vexas\.st_workbench\projects\BrushlessMoCo_2026Rev1\Src\mc_config.c
2026-04-21 18:38:09,306 DEBUG [LineInfo_to_exitCode.log_LineInfo] 2026-04-21 18:38:09,305 [INFO] CodeEngine:267 - oldGeneratedFile, C:\Users\vexas\.st_workbench\projects\BrushlessMoCo_2026Rev1\Src\mc_config_common.c_save
2026-04-21 18:38:09,471 INFO  [LineInfo_to_exitCode.log_LineInfo] Generated code: C:\Users\vexas\.st_workbench\projects\BrushlessMoCo_2026Rev1\Src\mc_config_common.c
2026-04-21 18:38:09,489 DEBUG [LineInfo_to_exitCode.log_LineInfo] 2026-04-21 18:38:09,489 [INFO] CodeEngine:267 - oldGeneratedFile, C:\Users\vexas\.st_workbench\projects\BrushlessMoCo_2026Rev1\Inc\mc_config.h_save
2026-04-21 18:38:09,620 INFO  [LineInfo_to_exitCode.log_LineInfo] Generated code: C:\Users\vexas\.st_workbench\projects\BrushlessMoCo_2026Rev1\Inc\mc_config.h
2026-04-21 18:38:09,633 DEBUG [LineInfo_to_exitCode.log_LineInfo] 2026-04-21 18:38:09,633 [INFO] CodeEngine:267 - oldGeneratedFile, C:\Users\vexas\.st_workbench\projects\BrushlessMoCo_2026Rev1\Inc\mc_config_common.h_save
2026-04-21 18:38:09,759 INFO  [LineInfo_to_exitCode.log_LineInfo] Generated code: C:\Users\vexas\.st_workbench\projects\BrushlessMoCo_2026Rev1\Inc\mc_config_common.h
2026-04-21 18:38:09,793 DEBUG [LineInfo_to_exitCode.log_LineInfo] 2026-04-21 18:38:09,792 [INFO] CodeEngine:267 - oldGeneratedFile, C:\Users\vexas\.st_workbench\projects\BrushlessMoCo_2026Rev1\Inc\mcp_config.h_save
2026-04-21 18:38:09,907 INFO  [LineInfo_to_exitCode.log_LineInfo] Generated code: C:\Users\vexas\.st_workbench\projects\BrushlessMoCo_2026Rev1\Inc\mcp_config.h
2026-04-21 18:38:09,922 DEBUG [LineInfo_to_exitCode.log_LineInfo] 2026-04-21 18:38:09,922 [INFO] CodeEngine:267 - oldGeneratedFile, C:\Users\vexas\.st_workbench\projects\BrushlessMoCo_2026Rev1\Src\mcp_config.c_save
2026-04-21 18:38:10,039 INFO  [LineInfo_to_exitCode.log_LineInfo] Generated code: C:\Users\vexas\.st_workbench\projects\BrushlessMoCo_2026Rev1\Src\mcp_config.c
2026-04-21 18:38:10,063 DEBUG [LineInfo_to_exitCode.log_LineInfo] 2026-04-21 18:38:10,062 [INFO] CodeEngine:267 - oldGeneratedFile, C:\Users\vexas\.st_workbench\projects\BrushlessMoCo_2026Rev1\Inc\mc_stm_types.h_save
2026-04-21 18:38:10,223 INFO  [LineInfo_to_exitCode.log_LineInfo] Generated code: C:\Users\vexas\.st_workbench\projects\BrushlessMoCo_2026Rev1\Inc\mc_stm_types.h
2026-04-21 18:38:10,246 DEBUG [LineInfo_to_exitCode.log_LineInfo] 2026-04-21 18:38:10,245 [INFO] CodeEngine:267 - oldGeneratedFile, C:\Users\vexas\.st_workbench\projects\BrushlessMoCo_2026Rev1\Src\mc_tasks.c_save
2026-04-21 18:38:10,491 INFO  [LineInfo_to_exitCode.log_LineInfo] Generated code: C:\Users\vexas\.st_workbench\projects\BrushlessMoCo_2026Rev1\Src\mc_tasks.c
2026-04-21 18:38:10,513 DEBUG [LineInfo_to_exitCode.log_LineInfo] 2026-04-21 18:38:10,512 [INFO] CodeEngine:267 - oldGeneratedFile, C:\Users\vexas\.st_workbench\projects\BrushlessMoCo_2026Rev1\Src\mc_tasks_foc.c_save
2026-04-21 18:38:10,756 INFO  [LineInfo_to_exitCode.log_LineInfo] Generated code: C:\Users\vexas\.st_workbench\projects\BrushlessMoCo_2026Rev1\Src\mc_tasks_foc.c
2026-04-21 18:38:10,783 DEBUG [LineInfo_to_exitCode.log_LineInfo] 2026-04-21 18:38:10,782 [INFO] CodeEngine:267 - oldGeneratedFile, C:\Users\vexas\.st_workbench\projects\BrushlessMoCo_2026Rev1\Src\pwm_curr_fdbk.c_save
2026-04-21 18:38:10,936 INFO  [LineInfo_to_exitCode.log_LineInfo] Generated code: C:\Users\vexas\.st_workbench\projects\BrushlessMoCo_2026Rev1\Src\pwm_curr_fdbk.c
2026-04-21 18:38:10,965 DEBUG [LineInfo_to_exitCode.log_LineInfo] 2026-04-21 18:38:10,964 [INFO] CodeEngine:267 - oldGeneratedFile, C:\Users\vexas\.st_workbench\projects\BrushlessMoCo_2026Rev1\Inc\pwm_curr_fdbk.h_save
2026-04-21 18:38:11,098 INFO  [LineInfo_to_exitCode.log_LineInfo] Generated code: C:\Users\vexas\.st_workbench\projects\BrushlessMoCo_2026Rev1\Inc\pwm_curr_fdbk.h
2026-04-21 18:38:11,127 DEBUG [LineInfo_to_exitCode.log_LineInfo] 2026-04-21 18:38:11,127 [INFO] CodeEngine:267 - oldGeneratedFile, C:\Users\vexas\.st_workbench\projects\BrushlessMoCo_2026Rev1\Src\regular_conversion_manager.c_save
2026-04-21 18:38:11,266 INFO  [LineInfo_to_exitCode.log_LineInfo] Generated code: C:\Users\vexas\.st_workbench\projects\BrushlessMoCo_2026Rev1\Src\regular_conversion_manager.c
2026-04-21 18:38:11,292 DEBUG [LineInfo_to_exitCode.log_LineInfo] 2026-04-21 18:38:11,291 [INFO] CodeEngine:267 - oldGeneratedFile, C:\Users\vexas\.st_workbench\projects\BrushlessMoCo_2026Rev1\Inc\regular_conversion_manager.h_save
2026-04-21 18:38:11,463 INFO  [LineInfo_to_exitCode.log_LineInfo] Generated code: C:\Users\vexas\.st_workbench\projects\BrushlessMoCo_2026Rev1\Inc\regular_conversion_manager.h
2026-04-21 18:38:11,484 DEBUG [LineInfo_to_exitCode.log_LineInfo] 2026-04-21 18:38:11,483 [INFO] CodeEngine:267 - oldGeneratedFile, C:\Users\vexas\.st_workbench\projects\BrushlessMoCo_2026Rev1\Src\mc_math.c_save
2026-04-21 18:38:11,635 INFO  [LineInfo_to_exitCode.log_LineInfo] Generated code: C:\Users\vexas\.st_workbench\projects\BrushlessMoCo_2026Rev1\Src\mc_math.c
2026-04-21 18:38:11,660 DEBUG [LineInfo_to_exitCode.log_LineInfo] 2026-04-21 18:38:11,660 [INFO] CodeEngine:267 - oldGeneratedFile, C:\Users\vexas\.st_workbench\projects\BrushlessMoCo_2026Rev1\Inc\mc_math.h_save
2026-04-21 18:38:11,814 INFO  [LineInfo_to_exitCode.log_LineInfo] Generated code: C:\Users\vexas\.st_workbench\projects\BrushlessMoCo_2026Rev1\Inc\mc_math.h
2026-04-21 18:38:11,839 DEBUG [LineInfo_to_exitCode.log_LineInfo] 2026-04-21 18:38:11,839 [INFO] CodeEngine:267 - oldGeneratedFile, C:\Users\vexas\.st_workbench\projects\BrushlessMoCo_2026Rev1\Src\mc_interface.c_save
2026-04-21 18:38:12,018 INFO  [LineInfo_to_exitCode.log_LineInfo] Generated code: C:\Users\vexas\.st_workbench\projects\BrushlessMoCo_2026Rev1\Src\mc_interface.c
2026-04-21 18:38:12,045 DEBUG [LineInfo_to_exitCode.log_LineInfo] 2026-04-21 18:38:12,044 [INFO] CodeEngine:267 - oldGeneratedFile, C:\Users\vexas\.st_workbench\projects\BrushlessMoCo_2026Rev1\Inc\mc_interface.h_save
2026-04-21 18:38:12,179 INFO  [LineInfo_to_exitCode.log_LineInfo] Generated code: C:\Users\vexas\.st_workbench\projects\BrushlessMoCo_2026Rev1\Inc\mc_interface.h
2026-04-21 18:38:12,207 DEBUG [LineInfo_to_exitCode.log_LineInfo] 2026-04-21 18:38:12,207 [INFO] CodeEngine:267 - oldGeneratedFile, C:\Users\vexas\.st_workbench\projects\BrushlessMoCo_2026Rev1\Inc\parameters_conversion.h_save
2026-04-21 18:38:12,464 INFO  [LineInfo_to_exitCode.log_LineInfo] Generated code: C:\Users\vexas\.st_workbench\projects\BrushlessMoCo_2026Rev1\Inc\parameters_conversion.h
2026-04-21 18:38:12,489 DEBUG [LineInfo_to_exitCode.log_LineInfo] 2026-04-21 18:38:12,488 [INFO] CodeEngine:267 - oldGeneratedFile, C:\Users\vexas\.st_workbench\projects\BrushlessMoCo_2026Rev1\Inc\parameters_conversion_g4xx.h_save
2026-04-21 18:38:12,681 INFO  [LineInfo_to_exitCode.log_LineInfo] Generated code: C:\Users\vexas\.st_workbench\projects\BrushlessMoCo_2026Rev1\Inc\parameters_conversion_g4xx.h
2026-04-21 18:38:12,695 DEBUG [LineInfo_to_exitCode.log_LineInfo] 2026-04-21 18:38:12,695 [INFO] CodeEngine:267 - oldGeneratedFile, C:\Users\vexas\.st_workbench\projects\BrushlessMoCo_2026Rev1\Inc\pmsm_motor_parameters.h_save
2026-04-21 18:38:12,804 INFO  [LineInfo_to_exitCode.log_LineInfo] Generated code: C:\Users\vexas\.st_workbench\projects\BrushlessMoCo_2026Rev1\Inc\pmsm_motor_parameters.h
2026-04-21 18:38:12,816 DEBUG [LineInfo_to_exitCode.log_LineInfo] 2026-04-21 18:38:12,815 [INFO] CodeEngine:267 - oldGeneratedFile, C:\Users\vexas\.st_workbench\projects\BrushlessMoCo_2026Rev1\Inc\power_stage_parameters.h_save
2026-04-21 18:38:12,942 INFO  [LineInfo_to_exitCode.log_LineInfo] Generated code: C:\Users\vexas\.st_workbench\projects\BrushlessMoCo_2026Rev1\Inc\power_stage_parameters.h
2026-04-21 18:38:12,958 DEBUG [LineInfo_to_exitCode.log_LineInfo] 2026-04-21 18:38:12,957 [INFO] CodeEngine:267 - oldGeneratedFile, C:\Users\vexas\.st_workbench\projects\BrushlessMoCo_2026Rev1\Src\stm32_mc_common_it.c_save
2026-04-21 18:38:13,100 INFO  [LineInfo_to_exitCode.log_LineInfo] Generated code: C:\Users\vexas\.st_workbench\projects\BrushlessMoCo_2026Rev1\Src\stm32_mc_common_it.c
2026-04-21 18:38:13,116 DEBUG [LineInfo_to_exitCode.log_LineInfo] 2026-04-21 18:38:13,115 [INFO] CodeEngine:267 - oldGeneratedFile, C:\Users\vexas\.st_workbench\projects\BrushlessMoCo_2026Rev1\Src\stm32g4xx_mc_it.c_save
2026-04-21 18:38:13,243 INFO  [LineInfo_to_exitCode.log_LineInfo] Generated code: C:\Users\vexas\.st_workbench\projects\BrushlessMoCo_2026Rev1\Src\stm32g4xx_mc_it.c
2026-04-21 18:38:13,257 DEBUG [LineInfo_to_exitCode.log_LineInfo] 2026-04-21 18:38:13,257 [INFO] CodeEngine:267 - oldGeneratedFile, C:\Users\vexas\.st_workbench\projects\BrushlessMoCo_2026Rev1\Inc\mc_parameters.h_save
2026-04-21 18:38:13,367 INFO  [LineInfo_to_exitCode.log_LineInfo] Generated code: C:\Users\vexas\.st_workbench\projects\BrushlessMoCo_2026Rev1\Inc\mc_parameters.h
2026-04-21 18:38:13,384 DEBUG [LineInfo_to_exitCode.log_LineInfo] 2026-04-21 18:38:13,383 [INFO] CodeEngine:267 - oldGeneratedFile, C:\Users\vexas\.st_workbench\projects\BrushlessMoCo_2026Rev1\Src\mc_parameters.c_save
2026-04-21 18:38:13,590 INFO  [LineInfo_to_exitCode.log_LineInfo] Generated code: C:\Users\vexas\.st_workbench\projects\BrushlessMoCo_2026Rev1\Src\mc_parameters.c
2026-04-21 18:38:13,600 DEBUG [LineInfo_to_exitCode.log_LineInfo] 2026-04-21 18:38:13,600 [INFO] CodeEngine:267 - oldGeneratedFile, C:\Users\vexas\.st_workbench\projects\BrushlessMoCo_2026Rev1\Src\hf_registers.c_save
2026-04-21 18:38:13,762 INFO  [LineInfo_to_exitCode.log_LineInfo] Generated code: C:\Users\vexas\.st_workbench\projects\BrushlessMoCo_2026Rev1\Src\hf_registers.c
2026-04-21 18:38:13,781 DEBUG [LineInfo_to_exitCode.log_LineInfo] 2026-04-21 18:38:13,780 [INFO] CodeEngine:267 - oldGeneratedFile, C:\Users\vexas\.st_workbench\projects\BrushlessMoCo_2026Rev1\Src\sync_registers.c_save
2026-04-21 18:38:13,977 INFO  [LineInfo_to_exitCode.log_LineInfo] Generated code: C:\Users\vexas\.st_workbench\projects\BrushlessMoCo_2026Rev1\Src\sync_registers.c
2026-04-21 18:38:14,000 DEBUG [LineInfo_to_exitCode.log_LineInfo] 2026-04-21 18:38:14,000 [INFO] CodeEngine:267 - oldGeneratedFile, C:\Users\vexas\.st_workbench\projects\BrushlessMoCo_2026Rev1\Src\mcp.c_save
2026-04-21 18:38:14,116 INFO  [LineInfo_to_exitCode.log_LineInfo] Generated code: C:\Users\vexas\.st_workbench\projects\BrushlessMoCo_2026Rev1\Src\mcp.c
2026-04-21 18:38:14,135 DEBUG [LineInfo_to_exitCode.log_LineInfo] 2026-04-21 18:38:14,134 [INFO] CodeEngine:267 - oldGeneratedFile, C:\Users\vexas\.st_workbench\projects\BrushlessMoCo_2026Rev1\Inc\register_interface.h_save
2026-04-21 18:38:14,251 INFO  [LineInfo_to_exitCode.log_LineInfo] Generated code: C:\Users\vexas\.st_workbench\projects\BrushlessMoCo_2026Rev1\Inc\register_interface.h
2026-04-21 18:38:14,270 DEBUG [LineInfo_to_exitCode.log_LineInfo] 2026-04-21 18:38:14,269 [INFO] CodeEngine:267 - oldGeneratedFile, C:\Users\vexas\.st_workbench\projects\BrushlessMoCo_2026Rev1\Src\usart_aspep_driver.c_save
2026-04-21 18:38:14,363 INFO  [LineInfo_to_exitCode.log_LineInfo] Generated code: C:\Users\vexas\.st_workbench\projects\BrushlessMoCo_2026Rev1\Src\usart_aspep_driver.c
2026-04-21 18:38:14,379 DEBUG [LineInfo_to_exitCode.log_LineInfo] 2026-04-21 18:38:14,379 [INFO] CodeEngine:267 - oldGeneratedFile, C:\Users\vexas\.st_workbench\projects\BrushlessMoCo_2026Rev1\Src\mc_configuration_registers.c_save
2026-04-21 18:38:14,480 INFO  [LineInfo_to_exitCode.log_LineInfo] Generated code: C:\Users\vexas\.st_workbench\projects\BrushlessMoCo_2026Rev1\Src\mc_configuration_registers.c
2026-04-21 18:38:14,493 DEBUG [LineInfo_to_exitCode.log_LineInfo] 2026-04-21 18:38:14,493 [INFO] CodeEngine:267 - oldGeneratedFile, C:\Users\vexas\.st_workbench\projects\BrushlessMoCo_2026Rev1\Inc\mc_configuration_registers.h_save
2026-04-21 18:38:14,609 INFO  [LineInfo_to_exitCode.log_LineInfo] Generated code: C:\Users\vexas\.st_workbench\projects\BrushlessMoCo_2026Rev1\Inc\mc_configuration_registers.h
2026-04-21 18:38:14,623 DEBUG [LineInfo_to_exitCode.log_LineInfo] 2026-04-21 18:38:14,623 [INFO] CodeEngine:267 - oldGeneratedFile, C:\Users\vexas\.st_workbench\projects\BrushlessMoCo_2026Rev1\Inc\aspep.h_save
2026-04-21 18:38:14,721 INFO  [LineInfo_to_exitCode.log_LineInfo] Generated code: C:\Users\vexas\.st_workbench\projects\BrushlessMoCo_2026Rev1\Inc\aspep.h
2026-04-21 18:38:14,732 DEBUG [LineInfo_to_exitCode.log_LineInfo] 2026-04-21 18:38:14,731 [INFO] CodeEngine:267 - oldGeneratedFile, C:\Users\vexas\.st_workbench\projects\BrushlessMoCo_2026Rev1\Src\aspep.c_save
2026-04-21 18:38:14,857 INFO  [LineInfo_to_exitCode.log_LineInfo] Generated code: C:\Users\vexas\.st_workbench\projects\BrushlessMoCo_2026Rev1\Src\aspep.c
2026-04-21 18:38:14,874 DEBUG [LineInfo_to_exitCode.log_LineInfo] 2026-04-21 18:38:14,874 [INFO] CodeEngine:267 - oldGeneratedFile, C:\Users\vexas\.st_workbench\projects\BrushlessMoCo_2026Rev1\Inc\mc_app_hooks.h_save
2026-04-21 18:38:14,962 INFO  [LineInfo_to_exitCode.log_LineInfo] Generated code: C:\Users\vexas\.st_workbench\projects\BrushlessMoCo_2026Rev1\Inc\mc_app_hooks.h
2026-04-21 18:38:14,976 DEBUG [LineInfo_to_exitCode.log_LineInfo] 2026-04-21 18:38:14,976 [INFO] CodeEngine:267 - oldGeneratedFile, C:\Users\vexas\.st_workbench\projects\BrushlessMoCo_2026Rev1\Src\mc_app_hooks.c_save
2026-04-21 18:38:15,070 INFO  [LineInfo_to_exitCode.log_LineInfo] Generated code: C:\Users\vexas\.st_workbench\projects\BrushlessMoCo_2026Rev1\Src\mc_app_hooks.c
2026-04-21 18:38:15,106 DEBUG [LineInfo_to_exitCode.log_LineInfo] 2026-04-21 18:38:15,106 [INFO] CodeEngine:267 - oldGeneratedFile, C:\Users\vexas\.st_workbench\projects\BrushlessMoCo_2026Rev1\Src\stm32g4xx_it.c_save
2026-04-21 18:38:15,340 INFO  [LineInfo_to_exitCode.log_LineInfo] Generated code: C:\Users\vexas\.st_workbench\projects\BrushlessMoCo_2026Rev1\Src\stm32g4xx_it.c
2026-04-21 18:38:15,349 DEBUG [LineInfo_to_exitCode.log_LineInfo] 2026-04-21 18:38:15,349 [INFO] CodeEngine:267 - oldGeneratedFile, C:\Users\vexas\.st_workbench\projects\BrushlessMoCo_2026Rev1\Inc\stm32g4xx_it.h_save
2026-04-21 18:38:15,462 INFO  [LineInfo_to_exitCode.log_LineInfo] Generated code: C:\Users\vexas\.st_workbench\projects\BrushlessMoCo_2026Rev1\Inc\stm32g4xx_it.h
2026-04-21 18:38:15,505 DEBUG [LineInfo_to_exitCode.log_LineInfo] 2026-04-21 18:38:15,504 [INFO] CodeEngine:267 - oldGeneratedFile, C:\Users\vexas\.st_workbench\projects\BrushlessMoCo_2026Rev1\Src\stm32g4xx_hal_msp.c_save
2026-04-21 18:38:15,984 INFO  [LineInfo_to_exitCode.log_LineInfo] Generated code: C:\Users\vexas\.st_workbench\projects\BrushlessMoCo_2026Rev1\Src\stm32g4xx_hal_msp.c
2026-04-21 18:38:16,007 DEBUG [LineInfo_to_exitCode.log_LineInfo] 2026-04-21 18:38:16,007 [INFO] CodeEngine:267 - oldGeneratedFile, C:\Users\vexas\.st_workbench\projects\BrushlessMoCo_2026Rev1\MXTmpFiles\system.tmp_save
2026-04-21 18:38:16,114 DEBUG [LineInfo_to_exitCode.log_LineInfo] 2026-04-21 18:38:16,113 [INFO] CodeEngine:291 - Generated code: C:\Users\vexas\.st_workbench\projects\BrushlessMoCo_2026Rev1\MXTmpFiles\system.tmp
2026-04-21 18:38:16,140 DEBUG [LineInfo_to_exitCode.log_LineInfo] 2026-04-21 18:38:16,140 [INFO] CodeEngine:323 - oldGeneratedFile, C:\Users\vexas\.st_workbench\projects\BrushlessMoCo_2026Rev1\Inc\stm32g4xx_hal_conf.h_save
2026-04-21 18:38:16,287 INFO  [LineInfo_to_exitCode.log_LineInfo] Generated code: C:\Users\vexas\.st_workbench\projects\BrushlessMoCo_2026Rev1\Inc\stm32g4xx_hal_conf.h
2026-04-21 18:38:16,422 DEBUG [LineInfo_to_exitCode.log_LineInfo] 2026-04-21 18:38:16,422 [INFO] ApiDbMcu:532 - Load IP Config File for ADC1
2026-04-21 18:38:16,428 DEBUG [LineInfo_to_exitCode.log_LineInfo] 2026-04-21 18:38:16,428 [INFO] ApiDbMcu:532 - Load IP Config File for ADC2
2026-04-21 18:38:16,432 DEBUG [LineInfo_to_exitCode.log_LineInfo] 2026-04-21 18:38:16,432 [INFO] ApiDbMcu:532 - Load IP Config File for COMP1
2026-04-21 18:38:16,438 DEBUG [LineInfo_to_exitCode.log_LineInfo] 2026-04-21 18:38:16,438 [INFO] ApiDbMcu:532 - Load IP Config File for COMP2
2026-04-21 18:38:16,442 DEBUG [LineInfo_to_exitCode.log_LineInfo] 2026-04-21 18:38:16,441 [INFO] ApiDbMcu:532 - Load IP Config File for COMP4
2026-04-21 18:38:16,447 DEBUG [LineInfo_to_exitCode.log_LineInfo] 2026-04-21 18:38:16,447 [INFO] ApiDbMcu:532 - Load IP Config File for CORDIC
2026-04-21 18:38:16,456 DEBUG [LineInfo_to_exitCode.log_LineInfo] 2026-04-21 18:38:16,455 [INFO] ApiDbMcu:532 - Load IP Config File for DAC3
2026-04-21 18:38:16,463 DEBUG [LineInfo_to_exitCode.log_LineInfo] 2026-04-21 18:38:16,463 [INFO] ApiDbMcu:532 - Load IP Config File for I2C3
2026-04-21 18:38:16,468 DEBUG [LineInfo_to_exitCode.log_LineInfo] 2026-04-21 18:38:16,467 [INFO] ApiDbMcu:532 - Load IP Config File for OPAMP1
2026-04-21 18:38:16,472 DEBUG [LineInfo_to_exitCode.log_LineInfo] 2026-04-21 18:38:16,472 [INFO] ApiDbMcu:532 - Load IP Config File for OPAMP2
2026-04-21 18:38:16,475 DEBUG [LineInfo_to_exitCode.log_LineInfo] 2026-04-21 18:38:16,475 [INFO] ApiDbMcu:532 - Load IP Config File for OPAMP3
2026-04-21 18:38:16,515 DEBUG [LineInfo_to_exitCode.log_LineInfo] 2026-04-21 18:38:16,515 [INFO] ApiDbMcu:532 - Load IP Config File for TIM1
2026-04-21 18:38:16,547 DEBUG [LineInfo_to_exitCode.log_LineInfo] 2026-04-21 18:38:16,547 [INFO] ApiDbMcu:532 - Load IP Config File for TIM4
2026-04-21 18:38:16,564 DEBUG [LineInfo_to_exitCode.log_LineInfo] 2026-04-21 18:38:16,563 [INFO] ApiDbMcu:532 - Load IP Config File for USART1
2026-04-21 18:38:16,579 DEBUG [LineInfo_to_exitCode.log_LineInfo] 2026-04-21 18:38:16,575 [INFO] ApiDbMcu:532 - Load IP Config File for RCC
2026-04-21 18:38:16,614 DEBUG [LineInfo_to_exitCode.log_LineInfo] 2026-04-21 18:38:16,613 [INFO] CodeEngine:267 - oldGeneratedFile, C:\Users\vexas\.st_workbench\projects\BrushlessMoCo_2026Rev1\Inc\main.h_save
2026-04-21 18:38:16,846 INFO  [LineInfo_to_exitCode.log_LineInfo] Generated code: C:\Users\vexas\.st_workbench\projects\BrushlessMoCo_2026Rev1\Inc\main.h
2026-04-21 18:38:16,863 DEBUG [LineInfo_to_exitCode.log_LineInfo] 2026-04-21 18:38:16,862 [INFO] CodeEngine:267 - oldGeneratedFile, C:\Users\vexas\.st_workbench\projects\BrushlessMoCo_2026Rev1\Src\main.c_save
2026-04-21 18:38:17,244 INFO  [LineInfo_to_exitCode.log_LineInfo] Generated code: C:\Users\vexas\.st_workbench\projects\BrushlessMoCo_2026Rev1\Src\main.c
2026-04-21 18:38:18,142 DEBUG [LineInfo_to_exitCode.log_LineInfo] 2026-04-21 18:38:18,141 [INFO] ProjectBuilder:3706 - Time for Copy HAL[0] : 462mS.
2026-04-21 18:38:18,177 DEBUG [LineInfo_to_exitCode.log_LineInfo] 2026-04-21 18:38:18,177 [INFO] ProjectBuilder:5316 - Project Generator version: 4.8.0-B50
2026-04-21 18:38:18,383 DEBUG [LineInfo_to_exitCode.log_LineInfo] 2026-04-21 18:38:18,383 [INFO] ConfigFileManager:1609 - The Die is : DIE468
2026-04-21 18:38:18,418 DEBUG [LineInfo_to_exitCode.log_LineInfo] 2026-04-21 18:38:18,417 [INFO] ApiDbMcu:532 - Load IP Config File for FATFS
2026-04-21 18:38:18,443 DEBUG [LineInfo_to_exitCode.log_LineInfo] 2026-04-21 18:38:18,443 [INFO] ApiDbMcu:532 - Load IP Config File for FREERTOS
2026-04-21 18:38:18,474 DEBUG [LineInfo_to_exitCode.log_LineInfo] 2026-04-21 18:38:18,474 [INFO] ApiDbMcu:532 - Load IP Config File for USBPD
2026-04-21 18:38:18,509 DEBUG [LineInfo_to_exitCode.log_LineInfo] 2026-04-21 18:38:18,508 [INFO] ApiDbMcu:532 - Load IP Config File for USB_DEVICE
2026-04-21 18:38:20,287 DEBUG [LineInfo_to_exitCode.log_LineInfo] 2026-04-21 18:38:20,286 [INFO] ConfigFileManager:3148 - mx.scratch is deleted!
2026-04-21 18:38:20,289 DEBUG [LineInfo_to_exitCode.log_LineInfo] 2026-04-21 18:38:20,287 [INFO] ProjectBuilder:5596 - Time for Generating toolchain IDE Files: 2113mS.
2026-04-21 18:38:21,682 DEBUG [LineInfo_to_exitCode.log_LineInfo] 2026-04-21 18:38:21,681 [INFO] ProjectBuilder:3563 - Time for Copy CMSIS : 1393mS.
2026-04-21 18:38:22,309 DEBUG [LineInfo_to_exitCode.log_LineInfo] 2026-04-21 18:38:22,307 [INFO] ProjectBuilder:3563 - Time for Copy CMSIS : 616mS.
2026-04-21 18:38:22,498 DEBUG [LineInfo_to_exitCode.log_LineInfo] 2026-04-21 18:38:22,497 [INFO] MainFileManager:740 - Exiting application...
2026-04-21 18:38:22,837 DEBUG [LineInfo_to_exitCode.log_LineInfo] 2026-04-21 18:38:22,837 [INFO] LoadUrlFilesThread:185 - End of LoadServerUrlFiles without Thread
2026-04-21 18:38:23,005 DEBUG [LineInfo_to_exitCode.log_LineInfo] 2026-04-21 18:38:23,005 [INFO] ServerAccessManage:452 - Complete download http(s) 200
2026-04-21 18:38:23,007 DEBUG [LineInfo_to_exitCode.log_LineInfo] 2026-04-21 18:38:23,005 [INFO] ServerAccessManage:509 - Download File 
2026-04-21 18:38:23,008 DEBUG [LineInfo_to_exitCode.log_LineInfo] 2026-04-21 18:38:23,008 [INFO] LoadUrlFilesThread:185 - End of LoadServerUrlFiles without Thread
2026-04-21 18:38:23,015 DEBUG [LineInfo_to_exitCode.log_LineInfo] 2026-04-21 18:38:23,015 [INFO] DbMcusAds:53 - JSON generation date=Fri Apr 10 04:19:02 COT 2026 (1775812742310)
2026-04-21 18:38:23,016 DEBUG [LineInfo_to_exitCode.log_LineInfo] 2026-04-21 18:38:23,016 [INFO] LoadUrlFilesThread:185 - End of LoadServerUrlFiles without Thread
2026-04-21 18:38:23,017 DEBUG [LineInfo_to_exitCode.log_LineInfo] 2026-04-21 18:38:23,016 [INFO] MainFileManager:802 - Refresh advertisement image is successful
2026-04-21 18:38:23,020 DEBUG [LineInfo_to_exitCode.log_LineInfo] 2026-04-21 18:38:23,019 [INFO] ApplicationProperties:184 - Using Application install path: C:\Users\vexas\AppData\Local\Programs\STM32CubeMX
2026-04-21 18:38:23,020 DEBUG [LineInfo_to_exitCode.log_LineInfo] 2026-04-21 18:38:23,020 [INFO] ApplicationProperties:184 - Using Application install path: C:\Users\vexas\AppData\Local\Programs\STM32CubeMX
2026-04-21 18:38:25,308 DEBUG [LineInfo_to_exitCode.log_LineInfo] 2026-04-21 18:38:25,299 [INFO] WebApp:179 - JxBrowser engine has been closed 
2026-04-21 18:38:25,311 DEBUG [LineInfo_to_exitCode.log_LineInfo] 2026-04-21 18:38:25,307 [INFO] WebApp:330 - Close the Jxbrowser engine manually
2026-04-21 18:40:52,526 DEBUG [IOCDialogController.lambda$onClose$8] IOCGenerationDialog exists with return code 1
